violence_physique,ctrl_score,ethnicite,transmission_intergen,alcool_partenaire,ecart_age,age_femme,religion,age_partenaire,region,occupation_partenaire,age_premiere_union,age_premier_rapport,richesse,education_partenaire,education_femme,attitude_score,autonomie_score,polygamie,residence_partenaire,milieu
1,3,98,0.0,2.0,16.0,31,1,47.0,5,62.0,13,13.0,2,0.0,2,0.0,0,0.0,1.0,1
0,1,3,0.0,,10.0,20,4,30.0,5,73.0,16,16.0,3,0.0,1,0.0,0,1.0,1.0,1
0,4,101,0.0,1.0,9.0,26,2,35.0,5,96.0,14,14.0,3,2.0,1,2.0,1,1.0,2.0,1
0,0,55,0.0,,14.0,37,4,51.0,5,12.0,17,18.0,3,2.0,0,0.0,0,0.0,1.0,1
0,4,54,0.0,,5.0,15,4,20.0,5,78.0,14,14.0,2,1.0,1,3.0,1,0.0,2.0,1
1,4,48,1.0,1.0,9.0,36,1,45.0,5,11.0,14,14.0,2,2.0,1,0.0,1,0.0,1.0,1
0,2,3,0.0,,9.0,18,4,27.0,5,66.0,15,16.0,3,2.0,1,0.0,0,0.0,1.0,1
0,0,48,0.0,,6.0,41,1,47.0,5,11.0,30,15.0,3,1.0,1,0.0,0,2.0,2.0,1
0,0,5,0.0,,20.0,40,4,60.0,5,75.0,13,14.0,3,0.0,0,0.0,0,1.0,2.0,1
1,4,55,0.0,,,32,2,,5,,19,17.0,3,,1,0.0,0,,,1
0,0,3,0.0,,9.0,16,4,25.0,5,66.0,13,14.0,2,1.0,1,0.0,1,0.0,1.0,1
1,0,101,0.0,2.0,11.0,26,5,37.0,5,42.0,19,15.0,3,2.0,0,0.0,0,0.0,1.0,1
1,3,33,1.0,1.0,1.0,27,1,28.0,5,52.0,14,14.0,2,2.0,1,4.0,0,0.0,1.0,1
0,4,256,1.0,0.0,1.0,33,1,34.0,4,11.0,14,15.0,2,2.0,1,0.0,0,0.0,1.0,2
1,0,256,0.0,2.0,,22,2,,4,,19,15.0,1,,1,0.0,0,,,2
0,4,256,0.0,1.0,19.0,18,1,37.0,4,46.0,16,16.0,3,3.0,2,3.0,2,0.0,1.0,2
1,0,256,1.0,2.0,-3.0,35,1,32.0,4,11.0,21,14.0,2,2.0,1,0.0,0,0.0,1.0,2
1,5,256,0.0,1.0,11.0,23,2,34.0,4,66.0,17,16.0,2,2.0,2,0.0,2,0.0,1.0,2
1,5,256,1.0,2.0,10.0,28,1,38.0,4,11.0,16,14.0,1,,1,4.0,0,0.0,1.0,2
0,0,256,1.0,1.0,8.0,35,2,43.0,4,11.0,16,14.0,3,1.0,1,0.0,0,0.0,1.0,2
0,0,256,0.0,,7.0,23,1,30.0,4,11.0,14,15.0,3,2.0,2,0.0,2,0.0,1.0,2
1,0,256,1.0,2.0,8.0,26,2,34.0,4,11.0,10,14.0,2,1.0,1,0.0,0,0.0,1.0,2
0,0,241,0.0,1.0,,49,2,,2,,26,16.0,3,,1,0.0,0,,,1
1,1,242,0.0,2.0,9.0,38,2,47.0,2,11.0,18,18.0,2,1.0,1,2.0,0,2.0,1.0,1
1,2,256,0.0,0.0,16.0,29,2,45.0,2,21.0,26,14.0,4,3.0,2,1.0,2,0.0,1.0,1
1,3,229,0.0,2.0,,49,3,,2,,13,14.0,2,,2,0.0,0,,,1
1,0,84,1.0,1.0,9.0,27,2,36.0,2,11.0,19,17.0,3,1.0,1,0.0,0,0.0,1.0,1
1,0,241,1.0,1.0,7.0,25,1,32.0,2,11.0,20,15.0,3,1.0,1,0.0,0,,1.0,1
1,5,235,0.0,1.0,22.0,20,1,42.0,2,72.0,17,15.0,4,2.0,2,1.0,0,0.0,1.0,1
1,5,238,1.0,,4.0,31,1,35.0,2,11.0,16,18.0,3,1.0,1,3.0,0,0.0,1.0,1
1,5,241,,1.0,5.0,22,1,27.0,2,62.0,14,15.0,3,1.0,2,0.0,0,,1.0,1
0,5,230,,1.0,2.0,21,2,23.0,2,41.0,16,17.0,3,1.0,1,0.0,1,,1.0,1
1,2,199,0.0,2.0,8.0,25,1,33.0,12,62.0,16,16.0,4,,1,1.0,0,,1.0,1
0,1,244,0.0,2.0,7.0,41,1,48.0,12,62.0,22,16.0,5,3.0,3,0.0,0,,1.0,1
1,1,183,0.0,,4.0,30,3,34.0,12,62.0,26,17.0,4,3.0,3,0.0,0,0.0,1.0,1
1,3,236,1.0,1.0,,31,1,,12,,25,18.0,5,,3,1.0,0,,,1
1,3,256,1.0,1.0,2.0,38,1,40.0,12,82.0,15,13.0,4,,1,1.0,3,1.0,2.0,1
0,2,78,0.0,1.0,3.0,47,2,50.0,1,11.0,15,15.0,1,1.0,1,1.0,0,0.0,1.0,2
0,0,78,0.0,,9.0,27,2,36.0,1,11.0,14,14.0,1,0.0,1,0.0,0,0.0,1.0,2
0,0,3,0.0,,11.0,30,4,41.0,1,0.0,15,16.0,1,0.0,0,0.0,0,0.0,1.0,2
0,0,3,0.0,,10.0,48,4,58.0,1,11.0,15,15.0,1,0.0,0,0.0,0,0.0,1.0,2
0,0,78,0.0,,7.0,18,4,25.0,1,0.0,16,16.0,2,0.0,1,0.0,0,1.0,2.0,2
0,0,3,0.0,,13.0,23,4,36.0,1,12.0,19,19.0,1,0.0,0,0.0,0,0.0,1.0,2
0,0,3,0.0,,,35,4,,1,,13,13.0,1,,0,0.0,0,,,2
0,0,3,0.0,,11.0,25,4,36.0,1,66.0,14,14.0,2,0.0,0,0.0,0,1.0,1.0,2
0,0,3,0.0,,10.0,35,4,45.0,1,12.0,17,18.0,2,0.0,0,0.0,0,0.0,2.0,2
0,0,3,0.0,,6.0,30,4,36.0,1,11.0,20,15.0,1,0.0,0,5.0,0,0.0,1.0,2
0,0,78,0.0,,8.0,18,2,26.0,1,11.0,17,17.0,1,2.0,2,1.0,0,0.0,1.0,2
0,0,3,0.0,,30.0,30,4,60.0,1,0.0,12,13.0,1,0.0,0,0.0,0,0.0,1.0,2
0,1,3,0.0,,7.0,28,4,35.0,1,11.0,13,14.0,1,0.0,0,1.0,0,1.0,1.0,2
0,0,3,0.0,,15.0,25,4,40.0,1,11.0,13,14.0,1,0.0,0,0.0,0,1.0,1.0,2
0,0,3,0.0,,3.0,25,4,28.0,1,11.0,22,23.0,1,0.0,0,0.0,0,0.0,1.0,2
0,4,144,1.0,0.0,,49,2,,8,,11,,5,,2,0.0,0,,,1
0,2,143,0.0,2.0,8.0,28,2,36.0,8,42.0,27,23.0,5,3.0,3,0.0,2,0.0,2.0,1
0,2,173,1.0,0.0,6.0,27,3,33.0,8,62.0,23,20.0,5,2.0,3,0.0,0,0.0,1.0,1
0,0,33,0.0,2.0,30.0,22,1,52.0,5,72.0,16,16.0,1,0.0,0,2.0,0,0.0,2.0,2
1,0,33,0.0,2.0,3.0,36,1,39.0,5,82.0,18,18.0,1,1.0,0,0.0,0,0.0,1.0,2
0,0,33,0.0,2.0,8.0,32,1,40.0,5,82.0,13,13.0,1,0.0,0,0.0,0,0.0,1.0,2
0,1,33,1.0,1.0,,47,1,,5,,17,18.0,3,,1,3.0,0,,,2
0,0,33,0.0,2.0,9.0,17,1,26.0,5,11.0,14,15.0,2,1.0,0,0.0,0,0.0,1.0,2
0,1,33,0.0,,8.0,20,1,28.0,5,11.0,19,19.0,1,2.0,1,0.0,0,0.0,1.0,2
0,0,33,0.0,,11.0,46,1,57.0,5,11.0,26,15.0,2,2.0,1,0.0,0,0.0,2.0,2
0,0,33,0.0,,,32,1,,5,,15,16.0,1,,0,0.0,0,,,2
1,1,33,1.0,1.0,2.0,26,2,28.0,5,11.0,19,16.0,2,2.0,2,2.0,0,0.0,1.0,2
0,0,33,0.0,,10.0,45,1,55.0,5,73.0,14,14.0,1,0.0,0,0.0,1,0.0,1.0,2
0,1,33,1.0,2.0,1.0,39,1,40.0,5,11.0,17,18.0,3,1.0,1,2.0,0,0.0,1.0,2
1,1,33,0.0,1.0,8.0,23,2,31.0,5,72.0,20,21.0,1,1.0,1,5.0,0,0.0,1.0,2
0,1,33,0.0,1.0,17.0,40,5,57.0,5,11.0,19,18.0,1,0.0,0,2.0,0,0.0,1.0,2
0,1,33,0.0,,18.0,20,1,38.0,5,44.0,16,17.0,1,2.0,1,3.0,0,0.0,1.0,2
0,0,33,0.0,,7.0,23,1,30.0,5,11.0,18,19.0,2,0.0,1,0.0,0,0.0,1.0,2
0,0,232,0.0,,13.0,48,2,61.0,6,0.0,11,,5,1.0,1,0.0,0,0.0,1.0,1
0,0,245,0.0,2.0,4.0,28,1,32.0,6,0.0,16,15.0,5,1.0,1,0.0,0,0.0,1.0,1
1,1,232,0.0,2.0,5.0,44,1,49.0,6,11.0,18,17.0,3,2.0,1,0.0,0,0.0,1.0,1
0,0,231,0.0,,6.0,24,1,30.0,6,72.0,20,19.0,4,,2,0.0,0,0.0,1.0,1
0,0,232,0.0,,5.0,28,1,33.0,6,61.0,26,18.0,4,2.0,2,0.0,0,0.0,1.0,1
0,1,208,0.0,,16.0,19,7,35.0,6,66.0,17,16.0,4,2.0,1,0.0,0,0.0,1.0,1
1,2,232,0.0,2.0,5.0,26,1,31.0,6,75.0,16,17.0,2,2.0,2,0.0,0,0.0,1.0,1
0,0,232,0.0,2.0,7.0,45,2,52.0,6,96.0,21,18.0,3,,2,0.0,1,0.0,1.0,1
0,0,244,0.0,,0.0,35,3,35.0,3,31.0,24,18.0,5,3.0,2,0.0,3,0.0,1.0,1
0,2,202,0.0,0.0,15.0,25,1,40.0,3,62.0,24,15.0,5,2.0,3,0.0,0,0.0,1.0,1
0,0,189,0.0,2.0,,39,1,,3,,27,20.0,5,,3,0.0,0,,,1
0,1,202,1.0,1.0,7.0,25,1,32.0,3,31.0,21,19.0,5,3.0,3,0.0,0,0.0,1.0,1
0,1,229,0.0,,3.0,34,3,37.0,3,0.0,24,18.0,5,2.0,2,0.0,0,0.0,1.0,1
0,1,144,0.0,2.0,6.0,33,2,39.0,3,44.0,26,18.0,5,3.0,3,0.0,0,0.0,1.0,1
0,0,202,0.0,0.0,4.0,29,1,33.0,3,43.0,23,21.0,5,3.0,3,0.0,0,0.0,1.0,1
0,1,202,0.0,2.0,,33,1,,3,,17,,5,,2,0.0,0,,,1
0,0,216,0.0,,4.0,26,2,30.0,3,61.0,24,16.0,5,2.0,3,0.0,0,0.0,1.0,1
1,2,144,1.0,1.0,4.0,32,1,36.0,3,66.0,30,17.0,5,1.0,1,0.0,0,1.0,1.0,1
0,3,245,1.0,,9.0,26,2,35.0,10,44.0,24,15.0,4,2.0,2,0.0,0,0.0,1.0,1
0,0,3,1.0,,7.0,23,4,30.0,10,62.0,14,14.0,4,3.0,1,0.0,0,1.0,2.0,1
0,2,176,,,11.0,22,4,33.0,10,66.0,13,,3,1.0,1,2.0,0,0.0,1.0,1
0,0,4,0.0,,13.0,27,4,40.0,10,73.0,18,17.0,4,2.0,2,0.0,0,0.0,1.0,1
1,1,245,0.0,,10.0,47,4,57.0,10,32.0,12,10.0,4,0.0,1,0.0,0,0.0,1.0,1
0,0,176,0.0,,8.0,17,4,25.0,10,66.0,15,15.0,4,2.0,2,3.0,0,0.0,1.0,1
0,2,176,0.0,,7.0,26,4,33.0,10,11.0,13,15.0,3,1.0,1,4.0,0,0.0,1.0,1
0,0,4,0.0,,8.0,32,4,40.0,10,73.0,18,16.0,4,1.0,1,0.0,0,0.0,2.0,1
0,0,45,0.0,,16.0,27,2,43.0,5,62.0,22,17.0,2,1.0,2,0.0,0,1.0,1.0,2
1,5,45,0.0,,5.0,33,2,38.0,5,11.0,25,15.0,2,1.0,0,0.0,0,1.0,1.0,2
0,0,15,0.0,,38.0,17,4,55.0,5,11.0,17,17.0,2,0.0,0,0.0,0,1.0,1.0,2
0,2,45,0.0,,13.0,39,2,52.0,5,11.0,15,15.0,2,0.0,0,0.0,0,0.0,1.0,2
0,1,45,0.0,,5.0,29,4,34.0,5,11.0,16,14.0,2,0.0,0,0.0,0,1.0,1.0,2
0,0,45,0.0,,6.0,34,3,40.0,5,11.0,15,16.0,2,0.0,0,0.0,0,0.0,1.0,2
0,1,45,0.0,,7.0,23,4,30.0,5,11.0,14,16.0,2,0.0,0,0.0,0,0.0,1.0,2
0,0,3,0.0,,15.0,35,4,50.0,5,12.0,15,14.0,2,0.0,0,0.0,0,0.0,1.0,2
1,0,45,0.0,,4.0,23,2,27.0,5,11.0,19,20.0,2,2.0,0,0.0,0,0.0,1.0,2
0,0,261,0.0,,1.0,25,1,26.0,5,62.0,17,16.0,2,1.0,1,0.0,0,0.0,1.0,2
0,1,45,0.0,,6.0,18,2,24.0,5,62.0,17,17.0,2,0.0,0,0.0,0,0.0,1.0,2
0,0,45,0.0,,5.0,40,2,45.0,5,11.0,17,16.0,2,0.0,1,0.0,0,0.0,1.0,2
1,0,45,0.0,2.0,2.0,43,2,45.0,5,11.0,18,18.0,2,0.0,1,4.0,0,0.0,1.0,2
0,0,45,0.0,,15.0,25,2,40.0,5,11.0,18,20.0,3,1.0,1,0.0,0,0.0,1.0,2
0,0,45,0.0,2.0,23.0,35,2,58.0,5,11.0,24,20.0,2,0.0,2,0.0,0,2.0,1.0,2
0,0,45,0.0,,31.0,27,2,58.0,5,11.0,15,14.0,2,0.0,0,3.0,0,2.0,1.0,2
0,0,245,0.0,,,34,1,,10,,17,15.0,3,,2,0.0,0,,,2
1,3,245,0.0,2.0,3.0,22,1,25.0,10,11.0,19,15.0,3,1.0,2,1.0,0,0.0,1.0,2
1,1,245,1.0,1.0,4.0,30,1,34.0,10,72.0,14,13.0,3,1.0,1,1.0,0,0.0,1.0,2
0,0,245,1.0,,0.0,33,1,33.0,10,11.0,16,16.0,2,2.0,2,0.0,0,1.0,1.0,2
0,0,245,0.0,,8.0,37,2,45.0,10,53.0,29,16.0,3,1.0,2,0.0,0,0.0,1.0,2
1,2,245,0.0,,4.0,32,2,36.0,10,41.0,14,,5,2.0,2,0.0,0,0.0,1.0,2
0,0,245,0.0,0.0,2.0,29,2,31.0,10,54.0,26,19.0,3,2.0,1,1.0,0,0.0,2.0,2
1,2,245,0.0,2.0,5.0,35,2,40.0,10,11.0,17,15.0,3,2.0,2,0.0,0,0.0,1.0,2
0,0,235,1.0,,6.0,48,2,54.0,10,11.0,23,15.0,2,2.0,1,0.0,0,0.0,1.0,2
0,1,245,0.0,,3.0,28,2,31.0,10,96.0,24,15.0,3,1.0,2,0.0,0,0.0,1.0,2
1,2,245,0.0,2.0,9.0,40,2,49.0,10,11.0,24,19.0,3,1.0,1,3.0,0,0.0,1.0,2
1,5,179,0.0,0.0,4.0,30,1,34.0,3,75.0,23,17.0,4,2.0,2,0.0,0,0.0,1.0,1
0,0,244,0.0,2.0,,46,1,,3,,25,16.0,5,,2,0.0,0,,,1
0,2,996,1.0,,1.0,44,96,45.0,3,11.0,24,23.0,4,2.0,2,0.0,0,0.0,1.0,1
1,3,244,1.0,2.0,10.0,27,2,37.0,3,72.0,22,19.0,5,2.0,3,0.0,1,0.0,1.0,1
1,4,202,0.0,1.0,0.0,45,1,45.0,3,62.0,14,17.0,5,1.0,1,0.0,0,,2.0,1
0,4,202,1.0,0.0,3.0,32,1,35.0,3,62.0,22,16.0,5,2.0,2,1.0,0,0.0,1.0,1
1,5,202,1.0,0.0,8.0,31,1,39.0,3,66.0,26,15.0,5,,2,1.0,0,0.0,2.0,1
1,4,202,,1.0,5.0,46,1,51.0,3,31.0,18,13.0,5,3.0,3,0.0,0,0.0,1.0,1
1,3,202,0.0,2.0,7.0,21,1,28.0,3,54.0,18,18.0,4,2.0,2,0.0,2,0.0,1.0,1
0,0,101,0.0,,7.0,24,3,31.0,5,33.0,20,21.0,3,3.0,2,0.0,0,0.0,1.0,1
0,0,47,0.0,,,29,2,,5,,13,14.0,2,,1,0.0,0,,,1
1,2,55,1.0,,16.0,36,2,52.0,5,42.0,16,15.0,3,2.0,1,1.0,0,0.0,1.0,1
1,5,55,0.0,2.0,0.0,28,2,28.0,5,54.0,20,17.0,3,2.0,2,2.0,0,0.0,1.0,1
1,4,202,1.0,2.0,3.0,27,1,30.0,5,61.0,25,18.0,4,2.0,1,1.0,0,0.0,1.0,1
0,0,47,1.0,0.0,3.0,18,3,21.0,5,72.0,16,16.0,3,2.0,0,5.0,0,0.0,1.0,1
0,0,60,0.0,,10.0,32,1,42.0,5,11.0,19,15.0,2,1.0,0,0.0,0,1.0,1.0,1
1,1,54,0.0,,11.0,18,4,29.0,5,62.0,16,15.0,4,2.0,2,1.0,0,0.0,1.0,1
1,2,55,0.0,1.0,8.0,22,1,30.0,5,54.0,12,13.0,2,1.0,0,3.0,0,0.0,1.0,1
0,0,47,1.0,,14.0,29,1,43.0,5,11.0,16,16.0,3,2.0,1,0.0,1,0.0,1.0,1
1,0,47,0.0,2.0,1.0,20,1,21.0,5,11.0,18,18.0,2,2.0,2,0.0,0,0.0,1.0,1
0,0,1,0.0,,,33,4,,5,,15,15.0,3,,0,1.0,0,,,1
0,1,54,0.0,,12.0,18,4,30.0,5,66.0,15,16.0,3,2.0,1,0.0,0,1.0,1.0,1
1,4,101,1.0,2.0,10.0,30,1,40.0,10,96.0,18,14.0,3,0.0,1,0.0,0,0.0,1.0,2
0,0,155,0.0,,5.0,25,2,30.0,10,42.0,22,23.0,4,2.0,2,0.0,0,0.0,1.0,2
1,0,244,0.0,1.0,-2.0,42,1,40.0,10,61.0,18,19.0,3,0.0,2,2.0,3,0.0,1.0,2
0,2,188,1.0,,21.0,37,1,58.0,10,31.0,27,19.0,5,2.0,2,0.0,0,0.0,1.0,2
1,1,232,1.0,2.0,4.0,40,1,44.0,10,21.0,17,14.0,5,2.0,2,0.0,2,0.0,1.0,2
0,4,996,0.0,,6.0,22,1,28.0,10,21.0,18,18.0,4,3.0,2,0.0,0,0.0,1.0,2
0,0,177,0.0,2.0,13.0,20,1,33.0,10,66.0,18,18.0,5,2.0,2,0.0,0,0.0,1.0,2
0,3,188,0.0,2.0,,36,1,,2,,26,18.0,5,,2,0.0,0,,,1
1,1,185,0.0,2.0,5.0,27,96,32.0,2,66.0,17,16.0,4,2.0,2,0.0,2,0.0,1.0,1
0,0,199,0.0,,4.0,28,3,32.0,2,33.0,23,23.0,5,3.0,3,0.0,0,0.0,1.0,1
0,0,245,0.0,,1.0,40,1,41.0,2,33.0,27,17.0,5,2.0,2,0.0,0,0.0,1.0,1
1,4,236,0.0,2.0,,46,1,,2,,22,16.0,5,,2,0.0,0,,,1
0,2,202,0.0,2.0,10.0,22,1,32.0,2,62.0,16,,5,2.0,2,0.0,0,0.0,1.0,1
1,3,176,1.0,,0.0,19,4,19.0,2,66.0,14,14.0,4,2.0,2,0.0,0,0.0,1.0,1
0,2,202,0.0,,5.0,33,1,38.0,2,72.0,22,14.0,4,1.0,1,0.0,0,0.0,1.0,1
0,2,179,0.0,0.0,9.0,22,1,31.0,2,66.0,22,20.0,4,2.0,2,0.0,0,,1.0,1
1,1,236,1.0,,,25,1,,2,,22,15.0,4,,1,0.0,0,,,1
0,0,202,1.0,1.0,10.0,48,2,58.0,9,78.0,20,16.0,2,1.0,1,2.0,1,0.0,1.0,2
0,1,202,0.0,1.0,1.0,33,1,34.0,9,66.0,24,18.0,3,1.0,1,0.0,0,0.0,2.0,2
0,0,202,,2.0,15.0,31,2,46.0,9,71.0,12,14.0,2,1.0,0,5.0,3,0.0,1.0,2
1,0,202,0.0,1.0,28.0,40,2,68.0,9,11.0,20,18.0,2,1.0,2,2.0,0,2.0,2.0,2
1,0,202,0.0,2.0,11.0,39,3,50.0,9,11.0,13,15.0,2,1.0,2,0.0,0,0.0,2.0,2
0,1,202,0.0,1.0,7.0,28,1,35.0,9,66.0,19,19.0,2,2.0,2,3.0,0,0.0,2.0,2
0,0,202,0.0,2.0,5.0,40,1,45.0,9,66.0,17,18.0,2,2.0,2,0.0,2,0.0,2.0,2
1,2,202,0.0,1.0,,33,2,,9,,24,,2,,2,0.0,0,,,2
1,2,151,0.0,0.0,24.0,31,1,55.0,11,42.0,24,17.0,5,2.0,2,0.0,0,0.0,1.0,1
0,2,213,,0.0,,26,1,,11,,19,15.0,5,,2,0.0,0,,,1
0,1,213,0.0,,6.0,32,1,38.0,11,42.0,25,18.0,5,3.0,2,0.0,0,0.0,1.0,1
0,0,107,1.0,0.0,9.0,34,2,43.0,11,0.0,16,17.0,5,2.0,2,0.0,1,,1.0,1
0,1,218,1.0,1.0,4.0,46,2,50.0,11,11.0,15,12.0,5,2.0,1,2.0,0,0.0,1.0,1
0,0,158,,,5.0,25,1,30.0,11,72.0,22,18.0,4,2.0,2,0.0,0,0.0,1.0,1
0,1,190,0.0,,7.0,22,2,29.0,11,96.0,22,16.0,5,2.0,2,0.0,1,0.0,1.0,1
0,1,167,,,5.0,29,1,34.0,11,96.0,24,22.0,4,2.0,3,0.0,1,0.0,1.0,1
1,4,143,1.0,2.0,,25,1,,11,,19,16.0,4,,2,5.0,0,,,1
0,1,218,0.0,2.0,,22,1,,11,,19,15.0,3,,2,0.0,0,,,1
1,3,195,0.0,,0.0,42,3,42.0,11,31.0,21,15.0,5,3.0,2,0.0,0,0.0,1.0,1
0,1,996,0.0,0.0,4.0,23,1,27.0,11,66.0,18,17.0,4,2.0,1,0.0,0,0.0,1.0,1
0,1,202,0.0,,10.0,30,1,40.0,11,62.0,22,18.0,5,1.0,3,2.0,1,0.0,1.0,1
0,1,996,0.0,,2.0,23,1,25.0,11,72.0,20,15.0,5,2.0,2,0.0,0,0.0,1.0,1
0,2,213,0.0,2.0,2.0,43,2,45.0,11,73.0,26,15.0,5,2.0,2,0.0,0,0.0,2.0,1
0,0,261,,,8.0,40,2,48.0,11,11.0,34,20.0,5,2.0,2,0.0,0,0.0,1.0,1
0,0,143,0.0,2.0,5.0,37,2,42.0,11,72.0,16,17.0,3,2.0,1,0.0,3,0.0,2.0,1
1,4,146,0.0,2.0,5.0,28,1,33.0,11,42.0,26,18.0,4,3.0,3,5.0,0,0.0,1.0,1
0,2,165,1.0,0.0,13.0,35,2,48.0,11,46.0,12,13.0,5,2.0,1,0.0,0,0.0,1.0,1
0,0,177,0.0,,8.0,25,1,33.0,11,83.0,13,17.0,4,2.0,2,5.0,1,0.0,1.0,1
0,0,195,0.0,,9.0,26,1,35.0,11,66.0,23,22.0,4,1.0,1,0.0,0,0.0,2.0,1
0,0,143,0.0,2.0,2.0,30,2,32.0,11,72.0,25,25.0,4,1.0,2,0.0,0,0.0,1.0,1
0,0,189,0.0,,,38,1,,2,,17,18.0,4,,0,0.0,0,,,2
1,4,248,1.0,2.0,9.0,31,1,40.0,2,77.0,19,15.0,5,2.0,2,0.0,1,0.0,1.0,2
1,3,236,0.0,2.0,4.0,31,1,35.0,2,66.0,13,15.0,3,2.0,1,0.0,0,0.0,1.0,2
0,2,227,0.0,0.0,4.0,38,1,42.0,2,83.0,24,21.0,5,3.0,2,0.0,0,,2.0,2
0,2,225,1.0,0.0,2.0,33,1,35.0,2,77.0,24,16.0,3,1.0,1,0.0,0,0.0,1.0,2
0,0,190,1.0,,4.0,35,1,39.0,2,66.0,16,15.0,4,2.0,1,0.0,0,0.0,1.0,2
1,3,236,1.0,2.0,10.0,24,1,34.0,2,72.0,20,15.0,4,2.0,1,5.0,2,0.0,1.0,2
1,1,261,1.0,1.0,2.0,33,2,35.0,2,63.0,16,15.0,2,1.0,0,5.0,0,,1.0,2
0,2,190,0.0,2.0,6.0,30,2,36.0,2,62.0,17,15.0,4,2.0,1,0.0,1,,1.0,2
1,2,33,0.0,2.0,6.0,29,2,35.0,2,54.0,23,13.0,4,,2,0.0,1,1.0,1.0,2
1,3,193,0.0,1.0,9.0,24,2,33.0,2,62.0,19,17.0,3,2.0,2,3.0,1,0.0,1.0,2
0,0,78,1.0,1.0,9.0,24,2,33.0,4,72.0,14,14.0,2,1.0,1,0.0,0,0.0,1.0,2
0,3,253,1.0,1.0,2.0,16,3,18.0,4,62.0,14,14.0,3,1.0,1,0.0,0,0.0,1.0,2
0,3,78,0.0,1.0,4.0,17,3,21.0,4,62.0,15,14.0,2,2.0,1,1.0,1,0.0,1.0,2
1,3,78,1.0,1.0,9.0,16,1,25.0,4,62.0,15,14.0,2,1.0,1,0.0,0,0.0,1.0,2
1,3,78,1.0,0.0,,23,1,,4,,18,14.0,2,,0,4.0,0,,,2
0,4,253,1.0,1.0,7.0,33,2,40.0,4,62.0,28,14.0,3,1.0,2,0.0,0,0.0,1.0,2
0,3,78,1.0,1.0,3.0,19,2,22.0,4,62.0,15,13.0,2,1.0,1,0.0,0,0.0,1.0,2
0,0,3,1.0,2.0,23.0,43,2,66.0,4,62.0,15,15.0,2,1.0,1,0.0,0,0.0,1.0,2
0,2,3,0.0,,19.0,21,4,40.0,4,78.0,15,14.0,3,2.0,1,3.0,0,0.0,1.0,2
1,4,78,0.0,1.0,6.0,24,3,30.0,4,62.0,15,11.0,3,1.0,1,2.0,1,0.0,1.0,2
1,3,78,1.0,,11.0,20,1,31.0,4,62.0,16,15.0,3,1.0,1,1.0,0,0.0,1.0,2
1,4,253,0.0,2.0,9.0,16,3,25.0,4,66.0,14,10.0,3,1.0,1,0.0,0,0.0,1.0,2
0,4,3,0.0,1.0,30.0,28,1,58.0,4,11.0,27,15.0,4,1.0,1,0.0,0,2.0,1.0,2
0,2,257,0.0,,18.0,24,3,42.0,4,44.0,23,23.0,3,2.0,2,0.0,0,0.0,1.0,2
1,4,78,1.0,2.0,4.0,38,2,42.0,4,62.0,14,15.0,3,1.0,1,0.0,0,0.0,1.0,2
1,1,3,0.0,,7.0,28,4,35.0,4,76.0,16,14.0,4,1.0,1,2.0,0,1.0,1.0,1
0,2,3,0.0,,6.0,40,4,46.0,4,12.0,19,18.0,3,0.0,0,0.0,0,2.0,1.0,1
0,0,78,0.0,2.0,5.0,20,2,25.0,4,66.0,17,13.0,4,2.0,2,0.0,1,0.0,1.0,1
1,5,229,1.0,2.0,6.0,29,1,35.0,4,42.0,20,16.0,4,2.0,2,3.0,0,0.0,1.0,1
0,3,3,0.0,,7.0,18,4,25.0,4,66.0,15,16.0,3,1.0,1,0.0,0,0.0,1.0,1
1,3,179,1.0,1.0,6.0,38,1,44.0,4,62.0,20,16.0,4,2.0,2,0.0,0,0.0,1.0,1
0,0,3,0.0,,30.0,38,4,68.0,4,62.0,14,14.0,4,0.0,0,0.0,0,0.0,1.0,1
0,1,176,0.0,,0.0,27,4,27.0,4,62.0,16,16.0,3,2.0,2,3.0,0,0.0,1.0,1
0,2,3,0.0,,20.0,20,4,40.0,4,62.0,12,13.0,3,1.0,0,0.0,0,0.0,1.0,1
0,3,3,0.0,,7.0,32,4,39.0,4,62.0,15,16.0,4,2.0,1,0.0,0,0.0,1.0,1
0,1,3,0.0,,5.0,18,4,23.0,4,66.0,17,16.0,4,2.0,1,4.0,0,0.0,1.0,1
0,3,3,0.0,,18.0,27,4,45.0,4,62.0,17,14.0,5,2.0,1,1.0,0,0.0,1.0,1
0,0,3,0.0,,10.0,32,4,42.0,4,62.0,22,15.0,3,1.0,0,0.0,0,1.0,1.0,1
0,3,3,0.0,,8.0,16,4,24.0,4,66.0,15,15.0,5,1.0,1,0.0,0,0.0,1.0,1
0,3,3,0.0,,7.0,18,4,25.0,4,62.0,17,17.0,4,1.0,1,2.0,0,0.0,1.0,1
0,4,3,0.0,,5.0,21,4,26.0,4,66.0,19,20.0,4,2.0,1,3.0,0,0.0,1.0,1
0,2,253,1.0,2.0,1.0,40,1,41.0,4,33.0,26,16.0,4,2.0,2,0.0,0,0.0,1.0,1
1,4,88,0.0,2.0,16.0,24,1,40.0,8,66.0,21,20.0,4,1.0,2,1.0,0,0.0,1.0,1
0,2,167,0.0,,8.0,23,4,31.0,8,73.0,20,19.0,4,1.0,2,2.0,0,0.0,1.0,1
1,2,167,0.0,2.0,3.0,21,1,24.0,8,72.0,20,19.0,4,1.0,3,2.0,0,0.0,1.0,1
0,0,996,1.0,0.0,,38,1,,8,,14,18.0,4,,1,3.0,0,,,1
1,5,88,0.0,1.0,12.0,28,1,40.0,8,96.0,23,17.0,4,1.0,2,1.0,1,0.0,1.0,1
1,1,167,0.0,0.0,8.0,30,1,38.0,8,72.0,20,14.0,3,1.0,1,2.0,0,,1.0,1
0,3,167,0.0,2.0,6.0,32,1,38.0,8,61.0,28,18.0,2,1.0,1,0.0,0,0.0,1.0,1
0,2,167,0.0,,3.0,21,1,24.0,8,61.0,18,17.0,3,1.0,1,0.0,0,0.0,1.0,1
0,0,189,1.0,0.0,7.0,25,1,32.0,8,72.0,21,18.0,3,2.0,3,0.0,1,0.0,2.0,1
1,2,88,0.0,0.0,,28,4,,8,,18,13.0,3,,2,0.0,0,,,1
1,0,88,,2.0,,48,2,,8,,20,12.0,3,,2,4.0,0,,,1
1,4,254,0.0,2.0,20.0,40,2,60.0,8,11.0,15,14.0,2,0.0,0,3.0,0,0.0,1.0,2
1,4,174,0.0,2.0,,30,2,,8,,22,22.0,2,,1,5.0,0,,,2
0,1,174,1.0,,,41,2,,8,,15,15.0,2,,1,5.0,0,,,2
0,2,3,1.0,,10.0,17,4,27.0,8,,13,15.0,2,1.0,0,4.0,0,1.0,1.0,2
0,0,174,0.0,,6.0,39,2,45.0,8,66.0,25,15.0,1,1.0,0,2.0,0,0.0,1.0,2
0,1,232,1.0,2.0,8.0,25,2,33.0,8,,12,,1,2.0,2,1.0,0,0.0,2.0,2
0,2,174,0.0,,10.0,30,2,40.0,8,11.0,16,16.0,2,1.0,1,0.0,0,0.0,1.0,2
1,0,996,0.0,,11.0,35,2,46.0,8,11.0,18,18.0,2,1.0,1,0.0,0,0.0,1.0,2
1,0,996,1.0,,-2.0,38,2,36.0,8,11.0,24,17.0,2,1.0,1,5.0,0,0.0,1.0,2
0,1,174,0.0,1.0,,43,2,,8,,20,16.0,1,,0,5.0,0,,,2
1,2,236,1.0,,,24,1,,12,,14,14.0,4,,2,0.0,0,,,1
0,3,236,,0.0,5.0,23,3,28.0,12,72.0,21,18.0,4,2.0,2,0.0,1,0.0,2.0,1
1,4,236,0.0,2.0,6.0,40,1,46.0,12,51.0,22,18.0,5,3.0,3,0.0,0,0.0,1.0,1
1,5,236,1.0,2.0,,40,1,,12,,16,16.0,3,,2,0.0,0,,,1
0,1,236,1.0,,2.0,47,1,49.0,12,52.0,26,17.0,5,2.0,2,0.0,0,0.0,1.0,1
1,2,236,0.0,0.0,3.0,29,1,32.0,12,52.0,22,19.0,5,2.0,2,1.0,3,0.0,2.0,1
1,2,208,0.0,,3.0,26,1,29.0,12,66.0,17,18.0,4,1.0,1,0.0,0,0.0,1.0,1
1,1,236,0.0,2.0,8.0,32,1,40.0,12,33.0,21,16.0,5,3.0,2,0.0,1,0.0,1.0,1
1,3,236,1.0,,,31,1,,12,,16,16.0,4,,2,0.0,0,,,1
0,2,236,1.0,2.0,13.0,37,2,50.0,12,96.0,34,18.0,5,3.0,2,0.0,3,0.0,2.0,1
1,3,227,1.0,,5.0,38,2,43.0,12,62.0,20,18.0,5,2.0,2,0.0,1,0.0,1.0,1
1,3,229,0.0,,0.0,38,1,38.0,12,41.0,27,20.0,5,2.0,2,0.0,1,0.0,1.0,1
0,0,236,0.0,2.0,3.0,28,1,31.0,12,31.0,25,19.0,5,3.0,2,0.0,0,0.0,1.0,1
1,2,245,,2.0,2.0,34,2,36.0,12,62.0,21,,5,2.0,2,0.0,0,0.0,1.0,1
1,2,225,0.0,1.0,11.0,27,1,38.0,12,66.0,16,16.0,5,2.0,2,3.0,1,0.0,1.0,1
0,2,78,0.0,,15.0,23,4,38.0,12,32.0,19,18.0,5,1.0,1,0.0,0,0.0,1.0,1
1,0,244,0.0,2.0,6.0,28,1,34.0,12,72.0,25,16.0,5,2.0,2,1.0,2,0.0,1.0,1
1,3,232,0.0,0.0,13.0,43,1,56.0,3,41.0,15,,5,1.0,1,0.0,2,0.0,1.0,1
1,2,233,0.0,2.0,,26,96,,3,,25,20.0,5,,2,0.0,0,,,1
0,0,232,,,11.0,35,3,46.0,3,24.0,24,21.0,5,2.0,2,0.0,0,0.0,1.0,1
0,0,159,0.0,,7.0,31,1,38.0,3,62.0,31,18.0,4,1.0,2,0.0,0,0.0,2.0,1
1,3,232,1.0,1.0,2.0,28,1,30.0,3,82.0,22,17.0,5,2.0,2,0.0,0,0.0,1.0,1
0,1,232,0.0,2.0,5.0,28,1,33.0,3,96.0,24,17.0,5,3.0,2,0.0,0,,1.0,1
1,4,996,0.0,2.0,4.0,35,1,39.0,3,66.0,20,16.0,5,1.0,2,0.0,0,0.0,1.0,1
1,4,32,1.0,1.0,11.0,31,3,42.0,3,33.0,14,14.0,5,2.0,1,0.0,3,2.0,2.0,1
0,0,193,0.0,,13.0,49,1,62.0,3,72.0,17,18.0,4,2.0,1,0.0,0,0.0,1.0,1
1,1,232,0.0,2.0,-1.0,30,3,29.0,3,62.0,25,18.0,5,3.0,3,0.0,0,0.0,1.0,1
0,1,232,0.0,,8.0,38,1,46.0,3,42.0,33,17.0,5,2.0,3,0.0,0,0.0,1.0,1
0,4,219,1.0,0.0,11.0,45,4,56.0,3,77.0,21,20.0,5,1.0,2,3.0,0,0.0,1.0,1
0,0,232,0.0,,3.0,38,3,41.0,3,62.0,29,18.0,5,2.0,2,0.0,0,0.0,1.0,1
0,0,185,0.0,,5.0,33,1,38.0,3,0.0,16,18.0,4,,2,0.0,3,0.0,2.0,1
1,3,236,,1.0,10.0,28,1,38.0,2,14.0,19,14.0,3,0.0,2,0.0,2,0.0,1.0,2
1,3,236,1.0,1.0,12.0,31,1,43.0,2,72.0,16,14.0,2,2.0,1,1.0,0,0.0,1.0,2
1,5,236,1.0,2.0,12.0,17,1,29.0,2,66.0,15,11.0,2,1.0,2,0.0,0,0.0,1.0,2
0,4,237,0.0,,10.0,39,1,49.0,2,66.0,20,15.0,3,2.0,1,0.0,0,0.0,1.0,2
0,0,236,,,5.0,16,1,21.0,2,11.0,15,15.0,2,2.0,2,4.0,2,0.0,1.0,2
1,1,236,1.0,,4.0,26,1,30.0,2,11.0,16,16.0,3,2.0,2,4.0,1,0.0,1.0,2
0,2,236,0.0,,3.0,24,1,27.0,2,11.0,15,13.0,2,2.0,1,2.0,0,0.0,1.0,2
0,5,84,0.0,,6.0,20,4,26.0,1,66.0,15,16.0,2,1.0,0,4.0,0,0.0,1.0,2
0,2,3,0.0,,5.0,25,4,30.0,1,11.0,21,13.0,1,0.0,0,3.0,0,1.0,1.0,2
0,0,89,0.0,,7.0,27,4,34.0,1,11.0,22,18.0,1,0.0,0,0.0,0,0.0,1.0,2
0,1,89,0.0,,13.0,35,4,48.0,1,11.0,21,16.0,2,1.0,0,0.0,0,1.0,1.0,2
0,5,3,0.0,,8.0,18,4,26.0,1,62.0,15,15.0,3,0.0,0,0.0,0,0.0,2.0,2
0,5,3,0.0,,,30,4,,1,,17,18.0,1,,0,0.0,0,,,2
1,2,3,0.0,,,23,4,,1,,20,19.0,1,,0,2.0,0,,,2
0,0,89,0.0,,,30,4,,1,,15,15.0,1,,0,0.0,0,,,2
0,5,89,0.0,,25.0,15,4,40.0,1,11.0,14,13.0,2,0.0,1,5.0,0,1.0,1.0,2
0,0,3,0.0,,31.0,39,4,70.0,1,0.0,24,25.0,1,0.0,0,0.0,0,1.0,1.0,2
0,4,3,0.0,,26.0,34,4,60.0,1,11.0,15,15.0,2,0.0,0,0.0,0,1.0,1.0,2
0,0,89,0.0,,10.0,34,4,44.0,1,11.0,16,15.0,2,1.0,0,0.0,0,1.0,1.0,2
0,2,154,0.0,,6.0,26,4,32.0,1,11.0,12,12.0,1,0.0,0,0.0,0,1.0,1.0,2
0,5,3,0.0,,,43,4,,1,,19,17.0,1,,0,0.0,0,,,2
0,0,3,0.0,,15.0,31,4,46.0,1,12.0,14,14.0,2,1.0,0,0.0,0,2.0,1.0,2
0,2,3,0.0,,10.0,18,4,28.0,5,11.0,13,14.0,2,1.0,0,5.0,0,0.0,1.0,2
0,0,13,1.0,,14.0,44,2,58.0,5,62.0,15,16.0,1,0.0,0,1.0,0,0.0,1.0,2
0,3,36,0.0,,17.0,38,4,55.0,5,66.0,15,15.0,3,2.0,1,0.0,0,0.0,1.0,2
0,0,3,0.0,,6.0,16,4,22.0,5,62.0,14,14.0,2,1.0,1,1.0,0,0.0,1.0,2
1,1,31,0.0,2.0,14.0,23,5,37.0,5,11.0,14,14.0,1,1.0,0,0.0,0,2.0,1.0,2
0,0,3,0.0,,5.0,34,4,39.0,5,11.0,18,14.0,2,1.0,0,0.0,0,0.0,1.0,2
1,4,3,0.0,,11.0,19,4,30.0,5,11.0,13,14.0,2,1.0,1,5.0,0,0.0,1.0,2
1,1,36,0.0,,,49,4,,5,,26,14.0,2,,0,0.0,0,,,2
1,0,31,0.0,2.0,1.0,37,2,38.0,5,11.0,26,20.0,1,1.0,0,0.0,0,0.0,1.0,2
0,0,36,0.0,,6.0,31,2,37.0,5,73.0,16,16.0,1,1.0,1,0.0,0,0.0,1.0,2
1,2,36,0.0,,12.0,26,4,38.0,5,42.0,21,20.0,2,2.0,1,1.0,0,0.0,1.0,2
1,0,31,0.0,,,46,4,,5,,14,15.0,1,,0,2.0,0,,,2
0,0,31,0.0,,30.0,30,4,60.0,5,24.0,26,22.0,1,1.0,0,0.0,0,0.0,1.0,2
0,0,31,0.0,,9.0,38,4,47.0,5,11.0,15,16.0,1,0.0,0,4.0,0,0.0,1.0,2
0,4,3,0.0,,12.0,40,4,52.0,1,62.0,18,17.0,1,0.0,0,3.0,0,1.0,1.0,2
0,5,78,0.0,,5.0,25,2,30.0,1,11.0,20,20.0,1,1.0,1,0.0,0,0.0,1.0,2
0,0,78,0.0,,5.0,25,1,30.0,1,62.0,16,16.0,2,1.0,1,0.0,0,0.0,1.0,2
0,0,3,0.0,,6.0,30,4,36.0,1,62.0,23,23.0,2,0.0,0,0.0,0,0.0,1.0,2
0,1,78,0.0,,,41,2,,1,,13,15.0,2,,2,3.0,0,,,2
0,0,78,1.0,2.0,9.0,28,2,37.0,1,96.0,22,15.0,2,1.0,1,0.0,0,0.0,1.0,2
1,0,78,0.0,2.0,11.0,37,2,48.0,1,11.0,15,16.0,2,1.0,1,0.0,0,1.0,1.0,2
0,0,78,0.0,,,41,2,,1,,18,16.0,2,,1,0.0,0,,,2
0,0,3,0.0,,13.0,17,4,30.0,1,62.0,15,15.0,1,0.0,0,0.0,0,1.0,2.0,2
0,1,78,0.0,,3.0,39,4,42.0,1,11.0,18,15.0,2,1.0,0,0.0,0,0.0,1.0,2
0,0,78,0.0,,15.0,27,2,42.0,1,11.0,15,14.0,2,1.0,0,0.0,1,1.0,1.0,2
0,2,88,0.0,,40.0,32,1,72.0,8,11.0,16,15.0,3,1.0,1,4.0,1,1.0,2.0,2
0,2,176,0.0,0.0,11.0,27,2,38.0,8,72.0,20,16.0,1,2.0,2,5.0,1,0.0,1.0,2
0,1,176,0.0,,-2.0,40,2,38.0,8,42.0,14,13.0,3,2.0,1,4.0,1,0.0,1.0,2
0,4,176,0.0,,,19,2,,8,,16,16.0,2,,2,0.0,0,,,2
0,0,88,0.0,,6.0,39,3,45.0,8,72.0,25,18.0,2,1.0,1,0.0,0,0.0,2.0,2
1,4,176,0.0,0.0,7.0,23,2,30.0,8,11.0,19,19.0,2,2.0,2,3.0,0,0.0,2.0,2
1,3,176,0.0,,1.0,33,2,34.0,8,11.0,18,16.0,1,1.0,1,5.0,1,0.0,1.0,2
0,2,176,0.0,,4.0,22,2,26.0,8,,19,18.0,3,2.0,2,3.0,1,0.0,2.0,2
0,0,176,1.0,0.0,5.0,22,2,27.0,8,66.0,19,17.0,3,2.0,2,1.0,0,0.0,2.0,2
1,2,88,0.0,2.0,8.0,26,2,34.0,8,66.0,18,17.0,2,1.0,1,0.0,0,0.0,2.0,2
0,4,176,0.0,0.0,25.0,39,2,64.0,8,11.0,20,20.0,4,1.0,1,5.0,0,1.0,1.0,2
0,0,176,0.0,0.0,7.0,18,2,25.0,8,11.0,17,17.0,2,2.0,2,3.0,1,0.0,2.0,2
0,1,176,0.0,2.0,3.0,29,2,32.0,8,73.0,24,16.0,2,1.0,1,1.0,0,0.0,2.0,2
0,1,176,1.0,2.0,6.0,44,7,50.0,8,11.0,23,17.0,2,1.0,1,0.0,1,0.0,1.0,2
0,1,176,0.0,,6.0,22,2,28.0,8,72.0,18,19.0,3,1.0,2,0.0,0,0.0,1.0,2
0,2,88,1.0,0.0,4.0,26,2,30.0,8,73.0,24,23.0,3,1.0,1,3.0,0,0.0,2.0,2
0,2,88,0.0,0.0,9.0,33,2,42.0,8,54.0,28,15.0,3,1.0,1,3.0,0,0.0,1.0,2
1,3,176,0.0,0.0,12.0,27,2,39.0,8,11.0,18,17.0,2,1.0,1,2.0,1,0.0,1.0,2
0,5,227,0.0,,,32,2,,2,,29,16.0,2,,1,0.0,0,,,2
1,4,232,1.0,2.0,21.0,28,2,49.0,2,11.0,25,17.0,2,2.0,1,0.0,1,0.0,1.0,2
1,0,227,1.0,2.0,6.0,18,3,24.0,2,66.0,12,13.0,2,2.0,2,2.0,0,0.0,2.0,2
1,2,229,0.0,2.0,4.0,17,1,21.0,2,11.0,15,15.0,2,2.0,2,3.0,0,0.0,1.0,2
0,5,173,1.0,0.0,2.0,36,2,38.0,2,11.0,15,12.0,3,1.0,1,0.0,0,0.0,1.0,2
1,5,227,,1.0,-5.0,32,2,27.0,2,11.0,20,19.0,2,1.0,2,0.0,0,0.0,1.0,2
1,5,227,1.0,1.0,1.0,23,2,24.0,2,11.0,17,16.0,3,2.0,1,0.0,0,0.0,1.0,2
1,2,235,1.0,,7.0,19,2,26.0,2,11.0,16,15.0,2,1.0,2,3.0,0,0.0,1.0,2
0,4,996,0.0,,21.0,41,2,62.0,2,11.0,26,17.0,2,1.0,1,0.0,0,0.0,1.0,2
0,4,227,1.0,2.0,,25,2,,2,,22,12.0,3,,2,4.0,0,,,2
0,0,173,0.0,2.0,12.0,20,2,32.0,2,11.0,19,18.0,2,2.0,2,0.0,0,0.0,1.0,2
1,0,229,1.0,,,31,1,,2,,18,12.0,3,,1,0.0,0,,,2
1,2,996,1.0,2.0,,19,3,,2,,15,13.0,2,,2,1.0,0,,,2
0,2,227,,2.0,11.0,38,2,49.0,2,11.0,26,14.0,2,2.0,1,0.0,0,,1.0,2
1,3,227,0.0,2.0,,32,1,,2,,20,15.0,2,,1,0.0,0,,,2
0,5,49,1.0,,11.0,31,2,42.0,2,11.0,29,18.0,2,2.0,2,0.0,0,,1.0,2
1,2,227,1.0,,8.0,21,1,29.0,2,11.0,18,14.0,2,2.0,2,0.0,0,0.0,1.0,2
0,1,235,1.0,,5.0,26,2,31.0,2,11.0,19,16.0,2,1.0,2,0.0,0,0.0,1.0,2
0,1,245,1.0,,10.0,30,4,40.0,2,11.0,23,14.0,2,,2,0.0,0,0.0,1.0,2
0,1,89,1.0,1.0,0.0,38,1,38.0,2,11.0,37,15.0,3,1.0,1,0.0,1,0.0,1.0,2
1,2,155,0.0,,14.0,38,2,52.0,2,11.0,21,18.0,2,2.0,2,0.0,0,0.0,1.0,2
1,2,229,0.0,2.0,,47,1,,2,,16,16.0,3,,1,0.0,0,,,2
1,3,155,0.0,2.0,13.0,30,2,43.0,2,11.0,18,14.0,2,1.0,1,0.0,0,0.0,2.0,2
0,3,89,0.0,2.0,3.0,33,1,36.0,2,72.0,30,25.0,5,2.0,1,0.0,0,0.0,1.0,2
1,0,89,0.0,,14.0,32,4,46.0,2,11.0,17,,3,2.0,2,0.0,0,0.0,1.0,2
1,4,89,1.0,,3.0,24,1,27.0,2,73.0,18,16.0,3,2.0,2,2.0,0,0.0,1.0,2
0,0,244,0.0,,1.0,30,2,31.0,2,62.0,29,18.0,3,3.0,2,0.0,0,0.0,1.0,2
1,4,235,0.0,1.0,15.0,38,1,53.0,2,11.0,17,16.0,2,1.0,2,0.0,1,1.0,1.0,2
1,3,89,,2.0,,26,2,,2,,17,15.0,4,,1,0.0,0,,,2
0,0,89,0.0,,15.0,17,1,32.0,2,62.0,16,16.0,2,1.0,2,0.0,0,0.0,1.0,2
1,4,229,0.0,,7.0,29,2,36.0,2,11.0,19,19.0,2,1.0,1,0.0,0,0.0,1.0,2
1,0,84,1.0,,4.0,31,1,35.0,2,11.0,25,16.0,3,1.0,1,0.0,0,1.0,1.0,2
0,2,167,0.0,,5.0,33,1,38.0,8,66.0,14,,3,1.0,1,3.0,0,0.0,2.0,2
0,1,167,1.0,0.0,4.0,28,1,32.0,8,14.0,23,23.0,2,1.0,2,0.0,0,0.0,2.0,2
0,4,167,0.0,2.0,,37,4,,8,,19,15.0,3,,1,2.0,0,,,2
0,0,996,0.0,,8.0,31,4,39.0,8,11.0,20,17.0,2,1.0,1,5.0,1,0.0,1.0,2
1,1,167,0.0,,,28,4,,8,,16,15.0,3,,2,0.0,0,,,2
0,0,996,0.0,2.0,14.0,28,4,42.0,8,11.0,18,18.0,3,2.0,2,5.0,1,0.0,1.0,2
0,0,996,,2.0,2.0,18,4,20.0,8,66.0,17,15.0,2,1.0,2,5.0,0,0.0,1.0,2
0,2,167,0.0,,3.0,47,3,50.0,8,11.0,30,18.0,4,1.0,2,3.0,0,0.0,1.0,2
0,1,167,,2.0,11.0,34,4,45.0,8,62.0,20,19.0,3,1.0,1,0.0,0,3.0,2.0,2
0,1,167,0.0,,22.0,46,2,68.0,8,0.0,20,15.0,2,0.0,0,0.0,3,0.0,1.0,2
0,0,996,0.0,2.0,,45,4,,8,,19,18.0,3,,2,5.0,0,,,2
0,4,167,0.0,0.0,,48,1,,8,,18,14.0,3,,1,0.0,0,,,2
0,2,167,0.0,2.0,3.0,47,1,50.0,8,11.0,17,17.0,3,1.0,2,1.0,0,0.0,1.0,2
1,2,167,0.0,1.0,,28,1,,8,,21,14.0,2,,1,0.0,0,,,2
0,0,996,,,6.0,44,2,50.0,8,11.0,31,,2,1.0,1,5.0,1,1.0,1.0,2
0,2,167,0.0,0.0,,42,1,,8,,41,15.0,3,,1,1.0,0,,,2
0,0,31,0.0,,,40,4,,5,,23,14.0,2,,0,0.0,0,,,1
0,3,3,0.0,,11.0,30,4,41.0,5,66.0,14,14.0,3,0.0,0,5.0,0,0.0,1.0,1
0,3,996,0.0,,3.0,34,4,37.0,5,72.0,19,,3,2.0,1,0.0,1,1.0,1.0,1
0,0,31,0.0,,9.0,21,2,30.0,5,96.0,15,15.0,3,0.0,1,0.0,0,0.0,1.0,1
0,0,3,0.0,,5.0,28,4,33.0,5,66.0,18,18.0,3,1.0,0,1.0,0,0.0,1.0,1
0,3,37,0.0,,6.0,18,2,24.0,5,72.0,17,18.0,3,0.0,1,2.0,0,0.0,1.0,1
0,0,1,0.0,,13.0,27,4,40.0,5,62.0,21,19.0,4,0.0,1,0.0,1,0.0,1.0,1
0,2,31,0.0,,6.0,42,2,48.0,5,62.0,12,12.0,4,0.0,0,0.0,0,0.0,1.0,1
0,3,3,0.0,,31.0,23,4,54.0,5,72.0,12,,4,0.0,1,0.0,1,0.0,1.0,1
0,3,174,0.0,,9.0,27,2,36.0,1,78.0,16,16.0,3,1.0,2,0.0,0,0.0,1.0,2
0,1,84,0.0,1.0,,28,1,,1,,13,14.0,3,,1,0.0,0,,,2
0,1,84,,2.0,10.0,20,1,30.0,1,11.0,13,13.0,2,1.0,1,0.0,0,0.0,1.0,2
0,1,3,0.0,,10.0,30,4,40.0,1,62.0,18,18.0,1,0.0,0,1.0,0,0.0,1.0,2
0,2,84,0.0,,1.0,29,2,30.0,1,62.0,15,15.0,4,2.0,2,3.0,0,0.0,1.0,2
0,0,174,0.0,,8.0,22,2,30.0,1,11.0,17,17.0,2,0.0,2,0.0,0,0.0,1.0,2
0,0,84,0.0,,,35,1,,1,,15,15.0,3,,1,0.0,0,,,2
0,2,84,0.0,,4.0,21,1,25.0,1,11.0,15,15.0,2,0.0,1,0.0,0,0.0,1.0,2
0,0,84,0.0,,,34,1,,1,,19,19.0,2,,1,0.0,0,,,2
0,0,3,0.0,,25.0,20,4,45.0,1,12.0,15,14.0,1,0.0,1,2.0,0,1.0,1.0,2
0,4,84,0.0,,-2.0,32,4,30.0,1,62.0,13,14.0,3,0.0,0,0.0,0,0.0,1.0,2
0,1,84,,1.0,7.0,34,4,41.0,1,11.0,16,17.0,2,2.0,1,0.0,0,0.0,1.0,2
1,2,174,0.0,1.0,9.0,30,2,39.0,1,11.0,15,15.0,1,1.0,1,3.0,0,0.0,1.0,2
1,5,174,0.0,,2.0,43,2,45.0,1,11.0,24,20.0,2,0.0,1,0.0,0,0.0,1.0,2
1,5,84,0.0,,,43,4,,1,,17,18.0,3,,1,0.0,0,,,2
0,0,84,0.0,,23.0,32,2,55.0,1,46.0,14,15.0,3,2.0,1,0.0,0,1.0,2.0,2
0,0,18,0.0,,4.0,38,1,42.0,7,11.0,15,15.0,1,2.0,0,2.0,0,0.0,1.0,2
0,0,77,1.0,,9.0,16,4,25.0,7,11.0,16,16.0,1,1.0,0,4.0,0,0.0,1.0,2
0,1,77,0.0,,25.0,25,7,50.0,7,11.0,16,15.0,1,0.0,0,0.0,0,1.0,1.0,2
0,1,77,0.0,,25.0,25,4,50.0,7,11.0,21,20.0,1,0.0,1,0.0,0,3.0,1.0,2
0,3,77,0.0,,,24,4,,7,,13,14.0,1,,0,0.0,0,,,2
0,0,77,0.0,,21.0,49,5,70.0,7,11.0,17,16.0,2,0.0,0,0.0,0,1.0,1.0,2
0,0,77,0.0,,7.0,22,4,29.0,7,11.0,18,17.0,1,1.0,0,0.0,0,1.0,1.0,2
0,0,77,0.0,,24.0,18,4,42.0,7,11.0,14,14.0,1,0.0,0,3.0,0,1.0,1.0,2
0,0,77,0.0,,45.0,25,4,70.0,7,11.0,17,18.0,1,0.0,0,0.0,0,1.0,1.0,2
1,1,31,0.0,1.0,15.0,41,1,56.0,7,11.0,14,15.0,1,0.0,0,0.0,0,0.0,1.0,2
0,0,18,0.0,,10.0,35,1,45.0,7,11.0,15,14.0,1,0.0,0,4.0,0,1.0,1.0,2
1,1,77,1.0,2.0,15.0,25,7,40.0,7,11.0,13,13.0,1,0.0,0,5.0,0,2.0,1.0,2
0,2,77,1.0,,13.0,29,7,42.0,7,11.0,25,16.0,3,0.0,0,2.0,0,4.0,1.0,2
1,0,18,1.0,2.0,19.0,25,7,44.0,7,11.0,14,14.0,2,1.0,0,5.0,0,5.0,1.0,2
0,0,77,0.0,0.0,9.0,37,4,46.0,7,11.0,17,17.0,1,0.0,0,0.0,0,1.0,1.0,2
0,0,77,0.0,,20.0,45,7,65.0,7,11.0,42,16.0,1,0.0,0,0.0,0,1.0,1.0,2
0,0,77,0.0,,7.0,23,4,30.0,7,11.0,14,14.0,1,1.0,0,5.0,0,0.0,1.0,2
0,0,77,0.0,,20.0,22,4,42.0,7,11.0,16,16.0,2,0.0,1,1.0,0,1.0,1.0,2
1,2,185,0.0,2.0,0.0,26,1,26.0,9,66.0,25,18.0,5,1.0,2,1.0,3,0.0,1.0,2
0,3,202,0.0,1.0,8.0,32,1,40.0,9,72.0,30,20.0,2,2.0,2,0.0,1,0.0,1.0,2
1,5,202,0.0,2.0,,37,1,,9,,31,16.0,3,,2,1.0,0,,,2
1,1,202,0.0,,11.0,30,2,41.0,9,66.0,24,16.0,3,2.0,2,0.0,0,0.0,1.0,2
0,0,36,0.0,,5.0,20,5,25.0,5,62.0,14,14.0,1,0.0,2,0.0,2,0.0,1.0,2
0,0,31,0.0,2.0,17.0,39,5,56.0,5,11.0,18,16.0,1,0.0,0,0.0,0,1.0,1.0,2
0,3,3,0.0,,28.0,32,4,60.0,5,11.0,29,16.0,4,1.0,1,2.0,0,1.0,2.0,2
0,3,3,0.0,,38.0,42,4,80.0,5,11.0,32,25.0,1,0.0,1,3.0,0,1.0,1.0,2
0,0,3,0.0,,10.0,40,4,50.0,5,11.0,16,16.0,1,0.0,0,5.0,0,0.0,1.0,2
1,3,101,0.0,2.0,30.0,29,1,59.0,5,11.0,16,13.0,1,0.0,0,3.0,0,0.0,1.0,2
1,2,47,0.0,,26.0,42,5,68.0,5,11.0,12,10.0,1,0.0,0,3.0,1,0.0,1.0,2
0,2,98,1.0,2.0,9.0,41,1,50.0,5,11.0,16,17.0,1,0.0,1,5.0,0,0.0,1.0,2
0,0,3,0.0,,12.0,30,4,42.0,5,11.0,14,14.0,1,0.0,0,0.0,0,0.0,1.0,2
0,1,5,0.0,,5.0,30,4,35.0,5,12.0,18,17.0,2,0.0,1,3.0,0,1.0,1.0,2
0,2,28,0.0,2.0,19.0,41,5,60.0,5,11.0,19,19.0,1,0.0,0,0.0,1,0.0,1.0,2
1,2,1,0.0,,,31,4,,7,,19,19.0,4,,0,0.0,0,,,1
1,4,3,,,13.0,43,4,56.0,7,78.0,18,18.0,3,0.0,0,5.0,3,1.0,2.0,1
0,0,3,0.0,,10.0,35,4,45.0,7,11.0,27,25.0,5,0.0,2,0.0,0,0.0,1.0,1
1,0,31,0.0,,8.0,27,2,35.0,7,73.0,13,14.0,3,0.0,1,0.0,0,0.0,1.0,1
0,1,996,,,8.0,22,4,30.0,7,72.0,19,19.0,3,2.0,2,0.0,0,0.0,1.0,1
0,2,47,1.0,,16.0,16,4,32.0,7,62.0,15,14.0,2,2.0,2,0.0,0,0.0,1.0,1
1,0,33,0.0,,13.0,42,2,55.0,7,72.0,23,22.0,3,1.0,0,0.0,0,0.0,1.0,1
0,2,4,0.0,,8.0,38,4,46.0,7,96.0,27,27.0,5,2.0,3,0.0,0,0.0,1.0,1
1,2,3,0.0,,11.0,27,4,38.0,7,62.0,18,18.0,4,2.0,2,0.0,0,0.0,1.0,1
0,0,3,0.0,,18.0,19,4,37.0,7,72.0,18,18.0,4,2.0,2,0.0,0,0.0,1.0,1
1,5,33,0.0,2.0,9.0,36,3,45.0,7,72.0,16,17.0,3,0.0,1,0.0,0,1.0,1.0,1
0,1,3,0.0,,17.0,17,4,34.0,7,66.0,17,17.0,4,1.0,2,5.0,0,1.0,1.0,1
0,3,4,,,6.0,29,4,35.0,3,66.0,17,17.0,5,1.0,1,2.0,0,0.0,1.0,1
1,0,236,1.0,1.0,2.0,36,1,38.0,3,21.0,15,16.0,5,2.0,2,0.0,3,0.0,1.0,1
1,2,176,0.0,,6.0,22,4,28.0,3,53.0,17,15.0,5,2.0,2,0.0,0,0.0,1.0,1
1,0,184,0.0,2.0,18.0,35,2,53.0,3,32.0,20,20.0,4,2.0,1,0.0,0,2.0,1.0,1
0,1,49,0.0,2.0,12.0,32,2,44.0,3,96.0,20,20.0,4,1.0,1,2.0,0,0.0,1.0,1
0,0,188,0.0,,18.0,20,4,38.0,3,96.0,15,16.0,4,1.0,1,0.0,0,0.0,1.0,1
1,3,189,,1.0,,36,2,,12,,18,17.0,5,,2,0.0,0,,,1
0,2,236,0.0,2.0,5.0,36,2,41.0,12,24.0,27,21.0,5,3.0,3,0.0,0,0.0,1.0,1
0,0,235,,,6.0,25,1,31.0,12,72.0,22,18.0,4,2.0,2,0.0,0,,1.0,1
0,0,244,,,4.0,28,1,32.0,12,81.0,25,17.0,5,3.0,3,0.0,1,0.0,1.0,1
0,0,238,0.0,,8.0,35,2,43.0,12,81.0,22,16.0,5,3.0,3,0.0,0,0.0,1.0,1
1,0,245,,1.0,10.0,46,2,56.0,12,62.0,19,15.0,5,2.0,2,0.0,0,0.0,1.0,1
0,0,202,0.0,1.0,8.0,42,1,50.0,12,62.0,24,18.0,5,1.0,2,0.0,0,0.0,1.0,1
1,2,244,1.0,,6.0,39,2,45.0,12,62.0,26,18.0,5,3.0,2,0.0,0,0.0,1.0,1
0,1,176,0.0,,16.0,25,4,41.0,12,62.0,14,15.0,4,2.0,2,0.0,0,0.0,1.0,1
1,5,202,0.0,2.0,,25,1,,12,,19,18.0,4,,2,0.0,0,,,1
0,3,225,,0.0,4.0,29,1,33.0,12,43.0,28,16.0,4,3.0,2,0.0,1,0.0,1.0,1
0,2,236,0.0,0.0,10.0,25,1,35.0,12,62.0,20,17.0,5,2.0,2,0.0,0,0.0,1.0,1
0,0,189,0.0,,-9.0,31,7,22.0,12,96.0,19,17.0,5,2.0,2,0.0,0,0.0,1.0,1
0,1,202,0.0,1.0,7.0,36,1,43.0,12,61.0,19,16.0,4,2.0,2,0.0,0,0.0,2.0,1
1,3,236,1.0,1.0,5.0,22,2,27.0,12,66.0,18,16.0,4,2.0,2,0.0,0,0.0,1.0,1
1,3,197,0.0,1.0,5.0,29,1,34.0,12,43.0,22,17.0,5,3.0,2,2.0,0,0.0,1.0,1
0,0,216,0.0,,11.0,30,3,41.0,12,75.0,23,20.0,5,2.0,2,0.0,1,0.0,1.0,1
0,2,219,0.0,1.0,14.0,39,2,53.0,12,31.0,20,20.0,5,2.0,3,0.0,0,0.0,1.0,1
0,2,216,,2.0,,30,2,,12,,15,17.0,4,,2,0.0,0,,,1
0,1,3,0.0,,15.0,24,2,39.0,12,66.0,19,19.0,4,0.0,1,4.0,0,0.0,1.0,1
0,2,190,,2.0,12.0,22,1,34.0,12,66.0,18,18.0,4,,2,0.0,0,0.0,1.0,1
0,0,157,1.0,,6.0,32,2,38.0,3,61.0,24,16.0,4,2.0,2,0.0,0,0.0,1.0,1
1,0,236,0.0,2.0,5.0,38,2,43.0,3,66.0,16,,4,2.0,2,0.0,1,1.0,1.0,1
1,1,216,0.0,,,27,1,,3,,21,20.0,4,,2,0.0,0,,,1
0,0,246,,2.0,,29,1,,3,,11,15.0,5,,1,1.0,0,,,1
0,0,176,,2.0,3.0,39,4,42.0,3,66.0,18,18.0,5,2.0,2,0.0,2,0.0,1.0,1
1,3,261,0.0,2.0,12.0,31,3,43.0,3,62.0,21,17.0,5,3.0,2,0.0,0,0.0,1.0,1
0,3,213,0.0,2.0,5.0,24,2,29.0,3,24.0,23,20.0,4,3.0,3,0.0,1,0.0,1.0,1
0,0,143,0.0,,12.0,26,1,38.0,3,43.0,24,24.0,5,3.0,3,0.0,0,0.0,1.0,1
0,0,153,0.0,2.0,15.0,34,1,49.0,3,62.0,17,18.0,4,2.0,1,0.0,0,0.0,1.0,1
0,0,185,0.0,1.0,3.0,49,1,52.0,3,62.0,17,17.0,5,1.0,2,0.0,3,0.0,2.0,1
0,0,197,0.0,,11.0,42,2,53.0,3,0.0,17,17.0,4,0.0,0,0.0,2,0.0,1.0,1
0,0,200,1.0,2.0,5.0,27,1,32.0,3,66.0,22,17.0,4,2.0,2,0.0,1,0.0,2.0,1
0,2,151,0.0,0.0,,28,3,,3,,23,17.0,5,,2,0.0,0,,,1
0,1,179,0.0,2.0,19.0,40,1,59.0,3,0.0,32,17.0,5,2.0,2,1.0,0,1.0,1.0,1
1,4,235,1.0,0.0,6.0,20,1,26.0,2,62.0,19,14.0,2,1.0,2,0.0,0,0.0,1.0,2
1,2,235,1.0,2.0,14.0,37,1,51.0,2,14.0,22,14.0,2,,1,0.0,1,0.0,1.0,2
1,0,235,1.0,2.0,7.0,38,1,45.0,2,11.0,20,15.0,2,2.0,1,0.0,0,0.0,1.0,2
1,2,235,0.0,2.0,4.0,34,1,38.0,2,66.0,17,15.0,2,2.0,1,3.0,1,0.0,1.0,2
0,0,235,0.0,,10.0,24,1,34.0,2,66.0,19,16.0,3,1.0,1,0.0,0,0.0,1.0,2
1,2,235,0.0,1.0,1.0,46,1,47.0,2,11.0,42,15.0,3,1.0,1,2.0,2,0.0,1.0,2
1,0,244,1.0,2.0,9.0,49,1,58.0,2,11.0,11,11.0,3,1.0,1,0.0,0,0.0,1.0,2
0,5,235,0.0,,5.0,30,1,35.0,2,41.0,29,,2,1.0,1,0.0,0,0.0,1.0,2
0,5,235,1.0,2.0,4.0,29,1,33.0,2,66.0,20,17.0,1,2.0,1,0.0,0,0.0,2.0,2
1,5,235,1.0,1.0,9.0,42,1,51.0,2,11.0,31,18.0,3,1.0,2,0.0,0,0.0,1.0,2
0,2,235,0.0,2.0,,43,1,,2,,33,16.0,2,,1,0.0,0,,,2
0,0,77,0.0,,,46,4,,7,,12,15.0,3,,1,2.0,0,,,1
0,5,1,1.0,,8.0,19,4,27.0,7,42.0,17,17.0,4,2.0,2,0.0,0,0.0,1.0,1
0,1,1,0.0,,3.0,25,4,28.0,7,32.0,17,16.0,4,2.0,2,0.0,0,0.0,1.0,1
0,0,4,0.0,,8.0,34,4,42.0,7,77.0,24,14.0,4,2.0,0,0.0,0,0.0,1.0,1
1,5,21,0.0,1.0,,22,4,,7,,15,16.0,5,,0,0.0,0,,,1
0,2,3,0.0,,11.0,35,4,46.0,7,62.0,28,16.0,5,2.0,1,0.0,0,1.0,1.0,1
1,0,236,0.0,2.0,4.0,26,1,30.0,12,82.0,20,18.0,5,2.0,3,0.0,0,0.0,1.0,1
0,0,193,0.0,0.0,-1.0,34,2,33.0,12,31.0,34,24.0,5,3.0,3,0.0,0,0.0,1.0,1
0,3,232,0.0,0.0,5.0,27,1,32.0,12,52.0,21,20.0,5,3.0,3,0.0,0,0.0,2.0,1
0,2,236,1.0,,11.0,32,1,43.0,12,62.0,26,16.0,5,1.0,1,0.0,0,0.0,1.0,1
0,3,236,1.0,,8.0,30,1,38.0,12,62.0,22,15.0,5,2.0,2,0.0,0,1.0,1.0,1
0,4,190,0.0,2.0,8.0,29,1,37.0,12,62.0,28,15.0,4,2.0,2,0.0,1,0.0,1.0,1
0,0,188,1.0,,9.0,41,1,50.0,12,96.0,23,16.0,5,2.0,2,0.0,0,0.0,1.0,1
0,3,189,0.0,1.0,4.0,32,1,36.0,12,41.0,22,20.0,5,2.0,1,1.0,0,0.0,1.0,1
0,0,167,1.0,,11.0,19,1,30.0,12,33.0,18,18.0,5,3.0,2,0.0,0,0.0,1.0,1
0,0,3,0.0,,10.0,30,4,40.0,7,11.0,17,13.0,2,0.0,0,0.0,0,3.0,2.0,2
1,0,55,0.0,,25.0,43,1,68.0,7,11.0,13,15.0,1,1.0,0,0.0,0,0.0,1.0,2
1,2,21,0.0,,6.0,46,4,52.0,7,11.0,17,14.0,1,0.0,0,2.0,0,0.0,1.0,2
1,3,90,0.0,,14.0,43,4,57.0,7,11.0,17,17.0,1,0.0,0,0.0,0,0.0,1.0,2
0,1,262,0.0,,21.0,16,4,37.0,7,62.0,13,13.0,1,0.0,0,0.0,0,1.0,1.0,2
1,1,4,,,11.0,17,4,28.0,7,13.0,16,17.0,2,0.0,0,0.0,0,0.0,1.0,2
0,0,55,0.0,,16.0,20,2,36.0,7,13.0,16,17.0,1,1.0,0,0.0,0,0.0,1.0,2
1,0,90,1.0,,20.0,36,4,56.0,7,96.0,18,14.0,1,0.0,0,0.0,0,0.0,1.0,2
0,1,101,1.0,2.0,5.0,23,1,28.0,7,42.0,19,19.0,1,2.0,0,0.0,0,0.0,1.0,2
0,1,4,0.0,,7.0,25,4,32.0,7,62.0,17,17.0,3,0.0,0,0.0,0,0.0,1.0,2
1,4,102,0.0,1.0,18.0,20,2,38.0,7,11.0,13,13.0,1,1.0,1,0.0,0,0.0,1.0,2
1,1,49,1.0,1.0,,33,1,,7,,18,18.0,3,,2,0.0,0,,,2
0,0,4,1.0,,3.0,22,4,25.0,7,24.0,11,13.0,1,0.0,0,0.0,0,0.0,1.0,2
1,1,4,,,7.0,38,4,45.0,7,13.0,15,15.0,2,0.0,0,0.0,0,1.0,1.0,2
0,1,101,1.0,,10.0,30,3,40.0,7,44.0,16,17.0,4,2.0,1,0.0,0,0.0,1.0,2
1,0,90,0.0,,7.0,48,4,55.0,7,62.0,21,20.0,2,0.0,0,0.0,0,0.0,1.0,2
0,0,3,,,8.0,22,4,30.0,7,11.0,14,14.0,2,,0,0.0,3,0.0,1.0,2
1,1,101,1.0,1.0,25.0,44,2,69.0,7,11.0,15,16.0,1,0.0,0,1.0,0,0.0,1.0,2
0,0,146,0.0,,5.0,35,2,40.0,11,41.0,16,17.0,3,2.0,1,5.0,1,0.0,1.0,1
0,0,146,0.0,,5.0,30,2,35.0,11,62.0,17,16.0,5,1.0,1,5.0,1,0.0,1.0,1
1,3,216,0.0,2.0,,43,2,,11,,12,18.0,4,,2,5.0,0,,,1
0,1,184,0.0,2.0,0.0,49,1,49.0,11,36.0,27,21.0,5,2.0,2,0.0,0,0.0,1.0,1
0,0,218,0.0,,0.0,28,2,28.0,11,66.0,21,16.0,4,1.0,2,5.0,0,0.0,1.0,1
0,0,176,0.0,,10.0,30,4,40.0,11,31.0,21,17.0,5,3.0,2,0.0,0,0.0,1.0,1
0,0,146,0.0,,12.0,37,2,49.0,11,62.0,23,16.0,4,1.0,1,5.0,1,0.0,1.0,1
1,4,202,1.0,1.0,10.0,33,1,43.0,11,72.0,21,15.0,5,2.0,2,0.0,0,0.0,1.0,1
1,4,213,0.0,1.0,-8.0,45,3,37.0,11,72.0,18,18.0,5,2.0,1,0.0,2,3.0,1.0,1
0,0,151,0.0,2.0,2.0,38,2,40.0,11,62.0,35,,5,1.0,1,5.0,0,0.0,1.0,1
0,1,236,0.0,,,24,1,,11,,16,,4,,2,0.0,0,,,1
1,3,98,0.0,1.0,7.0,25,2,32.0,4,62.0,21,17.0,4,2.0,1,0.0,3,0.0,1.0,1
1,3,69,0.0,2.0,5.0,46,1,51.0,4,21.0,19,19.0,5,3.0,2,0.0,1,0.0,2.0,1
0,5,107,0.0,,3.0,32,2,35.0,4,62.0,20,17.0,5,3.0,3,1.0,0,0.0,1.0,1
1,0,195,1.0,0.0,11.0,32,3,43.0,4,66.0,20,18.0,4,1.0,1,0.0,0,0.0,1.0,1
1,0,255,1.0,2.0,0.0,35,3,35.0,4,33.0,19,15.0,5,3.0,2,2.0,0,,1.0,1
0,2,174,0.0,2.0,4.0,26,1,30.0,4,73.0,21,16.0,4,1.0,2,0.0,0,0.0,1.0,1
1,5,236,1.0,2.0,2.0,26,1,28.0,4,66.0,22,16.0,5,2.0,2,0.0,0,0.0,1.0,1
0,2,190,1.0,1.0,10.0,28,1,38.0,4,62.0,18,19.0,4,2.0,2,0.0,0,0.0,1.0,1
0,4,3,0.0,,10.0,25,4,35.0,4,62.0,12,17.0,5,1.0,2,0.0,0,,1.0,1
1,2,208,0.0,1.0,9.0,22,1,31.0,4,62.0,13,13.0,5,3.0,2,3.0,0,0.0,1.0,1
1,5,256,1.0,2.0,7.0,45,1,52.0,4,66.0,30,19.0,5,2.0,2,0.0,0,0.0,1.0,1
1,2,199,0.0,,22.0,32,1,54.0,4,96.0,18,16.0,5,2.0,2,0.0,0,0.0,1.0,1
0,2,179,0.0,,8.0,29,3,37.0,9,33.0,25,17.0,4,3.0,2,0.0,0,0.0,1.0,2
0,0,180,1.0,,,45,1,,9,,15,16.0,3,,1,1.0,0,,,2
0,0,179,0.0,2.0,4.0,40,1,44.0,9,11.0,21,15.0,3,3.0,2,0.0,0,0.0,1.0,2
0,1,179,0.0,2.0,,41,1,,9,,21,15.0,2,,0,0.0,0,,,2
0,4,179,0.0,,6.0,32,1,38.0,9,12.0,21,13.0,3,2.0,2,0.0,0,1.0,1.0,2
0,0,202,0.0,,2.0,37,1,39.0,9,62.0,25,18.0,4,2.0,2,0.0,2,0.0,1.0,2
0,1,202,0.0,,11.0,37,7,48.0,9,77.0,22,15.0,2,0.0,0,0.0,2,1.0,1.0,2
0,0,174,0.0,2.0,6.0,33,1,39.0,9,66.0,24,16.0,3,1.0,1,0.0,0,0.0,1.0,2
1,3,190,0.0,,15.0,39,1,54.0,9,33.0,27,16.0,4,3.0,2,2.0,0,,1.0,2
0,2,179,0.0,,,24,1,,9,,13,13.0,3,,0,0.0,0,,,2
0,1,202,0.0,0.0,1.0,44,7,45.0,9,41.0,16,18.0,3,1.0,2,0.0,0,0.0,1.0,2
1,4,202,0.0,1.0,3.0,24,7,27.0,9,73.0,20,19.0,3,2.0,2,0.0,0,0.0,1.0,2
0,0,155,0.0,,13.0,25,4,38.0,9,62.0,11,15.0,3,0.0,0,3.0,0,0.0,1.0,2
1,2,150,1.0,0.0,7.0,34,2,41.0,8,33.0,27,18.0,5,3.0,3,1.0,0,0.0,1.0,1
0,3,88,0.0,2.0,8.0,27,1,35.0,8,66.0,21,18.0,4,1.0,1,3.0,0,0.0,1.0,1
0,2,199,0.0,2.0,8.0,30,1,38.0,8,62.0,19,18.0,4,2.0,2,0.0,1,,1.0,1
0,1,168,1.0,0.0,,39,1,,8,,18,18.0,3,,1,2.0,0,,,1
1,2,174,0.0,0.0,2.0,29,2,31.0,8,62.0,21,22.0,5,3.0,2,0.0,0,0.0,1.0,1
0,1,202,1.0,0.0,,49,1,,8,,19,19.0,4,,2,0.0,0,,,1
0,0,166,0.0,0.0,0.0,36,3,36.0,8,41.0,24,20.0,5,2.0,2,3.0,1,0.0,2.0,1
0,0,184,0.0,0.0,10.0,34,1,44.0,8,62.0,16,17.0,5,3.0,1,0.0,0,0.0,1.0,1
0,0,261,0.0,1.0,5.0,35,1,40.0,4,11.0,22,13.0,3,2.0,1,0.0,0,0.0,1.0,2
0,0,176,0.0,,2.0,37,4,39.0,4,14.0,12,12.0,3,1.0,1,0.0,2,0.0,1.0,2
1,5,256,0.0,2.0,7.0,42,1,49.0,4,46.0,16,16.0,3,2.0,2,0.0,1,0.0,1.0,2
1,5,255,1.0,,1.0,41,1,42.0,4,14.0,14,14.0,3,1.0,1,2.0,0,0.0,1.0,2
1,3,996,1.0,2.0,15.0,31,1,46.0,4,11.0,15,15.0,2,1.0,1,4.0,0,0.0,1.0,2
0,1,255,1.0,2.0,7.0,38,1,45.0,4,11.0,18,16.0,3,2.0,1,0.0,0,0.0,1.0,2
1,5,78,1.0,,10.0,33,2,43.0,4,24.0,16,14.0,3,1.0,1,0.0,0,0.0,1.0,2
1,0,255,0.0,,5.0,40,2,45.0,4,11.0,14,14.0,2,1.0,1,2.0,0,2.0,1.0,2
0,0,3,0.0,,7.0,20,4,27.0,4,62.0,16,17.0,3,2.0,0,0.0,1,0.0,1.0,2
0,3,3,0.0,,31.0,19,4,50.0,4,11.0,16,16.0,2,1.0,1,0.0,0,0.0,1.0,2
1,4,256,1.0,1.0,5.0,35,2,40.0,4,14.0,15,14.0,3,2.0,1,0.0,0,0.0,1.0,2
0,5,255,1.0,,6.0,38,2,44.0,4,24.0,18,19.0,3,1.0,1,5.0,0,0.0,1.0,2
1,4,253,0.0,1.0,2.0,31,3,33.0,4,11.0,13,,2,1.0,1,2.0,0,0.0,1.0,2
1,5,261,1.0,,18.0,22,4,40.0,4,62.0,18,17.0,3,1.0,1,3.0,0,1.0,1.0,2
0,0,193,0.0,2.0,6.0,39,2,45.0,12,33.0,21,19.0,4,3.0,3,0.0,0,,1.0,1
0,1,78,0.0,,5.0,19,3,24.0,12,82.0,15,15.0,4,2.0,2,0.0,0,0.0,1.0,1
1,0,101,,2.0,7.0,33,2,40.0,12,63.0,17,15.0,3,2.0,1,0.0,0,0.0,1.0,1
0,1,167,0.0,,8.0,22,1,30.0,12,66.0,18,15.0,5,1.0,1,0.0,0,0.0,1.0,1
0,0,202,0.0,,3.0,27,1,30.0,12,41.0,23,16.0,5,2.0,2,0.0,0,0.0,1.0,1
0,1,996,1.0,2.0,6.0,24,1,30.0,12,54.0,20,20.0,4,2.0,2,0.0,0,0.0,1.0,1
0,1,202,1.0,1.0,9.0,23,1,32.0,12,42.0,23,18.0,5,3.0,3,1.0,0,0.0,2.0,1
1,1,202,0.0,1.0,4.0,34,1,38.0,12,72.0,24,20.0,5,2.0,2,0.0,0,0.0,1.0,1
0,0,202,0.0,2.0,18.0,41,1,59.0,11,62.0,34,15.0,5,2.0,2,0.0,0,2.0,1.0,1
0,0,218,,2.0,4.0,40,1,44.0,11,62.0,14,,4,2.0,2,0.0,0,0.0,1.0,1
0,0,155,0.0,,11.0,31,2,42.0,11,34.0,21,18.0,5,2.0,1,5.0,1,0.0,1.0,1
0,0,202,0.0,0.0,10.0,36,1,46.0,11,62.0,16,15.0,4,1.0,2,0.0,0,0.0,1.0,1
0,0,158,0.0,0.0,2.0,48,2,50.0,11,54.0,15,14.0,5,2.0,2,0.0,2,0.0,1.0,1
0,1,203,0.0,2.0,13.0,27,2,40.0,11,66.0,25,24.0,4,1.0,1,0.0,0,0.0,1.0,1
0,0,151,0.0,,9.0,34,2,43.0,11,34.0,30,17.0,5,3.0,3,5.0,0,0.0,2.0,1
1,5,173,,1.0,,27,2,,11,,18,15.0,3,,1,0.0,0,,,1
0,0,144,0.0,1.0,8.0,27,3,35.0,11,82.0,25,19.0,5,2.0,2,0.0,0,0.0,1.0,1
1,5,176,0.0,2.0,,43,2,,9,,21,20.0,5,,2,0.0,0,,,1
1,3,176,0.0,,14.0,21,4,35.0,9,43.0,17,17.0,4,3.0,1,1.0,1,0.0,1.0,1
0,1,144,1.0,2.0,3.0,25,1,28.0,9,66.0,20,13.0,5,1.0,2,0.0,1,0.0,1.0,1
0,2,176,0.0,,17.0,34,4,51.0,9,96.0,27,17.0,5,3.0,2,0.0,2,2.0,1.0,1
0,2,176,1.0,0.0,26.0,36,4,62.0,9,82.0,18,18.0,5,1.0,1,0.0,0,1.0,1.0,1
0,0,176,0.0,,13.0,48,4,61.0,9,66.0,24,15.0,3,1.0,1,0.0,3,0.0,2.0,1
1,2,176,1.0,,9.0,48,4,57.0,9,62.0,19,17.0,3,2.0,1,1.0,2,0.0,1.0,1
0,0,47,1.0,2.0,5.0,25,1,30.0,5,13.0,18,18.0,1,2.0,1,2.0,0,0.0,1.0,2
0,0,47,0.0,,1.0,19,2,20.0,5,11.0,19,19.0,1,1.0,0,0.0,0,0.0,1.0,2
0,0,47,0.0,2.0,1.0,21,5,22.0,5,11.0,19,18.0,1,0.0,0,0.0,1,0.0,1.0,2
0,1,47,1.0,2.0,,29,5,,5,,15,15.0,1,,0,2.0,0,,,2
0,2,47,0.0,,5.0,35,5,40.0,5,11.0,17,17.0,1,0.0,0,0.0,0,0.0,1.0,2
1,1,47,0.0,2.0,12.0,33,1,45.0,5,11.0,18,17.0,1,0.0,0,4.0,1,0.0,1.0,2
0,0,47,0.0,,33.0,22,5,55.0,5,11.0,11,15.0,1,1.0,0,0.0,1,1.0,1.0,2
0,1,47,1.0,,,40,1,,5,,19,18.0,1,,0,0.0,0,,,2
0,0,47,0.0,2.0,14.0,31,5,45.0,5,11.0,17,18.0,1,2.0,0,5.0,0,2.0,1.0,2
1,3,47,0.0,,,30,2,,5,,18,17.0,1,,0,2.0,0,,,2
0,0,47,0.0,,8.0,25,5,33.0,5,11.0,16,17.0,1,0.0,0,3.0,0,0.0,1.0,2
1,0,47,0.0,2.0,5.0,27,1,32.0,5,11.0,16,16.0,1,1.0,1,3.0,0,0.0,1.0,2
0,0,146,0.0,2.0,10.0,35,2,45.0,6,11.0,16,14.0,2,0.0,0,0.0,2,0.0,2.0,2
0,2,174,1.0,2.0,,41,2,,6,,18,18.0,3,,0,0.0,0,,,2
1,1,236,1.0,1.0,9.0,39,1,48.0,6,11.0,25,25.0,3,,2,5.0,0,0.0,1.0,2
1,1,202,0.0,2.0,-4.0,30,3,26.0,6,11.0,24,17.0,3,1.0,1,2.0,1,0.0,1.0,2
0,1,203,,2.0,10.0,31,2,41.0,6,96.0,23,16.0,2,0.0,1,0.0,3,0.0,2.0,2
0,2,155,0.0,2.0,4.0,41,2,45.0,6,66.0,26,17.0,3,1.0,2,0.0,3,0.0,1.0,2
1,2,155,0.0,2.0,2.0,26,3,28.0,6,11.0,21,19.0,3,2.0,2,0.0,0,0.0,1.0,2
1,0,174,0.0,,4.0,24,7,28.0,6,11.0,22,22.0,3,2.0,1,0.0,0,0.0,1.0,2
0,0,136,,2.0,11.0,27,2,38.0,6,66.0,15,13.0,2,,1,0.0,0,0.0,1.0,2
0,0,232,0.0,,1.0,40,1,41.0,6,11.0,27,17.0,3,1.0,2,0.0,0,0.0,1.0,2
1,1,216,0.0,,10.0,32,1,42.0,6,11.0,21,18.0,3,2.0,2,0.0,1,1.0,2.0,2
0,1,235,,2.0,24.0,24,1,48.0,6,72.0,14,13.0,4,,1,5.0,0,0.0,1.0,2
0,0,155,0.0,2.0,5.0,42,1,47.0,11,62.0,30,19.0,5,1.0,3,5.0,1,0.0,1.0,1
0,1,107,,0.0,5.0,27,3,32.0,11,34.0,23,16.0,5,3.0,3,0.0,0,0.0,2.0,1
0,0,199,0.0,2.0,0.0,38,2,38.0,11,66.0,35,21.0,4,2.0,1,0.0,2,0.0,1.0,1
0,1,195,0.0,0.0,11.0,38,1,49.0,11,11.0,17,15.0,4,2.0,1,0.0,0,0.0,1.0,1
0,1,218,0.0,2.0,1.0,44,2,45.0,11,76.0,34,16.0,3,1.0,1,0.0,1,0.0,1.0,1
0,1,218,0.0,0.0,3.0,45,2,48.0,11,11.0,17,15.0,3,1.0,1,0.0,1,0.0,2.0,1
0,4,174,0.0,2.0,8.0,28,1,36.0,9,31.0,25,17.0,3,3.0,2,0.0,1,0.0,1.0,2
0,0,202,0.0,0.0,10.0,25,1,35.0,9,73.0,17,17.0,3,2.0,1,0.0,1,0.0,1.0,2
0,0,202,0.0,,4.0,48,7,52.0,9,31.0,20,18.0,3,2.0,2,0.0,2,0.0,1.0,2
0,0,179,1.0,,,40,1,,9,,19,14.0,3,,1,0.0,0,,,2
1,4,202,0.0,1.0,5.0,30,1,35.0,9,66.0,19,16.0,2,1.0,2,0.0,0,0.0,2.0,2
0,0,235,1.0,1.0,3.0,39,2,42.0,12,41.0,22,15.0,4,3.0,2,0.0,1,0.0,2.0,1
1,3,244,1.0,2.0,,23,1,,12,,16,16.0,5,,1,0.0,0,,,1
1,4,236,1.0,0.0,,31,1,,12,,18,15.0,4,,3,0.0,0,,,1
0,3,190,0.0,0.0,5.0,24,1,29.0,12,11.0,24,20.0,4,2.0,2,0.0,0,0.0,1.0,1
0,0,238,0.0,,6.0,36,2,42.0,12,62.0,18,17.0,4,1.0,1,0.0,0,0.0,1.0,1
1,4,235,0.0,2.0,3.0,38,1,41.0,12,77.0,16,,5,2.0,2,0.0,0,0.0,1.0,1
1,3,235,0.0,2.0,,37,1,,12,,19,13.0,5,,1,0.0,0,,,1
0,0,244,0.0,0.0,6.0,29,1,35.0,12,66.0,16,15.0,5,2.0,1,0.0,2,0.0,1.0,1
1,4,235,,2.0,,32,3,,12,,17,16.0,4,,2,0.0,0,,,1
1,1,244,0.0,2.0,7.0,29,1,36.0,12,73.0,21,15.0,5,3.0,2,0.0,2,0.0,1.0,1
0,1,235,,,7.0,36,2,43.0,12,0.0,17,16.0,3,1.0,2,0.0,1,0.0,1.0,1
0,3,235,1.0,,4.0,33,3,37.0,12,43.0,30,25.0,5,3.0,2,0.0,1,0.0,2.0,1
0,1,3,0.0,,31.0,19,4,50.0,1,11.0,17,17.0,2,0.0,1,0.0,0,2.0,1.0,2
0,4,102,0.0,,22.0,23,4,45.0,1,14.0,18,15.0,1,0.0,0,3.0,0,0.0,1.0,2
0,4,3,0.0,,12.0,28,4,40.0,1,62.0,16,14.0,3,2.0,0,0.0,0,1.0,2.0,2
1,2,102,1.0,,,37,4,,1,,19,11.0,1,,0,0.0,0,,,2
0,5,3,0.0,,,44,4,,1,,15,15.0,2,,0,4.0,0,,,2
0,0,102,0.0,,-4.0,49,4,45.0,1,62.0,15,15.0,2,0.0,0,0.0,1,0.0,1.0,2
0,0,3,0.0,,17.0,31,4,48.0,1,12.0,11,13.0,2,0.0,0,0.0,0,0.0,1.0,2
1,2,3,0.0,,4.0,29,4,33.0,1,62.0,21,21.0,3,1.0,0,0.0,0,0.0,1.0,2
1,3,102,0.0,,,40,4,,1,,30,15.0,2,,0,0.0,0,,,2
0,4,3,0.0,,8.0,19,4,27.0,1,61.0,13,13.0,1,1.0,0,4.0,0,0.0,1.0,2
1,0,78,0.0,2.0,20.0,22,1,42.0,1,11.0,18,18.0,1,2.0,0,0.0,0,0.0,1.0,2
0,0,78,0.0,,15.0,45,2,60.0,1,62.0,19,19.0,3,0.0,1,0.0,0,2.0,1.0,2
0,2,3,0.0,,26.0,34,4,60.0,1,11.0,14,13.0,2,0.0,0,0.0,0,1.0,1.0,2
0,0,3,0.0,,26.0,32,4,58.0,1,11.0,13,14.0,2,0.0,0,0.0,0,0.0,1.0,2
0,0,3,0.0,,10.0,40,4,50.0,1,12.0,15,16.0,1,0.0,0,0.0,0,0.0,1.0,2
0,1,3,0.0,,3.0,26,4,29.0,1,96.0,19,20.0,1,1.0,0,0.0,0,0.0,1.0,2
0,0,3,0.0,,,38,4,,1,,15,15.0,2,,0,0.0,0,,,2
0,1,3,0.0,,19.0,18,4,37.0,1,66.0,18,18.0,4,0.0,0,3.0,0,0.0,1.0,1
0,0,3,0.0,,8.0,26,4,34.0,1,77.0,17,15.0,4,1.0,1,0.0,0,0.0,1.0,1
1,4,31,0.0,,2.0,28,4,30.0,1,62.0,21,21.0,4,2.0,0,0.0,0,0.0,1.0,1
0,1,3,0.0,,10.0,45,4,55.0,1,62.0,19,22.0,3,0.0,0,0.0,0,1.0,1.0,1
0,0,5,0.0,,9.0,47,4,56.0,1,66.0,18,,5,0.0,0,0.0,0,1.0,1.0,1
0,0,3,0.0,,9.0,20,4,29.0,1,66.0,17,16.0,4,3.0,2,0.0,0,0.0,1.0,1
0,0,176,,1.0,12.0,35,2,47.0,1,41.0,30,18.0,4,,1,0.0,2,0.0,2.0,1
0,0,102,0.0,,8.0,22,1,30.0,1,96.0,14,,3,1.0,1,0.0,0,0.0,1.0,1
0,2,3,0.0,,12.0,20,4,32.0,1,62.0,17,17.0,4,1.0,0,1.0,0,1.0,1.0,1
0,0,3,0.0,,11.0,22,4,33.0,1,62.0,18,18.0,5,2.0,2,0.0,0,0.0,1.0,1
0,1,3,0.0,,31.0,29,4,60.0,1,23.0,15,15.0,4,0.0,1,0.0,0,3.0,1.0,1
1,5,78,0.0,,,34,1,,1,,23,23.0,2,,0,0.0,0,,,1
1,0,202,0.0,,,24,1,,9,,18,16.0,3,,1,0.0,0,,,1
0,1,176,0.0,,9.0,19,4,28.0,9,33.0,16,14.0,5,2.0,2,1.0,0,1.0,2.0,1
0,0,176,0.0,,4.0,42,4,46.0,9,42.0,12,12.0,4,2.0,2,5.0,0,0.0,2.0,1
1,2,202,0.0,2.0,7.0,33,1,40.0,9,62.0,18,17.0,4,1.0,1,0.0,0,1.0,1.0,1
0,1,144,0.0,,20.0,24,4,44.0,9,62.0,21,22.0,3,0.0,1,0.0,0,2.0,1.0,1
0,3,202,0.0,0.0,8.0,20,1,28.0,9,66.0,18,17.0,3,1.0,2,0.0,0,0.0,1.0,1
0,2,202,0.0,,,34,3,,9,,29,21.0,2,,1,0.0,0,,,1
0,3,176,0.0,,27.0,22,4,49.0,9,62.0,14,15.0,5,2.0,2,1.0,0,2.0,1.0,1
0,2,31,0.0,,9.0,19,4,28.0,9,82.0,16,16.0,4,2.0,0,3.0,0,0.0,1.0,1
0,4,176,1.0,,10.0,20,4,30.0,9,66.0,16,15.0,4,2.0,2,5.0,0,0.0,1.0,1
1,3,202,0.0,0.0,4.0,22,1,26.0,9,66.0,17,17.0,4,2.0,2,3.0,0,0.0,1.0,1
1,3,176,0.0,,7.0,38,2,45.0,9,11.0,20,18.0,3,1.0,1,1.0,0,1.0,2.0,1
0,1,151,0.0,,7.0,26,1,33.0,11,72.0,19,10.0,5,2.0,2,0.0,0,0.0,1.0,1
1,3,144,0.0,2.0,4.0,26,1,30.0,11,31.0,24,18.0,5,2.0,2,0.0,2,0.0,2.0,1
0,2,996,0.0,2.0,-1.0,36,2,35.0,11,54.0,30,17.0,4,1.0,1,0.0,0,0.0,1.0,1
1,5,153,,2.0,,34,3,,11,,20,17.0,3,,2,0.0,0,,,1
0,2,146,1.0,2.0,5.0,22,2,27.0,11,72.0,20,17.0,5,2.0,2,0.0,0,0.0,1.0,1
0,2,107,0.0,0.0,2.0,49,2,51.0,11,62.0,30,17.0,5,1.0,2,0.0,1,,1.0,1
0,0,203,0.0,,6.0,47,96,53.0,11,62.0,16,16.0,3,2.0,1,5.0,0,0.0,1.0,1
0,5,202,0.0,,2.0,30,1,32.0,9,62.0,20,19.0,3,2.0,2,0.0,1,0.0,1.0,2
0,0,176,1.0,,6.0,26,4,32.0,9,66.0,19,17.0,3,2.0,2,2.0,1,0.0,2.0,2
0,1,202,0.0,0.0,4.0,39,1,43.0,9,72.0,23,17.0,4,2.0,2,0.0,1,0.0,1.0,2
0,0,179,0.0,,5.0,37,2,42.0,9,33.0,24,23.0,4,3.0,3,0.0,0,0.0,2.0,2
0,0,202,0.0,1.0,27.0,38,1,65.0,9,11.0,19,16.0,2,2.0,2,0.0,1,0.0,1.0,2
0,0,3,0.0,,27.0,36,4,63.0,1,21.0,14,14.0,1,0.0,0,2.0,0,2.0,1.0,2
0,4,69,0.0,,,26,4,,1,,16,12.0,2,,0,1.0,0,,,2
0,4,3,0.0,,14.0,18,4,32.0,1,11.0,16,16.0,3,1.0,1,0.0,0,0.0,1.0,2
0,0,996,0.0,,16.0,15,2,31.0,1,42.0,15,15.0,2,2.0,1,0.0,0,0.0,1.0,2
1,2,3,1.0,,12.0,28,4,40.0,1,11.0,13,15.0,2,0.0,0,0.0,0,1.0,1.0,2
0,3,3,0.0,,8.0,18,4,26.0,1,11.0,15,16.0,1,2.0,1,0.0,0,0.0,1.0,2
0,0,3,0.0,,30.0,40,4,70.0,1,11.0,13,14.0,2,0.0,0,0.0,0,1.0,1.0,2
1,3,78,0.0,,,30,4,,1,,14,15.0,2,,0,0.0,0,,,2
0,0,102,0.0,,10.0,25,4,35.0,1,11.0,18,18.0,2,2.0,2,0.0,0,0.0,1.0,2
0,0,3,0.0,,24.0,31,4,55.0,1,11.0,14,14.0,2,0.0,0,1.0,0,1.0,1.0,2
1,1,996,0.0,,4.0,36,4,40.0,1,11.0,13,13.0,2,0.0,0,0.0,0,0.0,1.0,2
0,3,3,0.0,,27.0,40,4,67.0,1,11.0,15,16.0,2,0.0,0,2.0,1,2.0,1.0,2
0,0,3,0.0,,11.0,24,4,35.0,1,62.0,16,16.0,3,2.0,0,0.0,0,0.0,1.0,2
1,4,3,0.0,,15.0,25,4,40.0,1,72.0,14,14.0,3,1.0,1,1.0,0,0.0,1.0,2
0,0,3,0.0,,7.0,18,4,25.0,1,12.0,15,15.0,1,0.0,1,4.0,0,0.0,1.0,2
1,1,78,0.0,2.0,,35,2,,1,,14,14.0,1,,1,0.0,0,,,2
1,2,176,0.0,1.0,28.0,35,4,63.0,9,11.0,12,14.0,2,1.0,1,5.0,0,0.0,2.0,2
1,2,176,1.0,,11.0,28,4,39.0,9,66.0,17,16.0,2,1.0,1,0.0,0,0.0,2.0,2
1,1,176,0.0,,7.0,28,4,35.0,9,11.0,14,13.0,2,1.0,1,3.0,0,0.0,1.0,2
1,0,176,0.0,,7.0,23,4,30.0,9,11.0,14,14.0,3,2.0,1,2.0,0,0.0,2.0,2
0,2,176,0.0,,2.0,21,4,23.0,9,11.0,12,12.0,2,2.0,1,1.0,0,1.0,1.0,2
0,2,176,0.0,,3.0,24,4,27.0,9,11.0,12,14.0,2,2.0,2,0.0,0,0.0,1.0,2
0,0,996,0.0,,10.0,20,4,30.0,9,62.0,17,17.0,2,1.0,1,0.0,0,0.0,1.0,2
1,4,176,1.0,,19.0,26,4,45.0,9,11.0,19,16.0,2,2.0,1,0.0,0,0.0,1.0,2
1,3,176,0.0,,5.0,35,4,40.0,9,66.0,18,18.0,3,2.0,1,5.0,0,0.0,2.0,2
0,0,176,0.0,,6.0,36,4,42.0,9,11.0,18,15.0,2,1.0,1,0.0,0,0.0,1.0,2
1,4,176,0.0,,13.0,33,4,46.0,9,11.0,17,15.0,2,2.0,1,2.0,0,0.0,1.0,2
1,0,176,0.0,,3.0,47,2,50.0,9,11.0,17,17.0,2,1.0,1,3.0,0,0.0,1.0,2
1,1,176,1.0,,3.0,37,4,40.0,9,11.0,14,15.0,2,1.0,1,4.0,0,2.0,1.0,2
1,4,176,0.0,,8.0,27,4,35.0,9,66.0,17,17.0,2,1.0,1,5.0,0,1.0,2.0,2
1,2,176,0.0,,15.0,43,4,58.0,9,11.0,20,18.0,2,2.0,1,0.0,0,0.0,1.0,2
1,2,176,1.0,,18.0,19,4,37.0,9,11.0,14,15.0,3,2.0,1,0.0,0,1.0,1.0,2
0,1,1,0.0,,35.0,43,4,78.0,5,11.0,11,13.0,2,0.0,0,1.0,0,1.0,1.0,2
0,0,1,0.0,,2.0,38,4,40.0,5,11.0,13,14.0,2,0.0,0,2.0,0,0.0,2.0,2
0,1,1,0.0,,10.0,37,4,47.0,5,11.0,16,16.0,1,0.0,0,1.0,0,0.0,1.0,2
0,0,1,0.0,,20.0,37,4,57.0,5,11.0,13,14.0,1,0.0,0,3.0,0,0.0,1.0,2
0,0,1,0.0,,13.0,45,4,58.0,5,11.0,16,16.0,1,0.0,0,1.0,0,0.0,1.0,2
0,0,1,0.0,,14.0,34,4,48.0,5,11.0,16,16.0,1,0.0,0,5.0,1,0.0,2.0,2
0,0,1,0.0,,10.0,41,4,51.0,5,11.0,14,15.0,2,0.0,0,0.0,0,1.0,1.0,2
0,1,1,0.0,,5.0,15,4,20.0,5,11.0,12,13.0,1,0.0,0,0.0,0,0.0,1.0,2
0,0,1,0.0,,10.0,30,4,40.0,5,11.0,17,16.0,1,0.0,0,1.0,0,0.0,1.0,2
0,0,1,0.0,,25.0,38,4,63.0,5,11.0,14,14.0,1,0.0,0,1.0,0,0.0,1.0,2
0,0,1,0.0,,11.0,48,4,59.0,5,11.0,15,15.0,1,0.0,0,2.0,0,1.0,2.0,2
0,0,1,0.0,,7.0,45,4,52.0,5,11.0,14,14.0,1,0.0,0,1.0,0,2.0,2.0,2
0,4,235,1.0,1.0,14.0,40,1,54.0,12,75.0,21,,4,2.0,2,0.0,1,0.0,1.0,1
0,3,996,0.0,,10.0,27,2,37.0,12,11.0,13,14.0,3,1.0,1,2.0,2,0.0,1.0,1
1,2,232,1.0,2.0,1.0,32,1,33.0,12,75.0,23,18.0,5,2.0,2,0.0,2,0.0,1.0,1
0,1,225,1.0,0.0,7.0,33,1,40.0,12,81.0,18,18.0,5,2.0,3,0.0,2,,1.0,1
0,0,235,1.0,,7.0,32,1,39.0,12,33.0,24,15.0,5,3.0,3,0.0,1,0.0,1.0,1
1,2,245,0.0,,3.0,25,3,28.0,12,75.0,20,17.0,4,2.0,2,2.0,0,0.0,1.0,1
1,3,191,0.0,0.0,2.0,26,2,28.0,12,66.0,21,14.0,3,1.0,2,2.0,0,0.0,1.0,1
0,2,235,0.0,,,29,3,,12,,16,17.0,3,,1,0.0,0,,,1
0,2,190,0.0,2.0,3.0,47,2,50.0,12,66.0,18,17.0,5,2.0,2,0.0,3,0.0,2.0,1
0,0,235,1.0,2.0,6.0,33,3,39.0,12,66.0,24,20.0,5,1.0,1,0.0,2,0.0,1.0,1
1,3,245,0.0,2.0,-12.0,34,2,22.0,10,0.0,18,15.0,3,0.0,1,0.0,0,0.0,1.0,2
0,0,245,1.0,,2.0,22,2,24.0,10,11.0,13,14.0,3,1.0,2,0.0,0,0.0,1.0,2
1,2,246,0.0,2.0,6.0,46,1,52.0,10,11.0,20,14.0,2,1.0,2,2.0,0,0.0,1.0,2
1,2,245,0.0,,4.0,32,2,36.0,10,11.0,15,15.0,2,1.0,2,0.0,0,0.0,1.0,2
1,1,245,1.0,1.0,,45,2,,10,,12,15.0,3,,1,3.0,0,,,2
0,0,245,0.0,,0.0,42,2,42.0,10,33.0,19,17.0,3,2.0,2,0.0,0,0.0,2.0,2
1,4,245,0.0,2.0,,25,2,,10,,22,15.0,3,,2,0.0,0,,,2
1,5,245,0.0,2.0,-2.0,33,1,31.0,10,11.0,25,15.0,3,,2,5.0,0,1.0,1.0,2
1,2,996,0.0,,12.0,26,2,38.0,10,53.0,21,14.0,3,2.0,2,5.0,0,0.0,1.0,2
1,4,245,1.0,,5.0,30,2,35.0,10,73.0,23,17.0,2,2.0,2,3.0,1,0.0,2.0,2
0,0,245,0.0,,6.0,41,2,47.0,10,11.0,16,14.0,3,2.0,2,0.0,0,0.0,1.0,2
0,2,245,0.0,2.0,14.0,40,5,54.0,10,34.0,22,14.0,3,,1,0.0,0,0.0,1.0,2
1,3,245,0.0,1.0,5.0,33,2,38.0,10,14.0,12,14.0,3,1.0,1,1.0,0,1.0,1.0,2
1,0,47,1.0,,9.0,19,1,28.0,7,63.0,16,16.0,1,2.0,0,0.0,1,0.0,2.0,2
0,0,47,0.0,,,35,1,,7,,17,17.0,1,,0,0.0,0,,,2
1,1,47,0.0,2.0,,34,2,,7,,18,18.0,1,,0,0.0,0,,,2
0,1,49,0.0,,10.0,34,2,44.0,7,33.0,20,16.0,3,2.0,2,0.0,0,0.0,1.0,2
0,2,49,0.0,,37.0,30,2,67.0,7,11.0,12,13.0,3,0.0,0,0.0,0,0.0,1.0,2
0,0,61,0.0,,36.0,19,4,55.0,7,11.0,13,13.0,2,0.0,0,0.0,0,1.0,1.0,2
1,0,49,1.0,2.0,13.0,47,2,60.0,7,11.0,19,18.0,1,1.0,0,2.0,0,0.0,1.0,2
1,2,49,1.0,1.0,10.0,35,3,45.0,7,11.0,10,,1,1.0,0,0.0,0,0.0,1.0,2
1,2,3,0.0,,7.0,28,4,35.0,7,62.0,22,22.0,1,0.0,0,0.0,0,0.0,2.0,2
0,0,61,0.0,,15.0,20,1,35.0,7,11.0,15,15.0,1,2.0,0,0.0,0,0.0,1.0,2
1,2,47,,1.0,2.0,38,2,40.0,7,11.0,15,15.0,1,0.0,0,0.0,0,1.0,1.0,2
1,1,47,1.0,2.0,4.0,30,1,34.0,7,11.0,15,15.0,1,0.0,0,0.0,0,0.0,1.0,2
1,4,49,0.0,1.0,12.0,33,1,45.0,7,11.0,18,18.0,1,1.0,1,0.0,0,0.0,1.0,2
0,1,3,0.0,,13.0,29,4,42.0,7,61.0,17,17.0,2,0.0,0,0.0,0,0.0,1.0,2
1,2,47,,1.0,7.0,43,2,50.0,7,11.0,14,15.0,1,0.0,0,5.0,0,0.0,1.0,2
1,0,101,0.0,,3.0,24,1,27.0,7,11.0,15,15.0,1,2.0,0,0.0,0,0.0,1.0,2
1,1,47,1.0,1.0,3.0,35,7,38.0,7,11.0,17,18.0,1,0.0,0,0.0,0,0.0,1.0,2
1,2,47,1.0,1.0,4.0,17,1,21.0,7,11.0,15,15.0,1,2.0,1,5.0,0,0.0,2.0,2
0,1,3,0.0,,5.0,30,4,35.0,7,72.0,15,15.0,1,1.0,1,0.0,0,0.0,1.0,2
1,0,101,0.0,,10.0,28,1,38.0,7,11.0,16,16.0,1,1.0,1,0.0,0,1.0,1.0,2
0,1,101,0.0,2.0,9.0,19,1,28.0,7,11.0,14,15.0,1,0.0,1,0.0,0,0.0,2.0,2
1,2,996,0.0,1.0,6.0,27,2,33.0,7,71.0,11,13.0,1,1.0,0,0.0,0,0.0,1.0,2
0,0,78,0.0,,19.0,27,2,46.0,1,32.0,13,14.0,3,2.0,0,0.0,0,0.0,1.0,2
0,1,174,0.0,,10.0,22,2,32.0,1,62.0,14,14.0,2,0.0,0,0.0,0,0.0,1.0,2
0,0,174,0.0,,6.0,19,2,25.0,1,72.0,17,17.0,2,1.0,1,0.0,0,0.0,1.0,2
0,0,3,0.0,,24.0,22,4,46.0,1,78.0,15,16.0,3,1.0,1,0.0,0,1.0,1.0,2
0,0,3,0.0,,,18,4,,1,,15,14.0,2,,0,0.0,0,,,2
0,0,3,0.0,,11.0,28,4,39.0,1,62.0,15,15.0,1,0.0,0,3.0,0,1.0,1.0,2
0,0,996,0.0,,8.0,22,2,30.0,1,72.0,15,15.0,2,1.0,1,0.0,0,0.0,1.0,2
0,0,3,0.0,,7.0,33,4,40.0,1,66.0,24,14.0,3,2.0,0,3.0,0,0.0,1.0,2
0,1,3,0.0,,,24,4,,1,,16,16.0,2,,0,4.0,0,,,2
0,0,4,0.0,,10.0,40,4,50.0,1,62.0,24,15.0,2,1.0,0,1.0,0,2.0,1.0,2
0,0,3,0.0,,7.0,36,4,43.0,1,11.0,18,18.0,1,0.0,0,0.0,0,0.0,1.0,2
0,0,3,0.0,,18.0,25,4,43.0,1,11.0,15,15.0,1,,0,4.0,0,2.0,1.0,2
1,0,253,1.0,1.0,1.0,40,2,41.0,4,78.0,21,13.0,2,2.0,0,4.0,0,0.0,1.0,2
0,1,253,1.0,,28.0,22,3,50.0,4,44.0,13,11.0,2,2.0,1,1.0,0,1.0,1.0,2
0,2,3,0.0,0.0,2.0,24,4,26.0,4,11.0,17,12.0,2,1.0,2,4.0,0,0.0,1.0,2
0,0,257,0.0,1.0,,49,3,,4,,22,16.0,2,,2,0.0,0,,,2
0,2,253,1.0,1.0,5.0,24,3,29.0,4,11.0,17,11.0,2,1.0,1,0.0,0,0.0,1.0,2
0,1,260,0.0,,3.0,23,1,26.0,4,15.0,16,14.0,2,1.0,0,4.0,0,0.0,1.0,2
0,0,234,0.0,1.0,11.0,44,1,55.0,4,11.0,16,15.0,3,2.0,1,0.0,0,0.0,1.0,2
1,3,253,1.0,1.0,,49,3,,4,,14,15.0,2,,1,0.0,0,,,2
1,4,78,1.0,1.0,-3.0,45,1,42.0,4,11.0,16,16.0,2,1.0,2,0.0,3,0.0,1.0,2
0,4,234,1.0,2.0,-4.0,31,1,27.0,4,11.0,17,12.0,2,2.0,1,0.0,0,0.0,1.0,2
0,1,260,1.0,1.0,3.0,23,1,26.0,4,11.0,11,11.0,2,1.0,1,0.0,0,0.0,1.0,2
0,3,257,1.0,1.0,-3.0,24,1,21.0,4,15.0,11,11.0,2,1.0,1,0.0,3,0.0,1.0,2
0,2,253,0.0,,7.0,32,2,39.0,4,15.0,18,12.0,2,1.0,1,3.0,0,0.0,1.0,2
0,3,236,0.0,2.0,11.0,26,1,37.0,4,96.0,15,14.0,2,2.0,2,4.0,0,0.0,1.0,2
0,2,34,0.0,,13.0,27,2,40.0,5,11.0,14,14.0,2,1.0,1,0.0,0,0.0,1.0,2
0,2,34,0.0,,44.0,33,2,77.0,5,11.0,13,14.0,1,0.0,0,3.0,0,0.0,1.0,2
0,2,36,0.0,,7.0,19,2,26.0,5,11.0,18,18.0,1,1.0,1,0.0,0,0.0,1.0,2
1,0,36,1.0,2.0,,33,2,,5,,19,19.0,1,,0,5.0,0,,,2
0,1,36,0.0,2.0,13.0,22,2,35.0,5,11.0,14,15.0,1,1.0,0,0.0,0,0.0,1.0,2
0,0,36,1.0,,12.0,34,2,46.0,5,11.0,11,17.0,1,1.0,0,0.0,0,2.0,1.0,2
0,0,34,0.0,,,21,2,,5,,19,16.0,2,,1,4.0,0,,,2
0,0,36,0.0,,21.0,39,2,60.0,5,11.0,15,13.0,1,0.0,0,0.0,0,0.0,1.0,2
0,1,36,0.0,,29.0,16,2,45.0,5,62.0,14,15.0,1,1.0,1,0.0,0,0.0,1.0,2
0,5,996,0.0,,7.0,16,2,23.0,5,72.0,15,15.0,1,1.0,2,0.0,0,0.0,1.0,2
0,2,3,0.0,,-12.0,37,4,25.0,5,12.0,35,20.0,1,0.0,0,3.0,1,0.0,1.0,2
0,2,5,0.0,,7.0,15,4,22.0,5,62.0,15,15.0,3,1.0,1,1.0,0,0.0,1.0,2
0,0,3,0.0,,12.0,33,4,45.0,5,62.0,13,13.0,1,0.0,0,0.0,0,0.0,1.0,2
0,0,3,0.0,,7.0,35,4,42.0,5,11.0,15,15.0,1,1.0,1,0.0,0,0.0,1.0,2
1,4,47,1.0,2.0,5.0,45,1,50.0,5,11.0,39,16.0,2,1.0,0,4.0,1,1.0,1.0,2
0,0,3,0.0,,4.0,21,4,25.0,5,62.0,17,17.0,2,1.0,0,4.0,0,0.0,1.0,2
0,4,3,0.0,,5.0,37,4,42.0,5,11.0,28,17.0,1,0.0,0,3.0,1,1.0,1.0,2
0,3,98,0.0,1.0,20.0,28,1,48.0,5,11.0,13,13.0,1,0.0,2,0.0,1,0.0,1.0,2
0,0,3,0.0,,6.0,33,4,39.0,5,11.0,23,23.0,1,0.0,0,0.0,0,0.0,1.0,2
0,0,3,0.0,,11.0,34,4,45.0,5,62.0,13,14.0,1,0.0,0,1.0,0,0.0,1.0,2
0,0,3,0.0,,6.0,43,4,49.0,5,11.0,19,19.0,2,1.0,0,5.0,0,0.0,1.0,2
1,0,47,1.0,,4.0,20,2,24.0,5,66.0,16,16.0,1,1.0,0,0.0,0,0.0,1.0,2
0,2,3,0.0,,,25,4,,5,,21,17.0,1,,0,0.0,0,,,2
0,0,3,0.0,,8.0,35,4,43.0,5,42.0,18,14.0,3,0.0,0,0.0,0,0.0,1.0,2
1,2,202,0.0,,2.0,32,2,34.0,12,72.0,26,15.0,4,2.0,2,0.0,0,0.0,1.0,1
0,0,36,1.0,,13.0,23,2,36.0,12,62.0,19,20.0,4,0.0,1,0.0,0,0.0,1.0,1
1,0,256,,,,47,1,,12,,23,14.0,4,,1,0.0,0,,,1
0,3,3,0.0,,,25,4,,12,,22,16.0,4,,1,0.0,0,,,1
0,4,3,,1.0,20.0,18,2,38.0,12,62.0,16,15.0,3,1.0,0,0.0,0,0.0,1.0,1
0,1,219,1.0,,9.0,24,1,33.0,12,61.0,22,15.0,5,1.0,1,0.0,0,0.0,1.0,1
0,1,176,0.0,,6.0,29,4,35.0,12,78.0,18,17.0,4,1.0,1,0.0,0,0.0,1.0,1
0,3,176,1.0,1.0,11.0,26,4,37.0,12,66.0,16,15.0,4,1.0,1,4.0,0,0.0,2.0,1
0,2,36,1.0,,1.0,35,4,36.0,12,82.0,34,15.0,3,0.0,0,0.0,0,0.0,1.0,1
0,2,219,0.0,0.0,7.0,23,1,30.0,12,41.0,17,14.0,4,,2,0.0,0,0.0,1.0,1
1,5,238,1.0,,,47,7,,12,,20,18.0,3,,2,2.0,0,,,1
0,4,245,1.0,2.0,2.0,33,1,35.0,12,75.0,18,16.0,4,2.0,1,0.0,0,1.0,1.0,1
1,4,996,1.0,,-3.0,35,1,32.0,2,33.0,19,17.0,2,2.0,2,0.0,1,0.0,1.0,2
1,2,234,1.0,2.0,19.0,41,3,60.0,2,11.0,15,16.0,2,1.0,1,0.0,0,0.0,1.0,2
1,2,244,1.0,,1.0,41,3,42.0,2,11.0,20,18.0,2,2.0,1,0.0,0,0.0,1.0,2
1,5,234,0.0,1.0,1.0,23,3,24.0,2,15.0,15,16.0,1,1.0,1,5.0,3,0.0,1.0,2
0,2,244,,,,45,3,,2,,24,16.0,2,,2,1.0,0,,,2
0,4,234,1.0,1.0,,45,3,,2,,20,13.0,2,,1,3.0,0,,,2
0,3,244,0.0,,12.0,16,3,28.0,2,11.0,14,12.0,3,2.0,1,3.0,0,0.0,1.0,2
0,0,89,0.0,,5.0,23,1,28.0,2,11.0,14,13.0,1,0.0,2,0.0,0,0.0,1.0,2
1,4,244,1.0,,4.0,45,3,49.0,2,54.0,14,14.0,2,1.0,1,0.0,2,0.0,1.0,2
1,4,234,0.0,1.0,,44,3,,2,,14,15.0,1,,1,4.0,0,,,2
1,1,256,1.0,2.0,5.0,19,3,24.0,2,11.0,15,15.0,2,2.0,1,1.0,0,0.0,1.0,2
0,3,234,,1.0,12.0,30,3,42.0,2,46.0,16,16.0,2,1.0,1,0.0,1,1.0,1.0,2
0,0,202,0.0,,7.0,26,1,33.0,6,21.0,17,18.0,5,3.0,3,0.0,0,0.0,1.0,1
0,0,232,0.0,,10.0,39,1,49.0,6,21.0,23,18.0,5,3.0,2,3.0,0,0.0,1.0,1
0,0,188,0.0,,5.0,36,1,41.0,6,13.0,17,20.0,5,2.0,2,0.0,0,0.0,1.0,1
0,3,245,0.0,0.0,6.0,21,1,27.0,6,41.0,18,17.0,5,2.0,2,0.0,0,0.0,1.0,1
0,0,996,0.0,,,33,1,,6,,25,16.0,5,,3,0.0,0,,,1
0,1,232,0.0,2.0,10.0,42,1,52.0,6,73.0,22,18.0,4,1.0,2,0.0,2,0.0,1.0,1
0,0,188,0.0,,2.0,48,1,50.0,6,,19,18.0,5,3.0,3,0.0,3,0.0,2.0,1
0,0,231,0.0,,0.0,28,3,28.0,6,65.0,25,18.0,5,2.0,3,0.0,0,0.0,1.0,1
0,1,181,0.0,1.0,12.0,19,1,31.0,9,66.0,16,16.0,3,2.0,0,0.0,0,0.0,1.0,1
1,3,193,0.0,2.0,,47,2,,9,,19,16.0,5,,2,0.0,0,,,1
1,2,173,0.0,,10.0,30,1,40.0,9,62.0,14,16.0,4,0.0,0,0.0,0,0.0,1.0,1
0,0,202,0.0,2.0,10.0,32,1,42.0,9,54.0,22,19.0,3,1.0,3,0.0,0,0.0,1.0,1
0,1,202,0.0,1.0,5.0,33,3,38.0,9,66.0,18,15.0,3,2.0,2,0.0,0,0.0,2.0,1
0,0,202,0.0,2.0,4.0,24,1,28.0,9,54.0,20,16.0,3,1.0,2,0.0,0,0.0,2.0,1
0,0,202,0.0,,9.0,45,1,54.0,9,73.0,17,18.0,5,2.0,2,0.0,0,0.0,1.0,1
0,0,202,0.0,2.0,5.0,34,1,39.0,9,66.0,27,17.0,4,2.0,2,0.0,0,0.0,1.0,1
1,0,232,0.0,0.0,6.0,31,7,37.0,9,72.0,23,18.0,4,2.0,2,0.0,0,1.0,2.0,1
1,2,236,1.0,2.0,-11.0,47,1,36.0,10,11.0,40,16.0,2,2.0,2,2.0,0,0.0,1.0,2
0,1,245,1.0,,3.0,37,1,40.0,10,42.0,29,16.0,3,3.0,2,0.0,0,0.0,1.0,2
0,1,245,0.0,2.0,5.0,31,2,36.0,10,14.0,29,16.0,2,2.0,2,0.0,2,0.0,2.0,2
0,2,245,0.0,1.0,3.0,42,2,45.0,10,14.0,40,15.0,2,1.0,2,0.0,2,0.0,1.0,2
0,3,245,0.0,,8.0,19,2,27.0,10,11.0,16,15.0,3,2.0,2,0.0,0,0.0,1.0,2
0,3,245,0.0,,4.0,49,1,53.0,10,11.0,18,16.0,1,1.0,0,0.0,0,0.0,1.0,2
1,4,245,0.0,2.0,14.0,24,1,38.0,10,11.0,13,14.0,1,1.0,1,2.0,0,0.0,1.0,2
0,1,219,0.0,,8.0,30,3,38.0,10,31.0,26,15.0,3,3.0,1,0.0,0,0.0,1.0,2
1,2,245,0.0,,8.0,30,1,38.0,10,42.0,16,15.0,2,2.0,2,2.0,0,0.0,1.0,2
0,1,245,1.0,2.0,11.0,49,1,60.0,10,11.0,17,13.0,1,2.0,1,4.0,0,0.0,1.0,2
0,0,245,0.0,,1.0,34,2,35.0,10,66.0,18,15.0,3,1.0,2,0.0,0,0.0,1.0,2
1,1,245,0.0,,7.0,29,2,36.0,10,46.0,19,16.0,2,3.0,2,0.0,0,0.0,1.0,2
0,2,236,,,6.0,16,2,22.0,10,11.0,13,14.0,2,1.0,2,2.0,0,0.0,1.0,2
1,5,245,1.0,2.0,-2.0,45,2,43.0,10,11.0,30,15.0,2,1.0,2,0.0,0,0.0,1.0,2
0,1,245,0.0,2.0,7.0,49,3,56.0,10,11.0,11,9.0,2,1.0,2,5.0,0,0.0,1.0,2
0,0,245,0.0,,12.0,22,1,34.0,10,11.0,14,15.0,2,1.0,2,0.0,0,0.0,1.0,2
0,0,234,1.0,,4.0,18,1,22.0,4,13.0,17,14.0,2,1.0,1,4.0,0,0.0,1.0,1
0,0,236,0.0,2.0,4.0,37,1,41.0,4,33.0,24,19.0,4,3.0,2,0.0,0,0.0,2.0,1
1,4,234,1.0,1.0,11.0,22,1,33.0,4,66.0,18,12.0,2,2.0,1,4.0,0,0.0,1.0,1
0,0,176,0.0,,10.0,32,2,42.0,4,81.0,17,15.0,5,3.0,3,0.0,0,0.0,1.0,1
0,0,256,1.0,1.0,19.0,46,1,65.0,4,77.0,31,15.0,4,2.0,1,0.0,0,1.0,1.0,1
0,2,234,1.0,,26.0,32,2,58.0,4,11.0,29,15.0,3,1.0,0,0.0,0,0.0,1.0,1
1,3,234,1.0,2.0,3.0,37,1,40.0,4,41.0,15,14.0,4,2.0,2,2.0,0,0.0,1.0,1
0,1,235,0.0,,10.0,17,1,27.0,4,33.0,17,14.0,5,2.0,2,0.0,0,0.0,1.0,1
0,1,236,1.0,,6.0,21,1,27.0,4,62.0,20,14.0,4,1.0,2,0.0,0,0.0,1.0,1
0,0,229,0.0,,6.0,42,96,48.0,12,62.0,16,,5,2.0,2,0.0,0,0.0,1.0,1
0,2,179,0.0,1.0,15.0,28,1,43.0,12,62.0,26,20.0,5,2.0,2,0.0,0,0.0,1.0,1
0,0,49,0.0,2.0,1.0,27,3,28.0,12,62.0,18,17.0,5,2.0,2,0.0,0,0.0,1.0,1
0,0,190,1.0,,16.0,33,1,49.0,12,41.0,19,19.0,3,2.0,1,2.0,0,0.0,1.0,1
0,1,189,1.0,,10.0,34,1,44.0,12,62.0,19,16.0,5,3.0,2,0.0,1,0.0,1.0,1
1,3,187,0.0,1.0,3.0,29,2,32.0,12,31.0,25,21.0,5,3.0,3,0.0,2,0.0,2.0,1
1,5,227,0.0,2.0,,30,2,,12,,20,19.0,4,,2,0.0,0,,,1
0,3,39,1.0,,5.0,23,2,28.0,12,75.0,16,16.0,5,,1,0.0,0,0.0,1.0,1
0,3,256,1.0,,73.0,22,1,95.0,12,66.0,11,12.0,4,2.0,2,4.0,2,0.0,1.0,1
0,0,21,0.0,,6.0,25,4,31.0,5,11.0,16,16.0,1,0.0,0,3.0,0,0.0,1.0,1
0,1,21,0.0,,8.0,24,4,32.0,5,73.0,17,17.0,2,1.0,1,1.0,0,0.0,1.0,1
0,1,21,0.0,,15.0,35,4,50.0,5,11.0,14,14.0,1,0.0,1,1.0,0,0.0,1.0,1
0,0,21,0.0,,,35,4,,5,,19,14.0,2,,0,0.0,0,,,1
0,0,5,0.0,,31.0,35,4,66.0,5,11.0,14,14.0,2,0.0,0,5.0,0,1.0,1.0,1
1,1,101,0.0,2.0,11.0,31,1,42.0,5,42.0,24,24.0,2,2.0,1,0.0,0,0.0,1.0,1
0,0,21,0.0,,7.0,28,4,35.0,5,42.0,16,16.0,3,2.0,2,0.0,0,0.0,1.0,1
0,0,101,0.0,,,38,4,,5,,18,18.0,2,,1,0.0,0,,,1
0,2,21,0.0,,10.0,15,4,25.0,5,96.0,12,13.0,3,1.0,1,1.0,0,0.0,1.0,1
0,0,5,0.0,,17.0,35,4,52.0,5,73.0,17,17.0,2,0.0,0,0.0,0,0.0,1.0,1
1,0,21,0.0,,,23,4,,5,,22,19.0,1,,1,0.0,0,,,1
0,0,21,0.0,,8.0,30,4,38.0,5,11.0,13,14.0,3,0.0,0,0.0,0,0.0,1.0,1
0,0,21,0.0,,3.0,22,4,25.0,5,11.0,21,21.0,2,2.0,2,0.0,0,0.0,1.0,1
1,3,261,0.0,,6.0,34,1,40.0,10,11.0,18,15.0,3,1.0,2,0.0,0,0.0,1.0,2
1,5,245,1.0,2.0,,47,2,,10,,28,17.0,3,,2,3.0,0,,,2
1,2,237,0.0,2.0,,43,1,,10,,24,17.0,2,,1,0.0,0,,,2
1,2,245,0.0,1.0,5.0,30,1,35.0,10,72.0,18,17.0,2,2.0,1,0.0,0,0.0,1.0,2
0,2,236,0.0,2.0,3.0,40,1,43.0,10,11.0,31,20.0,2,1.0,0,0.0,0,0.0,1.0,2
0,0,236,1.0,,34.0,18,2,52.0,10,71.0,16,13.0,3,1.0,2,0.0,0,0.0,1.0,2
0,2,246,1.0,2.0,11.0,33,2,44.0,10,11.0,23,14.0,3,2.0,1,4.0,0,0.0,1.0,2
1,2,236,1.0,,8.0,27,1,35.0,10,62.0,21,17.0,3,1.0,2,5.0,0,0.0,1.0,2
1,4,245,1.0,2.0,7.0,42,2,49.0,10,11.0,18,15.0,2,2.0,2,2.0,1,0.0,1.0,2
1,4,245,0.0,2.0,,38,1,,10,,16,14.0,2,,2,4.0,0,,,2
1,4,237,0.0,0.0,,28,1,,10,,24,16.0,2,,2,0.0,0,,,2
0,1,236,0.0,,21.0,39,1,60.0,10,96.0,20,14.0,5,3.0,2,0.0,0,0.0,1.0,2
0,2,237,1.0,,19.0,36,1,55.0,10,0.0,19,15.0,2,2.0,1,0.0,0,0.0,2.0,2
0,0,48,0.0,,11.0,19,2,30.0,10,82.0,17,17.0,4,1.0,2,0.0,0,0.0,1.0,2
1,4,236,0.0,2.0,2.0,47,1,49.0,10,11.0,15,15.0,4,1.0,1,0.0,2,1.0,1.0,2
1,2,236,0.0,2.0,10.0,28,1,38.0,10,72.0,17,16.0,2,2.0,2,1.0,0,0.0,1.0,2
0,2,179,0.0,2.0,6.0,28,1,34.0,3,62.0,24,18.0,5,2.0,2,0.0,0,0.0,1.0,1
0,1,194,1.0,2.0,3.0,31,1,34.0,3,41.0,31,15.0,5,2.0,2,0.0,1,0.0,1.0,1
1,5,202,0.0,2.0,,35,2,,3,,22,17.0,5,,2,0.0,0,,,1
0,0,202,0.0,1.0,1.0,29,1,30.0,3,54.0,19,19.0,5,3.0,3,0.0,0,0.0,1.0,1
0,1,996,0.0,,10.0,32,4,42.0,3,62.0,10,16.0,5,1.0,1,0.0,0,0.0,1.0,1
0,0,235,0.0,1.0,6.0,29,1,35.0,3,82.0,25,22.0,5,3.0,3,0.0,0,0.0,1.0,1
0,0,235,0.0,1.0,9.0,35,1,44.0,3,33.0,22,21.0,5,3.0,2,0.0,1,0.0,1.0,1
0,0,232,0.0,,7.0,33,1,40.0,3,77.0,24,18.0,5,2.0,1,0.0,0,0.0,1.0,1
1,2,197,0.0,2.0,9.0,34,1,43.0,3,62.0,18,18.0,5,2.0,2,0.0,0,0.0,1.0,1
0,0,193,0.0,,27.0,48,2,75.0,3,0.0,22,18.0,4,,2,0.0,3,0.0,1.0,1
1,2,202,0.0,,,37,2,,3,,28,17.0,4,,1,0.0,0,,,1
1,2,261,0.0,1.0,6.0,46,2,52.0,3,82.0,26,20.0,5,3.0,3,0.0,3,0.0,2.0,1
0,0,185,0.0,,2.0,38,1,40.0,3,78.0,21,18.0,5,2.0,2,0.0,0,0.0,1.0,1
0,0,197,0.0,1.0,,39,2,,3,,22,17.0,4,,1,0.0,0,,,1
1,3,185,1.0,0.0,2.0,28,1,30.0,9,51.0,20,20.0,3,2.0,1,0.0,0,0.0,2.0,2
0,0,202,0.0,0.0,10.0,40,2,50.0,9,11.0,19,14.0,2,2.0,1,4.0,0,0.0,1.0,2
0,0,202,0.0,1.0,1.0,49,1,50.0,9,11.0,29,17.0,3,1.0,0,1.0,3,0.0,1.0,2
0,0,231,0.0,,14.0,40,1,54.0,9,11.0,22,17.0,3,2.0,1,0.0,0,0.0,1.0,2
0,2,185,1.0,0.0,8.0,42,1,50.0,9,72.0,14,15.0,3,,1,0.0,1,0.0,1.0,2
0,0,185,0.0,,18.0,42,1,60.0,9,11.0,23,16.0,2,1.0,2,0.0,0,0.0,1.0,2
0,0,202,0.0,,20.0,47,1,67.0,9,11.0,14,14.0,3,2.0,1,3.0,0,0.0,1.0,2
0,3,185,0.0,1.0,,37,1,,9,,15,19.0,2,,2,0.0,0,,,2
0,0,202,0.0,2.0,14.0,39,1,53.0,9,11.0,23,14.0,3,0.0,2,0.0,2,0.0,1.0,2
0,2,232,0.0,1.0,11.0,31,1,42.0,2,96.0,28,15.0,4,2.0,2,0.0,1,0.0,2.0,2
1,4,176,0.0,,2.0,28,4,30.0,2,62.0,11,15.0,3,1.0,1,0.0,0,0.0,1.0,2
1,1,232,,1.0,,24,2,,2,,19,15.0,4,,2,0.0,0,,,2
0,2,199,1.0,1.0,,30,2,,2,,29,20.0,5,,2,1.0,0,,,2
0,4,232,0.0,2.0,4.0,41,1,45.0,2,62.0,20,17.0,4,2.0,2,2.0,1,0.0,2.0,2
1,2,232,1.0,1.0,,38,1,,2,,19,15.0,5,,2,0.0,0,,,2
0,0,236,0.0,2.0,1.0,28,1,29.0,2,61.0,25,15.0,4,2.0,2,0.0,0,0.0,1.0,2
0,1,112,0.0,1.0,6.0,24,2,30.0,2,11.0,18,18.0,4,2.0,1,0.0,0,0.0,1.0,2
1,3,232,0.0,,12.0,24,2,36.0,2,62.0,23,18.0,5,2.0,2,1.0,0,0.0,1.0,2
0,2,232,0.0,0.0,-6.0,38,1,32.0,2,62.0,29,16.0,4,2.0,2,0.0,2,0.0,1.0,2
1,1,144,0.0,2.0,9.0,36,2,45.0,9,11.0,12,15.0,1,2.0,0,0.0,1,0.0,1.0,2
0,3,176,0.0,,2.0,25,4,27.0,9,66.0,17,15.0,2,2.0,2,0.0,0,0.0,2.0,2
1,0,176,0.0,,3.0,34,4,37.0,9,66.0,22,17.0,3,2.0,2,0.0,0,0.0,1.0,2
0,2,176,0.0,,8.0,29,4,37.0,9,66.0,22,20.0,3,2.0,2,1.0,0,0.0,1.0,2
1,5,144,1.0,1.0,,28,2,,9,,16,17.0,2,,1,0.0,0,,,2
0,2,176,0.0,,3.0,32,4,35.0,9,11.0,14,15.0,2,1.0,1,5.0,0,0.0,1.0,2
0,1,216,1.0,,18.0,22,4,40.0,9,11.0,19,20.0,3,0.0,1,3.0,0,3.0,2.0,2
0,1,176,0.0,,3.0,38,4,41.0,9,42.0,18,14.0,3,0.0,2,1.0,0,1.0,1.0,2
0,1,176,0.0,,4.0,26,4,30.0,9,62.0,15,16.0,3,2.0,1,0.0,0,0.0,2.0,2
1,2,176,1.0,,12.0,23,4,35.0,9,11.0,18,18.0,3,1.0,1,3.0,0,2.0,1.0,2
0,2,176,0.0,,1.0,44,4,45.0,9,11.0,16,14.0,2,1.0,1,3.0,0,0.0,1.0,2
0,1,176,0.0,,30.0,47,4,77.0,9,11.0,30,15.0,5,0.0,1,5.0,0,2.0,1.0,2
0,4,176,0.0,,2.0,43,4,45.0,9,66.0,21,22.0,3,2.0,1,1.0,0,0.0,1.0,2
1,0,176,0.0,1.0,,39,4,,9,,25,17.0,2,,2,1.0,0,,,2
0,1,176,0.0,,22.0,38,4,60.0,9,11.0,19,20.0,2,2.0,1,0.0,0,0.0,1.0,2
0,2,176,0.0,,9.0,19,4,28.0,9,62.0,13,14.0,2,1.0,1,2.0,0,0.0,1.0,2
0,0,176,0.0,1.0,19.0,23,4,42.0,9,11.0,15,15.0,3,1.0,1,0.0,0,0.0,1.0,2
1,2,176,1.0,1.0,9.0,33,4,42.0,9,11.0,23,14.0,2,1.0,1,0.0,0,0.0,1.0,2
0,1,3,0.0,,19.0,30,4,49.0,7,62.0,16,16.0,2,0.0,0,0.0,0,1.0,1.0,2
1,1,102,1.0,1.0,18.0,30,1,48.0,7,11.0,17,17.0,1,0.0,0,0.0,0,0.0,1.0,2
1,2,102,1.0,1.0,3.0,43,1,46.0,7,11.0,18,19.0,1,1.0,0,3.0,1,1.0,1.0,2
0,2,55,0.0,,20.0,17,3,37.0,7,11.0,15,16.0,2,2.0,0,4.0,0,0.0,1.0,2
0,0,3,0.0,,11.0,18,4,29.0,7,62.0,17,17.0,2,0.0,0,0.0,0,0.0,1.0,2
0,3,102,1.0,2.0,,40,2,,7,,20,18.0,2,,0,0.0,0,,,2
1,4,102,1.0,1.0,12.0,23,1,35.0,7,62.0,15,16.0,3,0.0,0,0.0,0,1.0,1.0,2
1,1,62,0.0,,16.0,19,4,35.0,7,11.0,15,15.0,1,0.0,0,0.0,0,1.0,1.0,2
0,0,102,,2.0,19.0,45,2,64.0,7,77.0,18,14.0,1,1.0,0,0.0,0,0.0,1.0,2
0,2,102,1.0,,5.0,40,2,45.0,7,11.0,14,14.0,3,1.0,0,0.0,0,3.0,1.0,2
1,4,102,1.0,2.0,8.0,26,1,34.0,7,11.0,15,15.0,2,1.0,0,0.0,0,1.0,1.0,2
0,0,102,0.0,2.0,4.0,28,1,32.0,7,11.0,19,15.0,1,0.0,0,0.0,0,0.0,1.0,2
1,2,102,1.0,1.0,4.0,23,1,27.0,7,11.0,13,13.0,1,1.0,0,0.0,0,0.0,1.0,2
1,2,102,1.0,1.0,2.0,36,1,38.0,7,11.0,15,15.0,1,1.0,0,0.0,0,0.0,1.0,2
1,0,102,0.0,,2.0,35,4,37.0,7,66.0,17,17.0,2,1.0,1,0.0,0,0.0,1.0,2
1,4,232,,1.0,13.0,46,2,59.0,2,11.0,18,17.0,2,2.0,1,0.0,3,0.0,1.0,2
1,2,232,,0.0,5.0,22,2,27.0,2,66.0,16,15.0,2,2.0,2,0.0,1,1.0,1.0,2
1,0,232,1.0,,13.0,26,3,39.0,2,33.0,21,17.0,4,3.0,1,3.0,0,0.0,1.0,2
1,5,232,1.0,,,27,2,,2,,16,15.0,3,,2,0.0,0,,,2
1,3,232,0.0,,,45,2,,2,,29,23.0,2,,2,0.0,0,,,2
0,0,232,0.0,,16.0,29,2,45.0,2,11.0,19,17.0,3,0.0,0,0.0,0,0.0,1.0,2
0,0,232,0.0,,3.0,36,2,39.0,2,11.0,17,17.0,4,2.0,2,0.0,0,0.0,1.0,2
1,1,232,0.0,2.0,12.0,26,1,38.0,2,11.0,16,15.0,4,1.0,2,0.0,1,0.0,1.0,2
0,0,232,0.0,,,48,2,,2,,16,16.0,4,,1,0.0,0,,,2
0,0,232,,,,38,1,,12,,20,17.0,5,,3,0.0,0,,,1
0,0,190,0.0,1.0,15.0,21,1,36.0,12,62.0,20,20.0,4,1.0,2,0.0,0,0.0,1.0,1
1,2,155,0.0,2.0,8.0,37,3,45.0,12,66.0,19,16.0,3,1.0,1,0.0,0,0.0,1.0,1
0,3,190,,1.0,13.0,46,1,59.0,12,62.0,23,20.0,4,,2,0.0,0,,1.0,1
0,0,179,0.0,,,41,1,,12,,18,18.0,4,,2,0.0,0,,,1
1,2,179,,2.0,,30,1,,12,,10,,3,,1,0.0,0,,,1
1,1,996,0.0,1.0,11.0,29,1,40.0,12,64.0,16,,3,,0,0.0,0,0.0,1.0,1
0,4,232,,,0.0,27,2,27.0,12,66.0,20,20.0,4,0.0,3,0.0,0,,1.0,1
0,2,152,0.0,0.0,12.0,26,2,38.0,12,41.0,13,14.0,4,2.0,1,0.0,1,,1.0,1
1,4,176,1.0,,10.0,35,4,45.0,9,62.0,16,15.0,3,1.0,1,0.0,1,0.0,1.0,2
0,1,176,0.0,,8.0,15,4,23.0,9,62.0,15,15.0,3,2.0,1,3.0,0,0.0,2.0,2
0,0,2,0.0,,14.0,39,4,53.0,9,12.0,14,,2,0.0,0,3.0,0,1.0,1.0,2
0,2,2,0.0,,12.0,28,4,40.0,9,62.0,19,15.0,2,1.0,1,4.0,0,1.0,2.0,2
0,2,176,0.0,,16.0,46,4,62.0,9,77.0,39,16.0,2,1.0,2,1.0,0,1.0,1.0,2
0,2,176,0.0,,14.0,44,4,58.0,9,11.0,17,18.0,2,0.0,1,0.0,0,0.0,1.0,2
1,2,176,0.0,,3.0,19,4,22.0,9,66.0,18,16.0,3,2.0,1,3.0,0,0.0,1.0,2
0,1,176,0.0,,8.0,34,4,42.0,9,66.0,18,19.0,2,2.0,1,5.0,0,0.0,1.0,2
0,3,216,0.0,,22.0,28,4,50.0,9,12.0,10,14.0,3,0.0,1,5.0,0,1.0,1.0,2
0,0,2,0.0,,5.0,45,4,50.0,9,11.0,16,15.0,2,0.0,0,3.0,0,0.0,1.0,2
1,1,176,0.0,,20.0,48,4,68.0,9,11.0,21,18.0,3,1.0,0,2.0,0,0.0,1.0,2
0,0,2,0.0,,,44,4,,9,,25,15.0,3,,1,2.0,0,,,2
0,1,996,0.0,,,31,4,,9,,26,20.0,2,,1,1.0,0,,,2
0,3,176,0.0,,6.0,19,4,25.0,9,78.0,18,18.0,2,2.0,1,1.0,0,0.0,2.0,2
1,1,176,1.0,,13.0,49,4,62.0,9,11.0,15,15.0,4,1.0,1,0.0,0,0.0,1.0,2
0,0,176,0.0,,5.0,22,4,27.0,9,62.0,16,16.0,2,1.0,1,0.0,0,0.0,1.0,2
1,1,176,1.0,,13.0,45,4,58.0,9,11.0,13,14.0,3,1.0,1,5.0,0,0.0,1.0,2
1,3,202,0.0,1.0,,25,1,,6,,18,17.0,3,,2,0.0,0,,,1
0,2,213,0.0,0.0,5.0,35,1,40.0,6,72.0,18,16.0,4,3.0,1,1.0,1,0.0,1.0,1
0,0,232,0.0,,1.0,42,3,43.0,6,62.0,19,18.0,5,2.0,2,0.0,0,0.0,1.0,1
1,4,173,0.0,2.0,,30,2,,6,,22,18.0,3,,2,0.0,0,,,1
1,0,176,0.0,,4.0,28,2,32.0,6,11.0,20,18.0,4,2.0,2,0.0,1,0.0,2.0,1
0,3,202,0.0,,5.0,28,2,33.0,6,96.0,20,17.0,4,2.0,1,0.0,0,0.0,1.0,1
0,4,202,0.0,1.0,8.0,48,1,56.0,6,11.0,20,15.0,4,1.0,2,0.0,0,0.0,1.0,1
1,2,232,0.0,,9.0,38,7,47.0,6,32.0,27,20.0,3,1.0,1,1.0,0,0.0,2.0,1
1,4,193,0.0,1.0,,45,2,,6,,27,16.0,4,,2,0.0,0,,,1
0,0,202,1.0,,12.0,23,1,35.0,6,82.0,16,18.0,5,2.0,2,0.0,0,,1.0,1
0,2,245,0.0,0.0,5.0,25,2,30.0,3,75.0,21,17.0,5,3.0,3,0.0,0,0.0,1.0,1
0,0,167,,,7.0,28,1,35.0,3,62.0,12,18.0,5,2.0,2,0.0,0,0.0,1.0,1
0,0,3,0.0,,2.0,29,4,31.0,3,66.0,18,18.0,4,2.0,1,0.0,0,0.0,1.0,1
0,0,261,0.0,,10.0,40,1,50.0,3,62.0,12,18.0,5,1.0,2,0.0,0,0.0,1.0,1
0,0,3,0.0,,19.0,40,4,59.0,3,53.0,23,22.0,5,3.0,2,0.0,0,0.0,1.0,1
0,0,202,1.0,,16.0,48,2,64.0,3,62.0,20,20.0,5,2.0,1,0.0,3,1.0,2.0,1
0,1,261,0.0,,9.0,32,3,41.0,3,73.0,19,19.0,5,1.0,2,3.0,0,0.0,1.0,1
0,0,3,1.0,2.0,4.0,26,2,30.0,3,66.0,19,18.0,4,2.0,1,0.0,0,0.0,1.0,1
0,2,262,0.0,,20.0,28,4,48.0,3,62.0,15,15.0,4,0.0,0,0.0,0,0.0,1.0,1
0,0,3,0.0,,20.0,18,4,38.0,3,62.0,16,16.0,4,1.0,2,0.0,0,0.0,1.0,1
0,1,245,0.0,,8.0,33,2,41.0,10,41.0,22,15.0,3,3.0,2,0.0,0,0.0,2.0,2
0,0,245,0.0,,4.0,38,2,42.0,10,44.0,23,16.0,3,3.0,2,0.0,0,0.0,1.0,2
1,4,245,1.0,2.0,11.0,31,2,42.0,10,11.0,17,17.0,3,3.0,1,1.0,0,0.0,1.0,2
0,1,245,1.0,2.0,7.0,26,2,33.0,10,43.0,25,17.0,3,3.0,2,2.0,0,,2.0,2
1,3,245,1.0,,2.0,23,2,25.0,10,0.0,16,15.0,3,2.0,2,1.0,0,0.0,1.0,2
0,5,245,0.0,2.0,5.0,22,2,27.0,10,82.0,20,15.0,2,2.0,2,0.0,0,0.0,1.0,2
0,0,236,0.0,,13.0,25,1,38.0,10,66.0,24,19.0,3,2.0,2,0.0,0,0.0,1.0,2
0,0,236,1.0,,8.0,41,3,49.0,2,11.0,20,15.0,3,2.0,2,0.0,0,0.0,1.0,2
1,1,235,0.0,2.0,13.0,32,1,45.0,2,82.0,15,14.0,5,3.0,2,0.0,0,0.0,1.0,2
1,1,236,0.0,2.0,18.0,42,2,60.0,2,11.0,16,15.0,2,1.0,1,0.0,0,0.0,1.0,2
1,3,236,0.0,,,19,1,,2,,17,14.0,2,,2,0.0,0,,,2
1,4,236,1.0,1.0,23.0,42,2,65.0,2,62.0,18,15.0,2,1.0,1,1.0,0,0.0,1.0,2
1,1,232,0.0,2.0,8.0,20,1,28.0,2,66.0,17,15.0,2,2.0,2,0.0,0,0.0,1.0,2
0,3,242,0.0,,7.0,34,3,41.0,2,11.0,21,13.0,2,2.0,1,0.0,0,0.0,1.0,2
1,4,236,0.0,,,37,1,,2,,29,15.0,2,,2,0.0,0,,,2
0,0,185,0.0,,,35,1,,9,,17,15.0,3,,0,0.0,0,,,2
0,0,202,0.0,,,45,2,,9,,17,16.0,2,,1,0.0,0,,,2
1,0,202,0.0,2.0,,30,1,,9,,11,14.0,3,,1,0.0,0,,,2
1,1,198,,0.0,16.0,44,7,60.0,9,0.0,21,16.0,2,0.0,1,1.0,2,3.0,1.0,2
0,1,190,0.0,1.0,15.0,30,7,45.0,9,77.0,18,15.0,2,1.0,0,0.0,0,0.0,2.0,2
0,0,202,0.0,0.0,12.0,42,1,54.0,9,62.0,25,16.0,2,1.0,2,3.0,0,1.0,2.0,2
0,1,190,0.0,0.0,10.0,48,1,58.0,9,71.0,16,15.0,3,1.0,1,0.0,0,4.0,2.0,2
1,1,202,0.0,2.0,,27,3,,9,,24,17.0,2,,1,0.0,0,,,2
0,0,202,1.0,1.0,,38,1,,9,,15,14.0,2,,2,4.0,0,,,2
0,0,190,0.0,0.0,24.0,41,1,65.0,9,62.0,16,14.0,2,1.0,1,0.0,3,1.0,1.0,2
0,0,185,0.0,1.0,19.0,33,1,52.0,9,96.0,16,16.0,3,0.0,0,0.0,0,0.0,2.0,2
0,0,31,0.0,,6.0,28,5,34.0,5,11.0,13,14.0,1,0.0,0,0.0,0,1.0,1.0,2
0,3,101,0.0,,1.0,20,1,21.0,5,11.0,18,19.0,1,0.0,0,2.0,1,0.0,1.0,2
0,1,31,0.0,,9.0,37,1,46.0,5,11.0,18,15.0,2,0.0,0,1.0,1,0.0,1.0,2
1,2,31,0.0,1.0,4.0,20,1,24.0,5,11.0,16,16.0,1,0.0,0,1.0,1,0.0,1.0,2
0,2,31,0.0,,5.0,35,1,40.0,5,11.0,21,21.0,1,0.0,0,2.0,1,0.0,1.0,2
0,2,31,0.0,1.0,11.0,39,1,50.0,5,11.0,29,16.0,1,0.0,0,0.0,0,0.0,1.0,2
0,0,31,0.0,,14.0,27,4,41.0,5,72.0,16,16.0,1,2.0,0,0.0,0,0.0,1.0,2
0,5,31,0.0,,6.0,29,4,35.0,5,11.0,20,21.0,2,1.0,2,0.0,0,1.0,1.0,2
0,0,31,0.0,,10.0,25,1,35.0,5,11.0,16,15.0,1,0.0,2,0.0,0,0.0,1.0,2
1,4,31,0.0,2.0,7.0,29,1,36.0,5,11.0,18,17.0,1,0.0,2,3.0,1,0.0,1.0,2
0,1,88,0.0,2.0,14.0,25,2,39.0,8,54.0,22,17.0,2,2.0,2,2.0,0,0.0,1.0,1
0,0,167,1.0,,3.0,34,1,37.0,8,0.0,30,18.0,3,3.0,3,0.0,0,0.0,2.0,1
0,4,167,0.0,1.0,4.0,17,2,21.0,8,66.0,16,15.0,3,2.0,2,1.0,0,0.0,2.0,1
1,1,167,1.0,,,29,4,,8,,20,18.0,2,,1,0.0,0,,,1
0,1,167,0.0,1.0,,43,1,,8,,32,17.0,4,,2,0.0,0,,,1
0,1,229,1.0,,2.0,33,1,35.0,4,62.0,22,17.0,5,3.0,3,0.0,0,0.0,1.0,1
0,2,256,,2.0,13.0,27,1,40.0,4,21.0,18,13.0,5,3.0,2,0.0,3,1.0,2.0,1
0,0,185,0.0,,10.0,32,1,42.0,4,96.0,19,15.0,3,,1,0.0,0,0.0,1.0,1
0,2,256,0.0,,15.0,25,2,40.0,4,21.0,23,12.0,4,2.0,1,0.0,0,1.0,1.0,1
0,0,254,0.0,0.0,6.0,34,2,40.0,4,46.0,18,14.0,4,2.0,2,0.0,0,0.0,2.0,1
0,3,235,1.0,1.0,8.0,28,1,36.0,4,33.0,21,16.0,5,2.0,2,0.0,0,0.0,1.0,1
1,1,236,1.0,2.0,2.0,34,1,36.0,4,21.0,24,16.0,5,3.0,3,0.0,2,0.0,1.0,1
1,0,253,1.0,,7.0,25,3,32.0,4,66.0,21,15.0,4,1.0,2,0.0,0,0.0,1.0,1
0,5,257,0.0,,14.0,27,3,41.0,4,66.0,22,18.0,3,1.0,1,0.0,0,0.0,1.0,1
1,4,234,1.0,0.0,6.0,22,1,28.0,4,36.0,22,18.0,4,3.0,2,0.0,0,0.0,2.0,1
0,2,208,0.0,0.0,6.0,29,2,35.0,4,33.0,21,20.0,5,2.0,3,0.0,0,0.0,1.0,1
0,4,256,0.0,,4.0,28,1,32.0,4,61.0,18,16.0,4,2.0,2,0.0,1,0.0,1.0,1
1,5,173,1.0,1.0,,31,2,,4,,17,13.0,5,,2,0.0,0,,,1
1,4,234,0.0,1.0,,33,1,,4,,14,14.0,4,,2,0.0,0,,,1
1,1,261,0.0,2.0,0.0,31,1,31.0,7,11.0,18,18.0,1,1.0,1,2.0,0,1.0,1.0,2
0,0,3,0.0,,8.0,24,4,32.0,7,78.0,16,18.0,3,1.0,2,1.0,0,0.0,1.0,2
0,0,3,0.0,,23.0,34,4,57.0,7,62.0,22,22.0,3,0.0,0,0.0,0,1.0,1.0,2
0,1,3,0.0,,16.0,25,4,41.0,7,11.0,14,14.0,2,1.0,0,0.0,0,0.0,1.0,2
0,0,1,0.0,,11.0,29,4,40.0,7,62.0,12,12.0,2,0.0,0,0.0,0,0.0,1.0,2
0,0,1,0.0,,16.0,18,4,34.0,7,62.0,16,17.0,4,0.0,1,2.0,0,0.0,2.0,2
1,1,55,0.0,1.0,8.0,40,1,48.0,7,11.0,29,15.0,1,0.0,0,0.0,0,0.0,1.0,2
0,0,3,0.0,,14.0,18,4,32.0,7,62.0,14,16.0,3,0.0,0,0.0,0,0.0,2.0,2
0,1,45,0.0,,11.0,24,2,35.0,7,11.0,16,16.0,2,,0,0.0,0,0.0,1.0,2
1,1,996,1.0,,8.0,27,2,35.0,7,82.0,18,18.0,1,2.0,1,4.0,0,0.0,2.0,2
0,1,3,0.0,,6.0,39,4,45.0,7,96.0,14,14.0,1,0.0,0,4.0,0,0.0,1.0,2
0,2,98,0.0,,11.0,24,3,35.0,7,72.0,20,20.0,2,2.0,1,1.0,0,0.0,1.0,2
0,1,18,0.0,,3.0,24,2,27.0,7,11.0,17,16.0,2,1.0,1,0.0,0,0.0,1.0,2
0,1,31,0.0,,14.0,32,2,46.0,7,12.0,23,21.0,1,1.0,1,0.0,0,0.0,1.0,2
0,0,261,0.0,,27.0,22,4,49.0,7,62.0,18,18.0,2,1.0,1,0.0,0,0.0,1.0,2
0,1,1,0.0,,9.0,25,4,34.0,7,11.0,15,15.0,3,0.0,0,0.0,0,0.0,1.0,2
0,0,31,0.0,,11.0,27,2,38.0,7,76.0,13,16.0,1,2.0,1,0.0,0,0.0,1.0,2
1,0,203,0.0,,7.0,23,3,30.0,4,54.0,19,13.0,1,1.0,1,0.0,3,0.0,1.0,2
1,5,203,0.0,1.0,,35,3,,4,,21,15.0,2,,2,0.0,0,,,2
1,0,203,1.0,2.0,3.0,43,3,46.0,4,11.0,17,15.0,2,2.0,1,0.0,2,0.0,1.0,2
0,0,203,1.0,2.0,7.0,38,2,45.0,4,11.0,21,15.0,2,2.0,1,2.0,0,0.0,1.0,2
1,4,203,1.0,1.0,5.0,40,3,45.0,4,11.0,13,13.0,1,2.0,2,0.0,0,0.0,1.0,2
0,0,203,0.0,2.0,18.0,24,3,42.0,4,11.0,17,13.0,1,2.0,2,0.0,0,0.0,1.0,2
1,3,203,1.0,,10.0,25,3,35.0,4,15.0,15,14.0,1,1.0,1,2.0,0,0.0,2.0,2
1,5,203,1.0,1.0,,38,2,,4,,18,14.0,2,,0,0.0,0,,,2
1,5,203,1.0,1.0,,35,1,,4,,15,14.0,2,,1,0.0,0,,,2
1,5,203,1.0,,6.0,19,3,25.0,4,11.0,16,13.0,1,1.0,2,1.0,1,0.0,1.0,2
1,5,203,1.0,,12.0,42,2,54.0,4,11.0,28,16.0,1,2.0,2,5.0,0,0.0,1.0,2
0,5,996,1.0,,6.0,32,2,38.0,4,11.0,12,13.0,2,1.0,1,3.0,0,0.0,1.0,2
0,2,203,1.0,,15.0,23,2,38.0,4,15.0,15,15.0,1,1.0,1,4.0,0,1.0,1.0,2
1,3,173,1.0,1.0,8.0,32,3,40.0,6,11.0,24,19.0,3,2.0,2,0.0,3,0.0,2.0,1
0,0,216,0.0,1.0,8.0,17,2,25.0,6,62.0,16,16.0,3,2.0,2,3.0,2,0.0,1.0,1
0,3,216,1.0,,38.0,35,2,73.0,6,11.0,14,15.0,4,2.0,1,4.0,0,1.0,1.0,1
0,0,216,0.0,,6.0,16,2,22.0,6,0.0,16,16.0,3,2.0,2,0.0,0,0.0,2.0,1
1,0,216,0.0,1.0,6.0,38,2,44.0,6,11.0,18,16.0,3,2.0,1,0.0,0,0.0,1.0,1
1,5,216,0.0,0.0,7.0,17,2,24.0,6,66.0,16,15.0,3,2.0,2,0.0,0,0.0,1.0,1
1,1,216,0.0,2.0,-1.0,33,2,32.0,6,11.0,22,18.0,3,1.0,1,3.0,0,0.0,1.0,1
0,2,216,0.0,,14.0,26,2,40.0,6,11.0,14,14.0,2,2.0,1,2.0,0,0.0,1.0,1
1,2,216,,0.0,7.0,35,2,42.0,6,62.0,15,16.0,3,2.0,2,0.0,0,0.0,1.0,1
1,0,216,0.0,0.0,5.0,43,2,48.0,6,11.0,17,16.0,3,1.0,1,0.0,0,1.0,1.0,1
1,5,216,0.0,1.0,1.0,43,2,44.0,6,32.0,22,17.0,2,2.0,2,0.0,3,0.0,1.0,1
0,1,216,0.0,2.0,5.0,42,1,47.0,6,32.0,23,16.0,2,,1,0.0,0,0.0,1.0,1
1,2,216,,2.0,13.0,43,1,56.0,6,11.0,24,18.0,3,,1,2.0,0,0.0,1.0,1
0,0,201,0.0,1.0,5.0,35,2,40.0,3,66.0,20,20.0,5,2.0,2,0.0,0,0.0,1.0,1
0,0,202,0.0,1.0,9.0,28,1,37.0,3,62.0,22,18.0,4,1.0,2,0.0,0,0.0,1.0,1
0,0,202,0.0,,6.0,23,2,29.0,3,24.0,19,20.0,5,3.0,2,0.0,0,0.0,1.0,1
0,1,167,0.0,,7.0,28,3,35.0,3,66.0,28,28.0,5,1.0,2,0.0,0,0.0,1.0,1
0,0,202,0.0,,,47,2,,3,,17,18.0,5,,2,0.0,0,,,1
1,1,88,1.0,2.0,10.0,32,2,42.0,3,73.0,17,18.0,5,1.0,2,0.0,0,,1.0,1
0,0,188,0.0,2.0,,42,2,,3,,21,20.0,5,,2,0.0,0,,,1
1,1,185,1.0,2.0,9.0,45,1,54.0,3,66.0,16,15.0,5,3.0,3,0.0,2,0.0,1.0,1
0,3,31,1.0,1.0,5.0,16,2,21.0,3,66.0,15,16.0,4,1.0,1,1.0,0,0.0,1.0,1
0,0,169,0.0,2.0,12.0,30,2,42.0,3,75.0,19,19.0,5,2.0,1,0.0,0,0.0,1.0,1
0,0,202,0.0,2.0,7.0,27,1,34.0,3,31.0,23,23.0,5,3.0,3,0.0,0,0.0,1.0,1
0,0,55,0.0,,7.0,34,1,41.0,7,11.0,21,20.0,5,2.0,2,0.0,0,0.0,1.0,1
0,1,31,0.0,,6.0,33,2,39.0,7,54.0,22,21.0,4,3.0,2,1.0,0,0.0,1.0,1
0,0,77,0.0,,12.0,40,4,52.0,7,78.0,15,16.0,3,0.0,1,0.0,0,0.0,1.0,1
0,0,18,0.0,2.0,2.0,28,1,30.0,7,66.0,28,16.0,3,1.0,1,0.0,2,0.0,1.0,1
0,0,101,1.0,,,30,1,,7,,12,15.0,3,,0,0.0,0,,,1
1,1,256,1.0,2.0,5.0,30,2,35.0,7,44.0,16,11.0,4,3.0,2,0.0,0,0.0,1.0,1
0,1,202,0.0,,7.0,32,1,39.0,7,21.0,25,25.0,5,3.0,3,0.0,0,0.0,1.0,1
0,1,4,0.0,,7.0,36,4,43.0,7,62.0,32,25.0,4,0.0,0,0.0,0,0.0,1.0,1
0,1,18,0.0,,9.0,24,1,33.0,7,54.0,20,20.0,4,3.0,3,3.0,0,0.0,1.0,1
1,0,62,0.0,,7.0,31,4,38.0,1,66.0,14,15.0,3,0.0,0,0.0,0,0.0,1.0,2
0,1,62,0.0,,19.0,49,4,68.0,1,11.0,15,14.0,1,0.0,0,0.0,0,0.0,1.0,2
0,0,62,0.0,,1.0,19,4,20.0,1,73.0,19,18.0,3,1.0,2,0.0,0,0.0,1.0,2
1,4,62,0.0,,9.0,22,4,31.0,1,11.0,17,15.0,1,2.0,1,1.0,0,0.0,1.0,2
0,0,62,1.0,,37.0,30,4,67.0,1,11.0,28,18.0,1,0.0,0,0.0,0,1.0,1.0,2
0,0,62,0.0,,8.0,18,4,26.0,1,11.0,15,15.0,3,0.0,2,0.0,0,0.0,1.0,2
0,2,102,0.0,2.0,7.0,26,2,33.0,1,72.0,24,14.0,3,2.0,2,0.0,0,0.0,1.0,2
1,1,62,1.0,,,26,4,,1,,19,20.0,1,,0,5.0,0,,,2
0,0,62,0.0,,9.0,25,4,34.0,1,66.0,16,16.0,1,1.0,0,0.0,0,0.0,1.0,2
0,1,3,0.0,,16.0,20,4,36.0,1,11.0,14,14.0,2,1.0,0,0.0,0,0.0,1.0,2
1,0,62,0.0,,10.0,25,4,35.0,1,11.0,17,15.0,2,1.0,1,0.0,0,0.0,1.0,2
0,2,62,0.0,,5.0,15,4,20.0,1,11.0,13,14.0,2,2.0,1,0.0,0,0.0,1.0,2
0,1,3,0.0,,20.0,36,4,56.0,1,62.0,15,13.0,2,0.0,0,5.0,0,1.0,1.0,2
1,2,62,1.0,2.0,,21,4,,1,,13,14.0,1,,1,5.0,0,,,2
1,1,102,1.0,,12.0,25,4,37.0,1,11.0,15,14.0,1,2.0,1,0.0,0,0.0,1.0,2
0,5,208,0.0,,,49,2,,3,,21,19.0,5,,3,0.0,0,,,1
1,2,112,0.0,2.0,10.0,24,3,34.0,3,66.0,16,15.0,5,2.0,2,0.0,0,0.0,1.0,1
1,3,208,0.0,0.0,,48,96,,3,,20,16.0,3,,1,0.0,0,,,1
0,0,149,0.0,2.0,4.0,30,2,34.0,3,73.0,20,19.0,5,2.0,2,0.0,2,0.0,1.0,1
0,0,166,0.0,1.0,7.0,30,1,37.0,3,73.0,17,17.0,5,1.0,2,0.0,0,0.0,1.0,1
0,1,195,0.0,2.0,6.0,21,2,27.0,3,82.0,20,19.0,5,2.0,2,0.0,0,0.0,1.0,1
1,2,185,0.0,1.0,9.0,30,1,39.0,3,96.0,21,17.0,4,2.0,2,0.0,1,0.0,1.0,1
1,3,189,0.0,2.0,17.0,30,1,47.0,3,22.0,16,16.0,3,3.0,2,1.0,1,0.0,1.0,1
0,2,189,0.0,2.0,10.0,33,2,43.0,3,66.0,19,17.0,4,2.0,1,2.0,0,1.0,1.0,1
1,0,232,,1.0,,46,96,,3,,23,14.0,2,,0,0.0,0,,,1
0,0,190,0.0,0.0,11.0,32,1,43.0,3,33.0,15,17.0,5,3.0,2,0.0,0,0.0,1.0,1
0,0,179,0.0,,6.0,22,1,28.0,3,66.0,19,15.0,4,2.0,1,0.0,0,0.0,1.0,1
0,0,155,0.0,,21.0,43,1,64.0,3,82.0,29,21.0,4,2.0,3,0.0,0,0.0,1.0,1
0,1,179,1.0,2.0,10.0,35,2,45.0,3,43.0,19,16.0,5,2.0,2,0.0,0,0.0,1.0,1
0,1,193,0.0,2.0,3.0,29,1,32.0,3,46.0,20,21.0,4,2.0,2,0.0,0,0.0,1.0,1
0,0,190,0.0,2.0,4.0,34,1,38.0,3,54.0,20,21.0,3,2.0,2,0.0,0,0.0,1.0,1
0,0,3,0.0,,3.0,32,4,35.0,12,72.0,15,20.0,5,3.0,2,0.0,0,0.0,1.0,1
0,3,4,0.0,,,28,4,,12,,15,16.0,4,,0,2.0,0,,,1
0,0,4,0.0,,14.0,38,4,52.0,12,62.0,20,20.0,4,0.0,0,0.0,0,0.0,1.0,1
0,0,3,0.0,,5.0,23,4,28.0,12,62.0,22,22.0,3,2.0,0,0.0,0,0.0,2.0,1
0,0,4,0.0,,10.0,45,4,55.0,12,0.0,14,15.0,4,,0,0.0,2,0.0,1.0,1
0,0,1,0.0,,12.0,26,4,38.0,12,62.0,19,20.0,5,2.0,0,0.0,0,0.0,1.0,1
1,2,262,0.0,,,19,4,,12,,16,16.0,4,,0,0.0,0,,,1
0,1,3,0.0,,12.0,27,4,39.0,12,23.0,22,22.0,5,3.0,2,0.0,0,0.0,1.0,1
0,3,3,0.0,,0.0,31,4,31.0,12,72.0,12,14.0,5,,0,0.0,0,0.0,1.0,1
0,1,18,0.0,1.0,3.0,27,2,30.0,7,11.0,19,,1,1.0,1,0.0,0,0.0,1.0,2
0,1,18,0.0,,24.0,18,4,42.0,7,66.0,17,17.0,2,0.0,0,0.0,0,1.0,1.0,2
0,1,18,0.0,,10.0,25,1,35.0,7,11.0,22,21.0,2,2.0,2,0.0,0,0.0,1.0,2
0,1,18,0.0,,13.0,27,1,40.0,7,33.0,18,17.0,3,3.0,2,0.0,0,0.0,1.0,2
0,0,14,0.0,,7.0,19,4,26.0,7,66.0,15,14.0,1,1.0,0,0.0,0,0.0,1.0,2
0,0,18,0.0,,5.0,37,4,42.0,7,11.0,18,17.0,1,2.0,2,0.0,0,1.0,1.0,2
0,0,18,1.0,,8.0,25,1,33.0,7,11.0,19,16.0,2,2.0,2,0.0,0,0.0,1.0,2
0,0,18,0.0,,21.0,36,1,57.0,7,11.0,19,16.0,3,1.0,0,0.0,0,2.0,1.0,2
0,0,3,0.0,,21.0,49,4,70.0,7,12.0,13,13.0,2,0.0,0,0.0,3,0.0,2.0,2
0,0,18,0.0,,4.0,28,1,32.0,7,11.0,18,17.0,1,1.0,1,0.0,0,0.0,1.0,2
1,0,18,0.0,2.0,6.0,31,1,37.0,7,11.0,15,15.0,2,0.0,0,0.0,1,0.0,1.0,2
0,0,18,0.0,,5.0,23,1,28.0,7,11.0,22,19.0,1,0.0,2,0.0,0,0.0,1.0,2
0,0,18,0.0,,10.0,40,1,50.0,7,11.0,16,16.0,1,0.0,0,0.0,0,0.0,1.0,2
0,2,173,,0.0,2.0,23,2,25.0,8,11.0,15,13.0,2,1.0,1,0.0,1,0.0,1.0,1
0,1,173,1.0,0.0,3.0,35,1,38.0,8,78.0,14,14.0,2,1.0,1,0.0,0,0.0,1.0,1
0,4,173,1.0,2.0,8.0,24,1,32.0,8,66.0,19,17.0,3,1.0,2,0.0,0,0.0,2.0,1
1,3,173,0.0,2.0,2.0,16,2,18.0,8,66.0,15,15.0,2,1.0,1,0.0,0,0.0,1.0,1
1,2,996,0.0,2.0,4.0,26,1,30.0,8,11.0,24,16.0,3,1.0,1,4.0,0,0.0,1.0,1
0,0,173,0.0,,,49,2,,8,,20,20.0,2,,0,0.0,0,,,1
0,0,173,0.0,0.0,17.0,43,2,60.0,8,11.0,15,15.0,2,1.0,1,0.0,0,,1.0,1
0,0,996,,,10.0,35,2,45.0,8,62.0,15,,2,1.0,1,5.0,0,0.0,2.0,1
0,4,173,0.0,0.0,-4.0,35,2,31.0,8,11.0,14,14.0,2,1.0,0,0.0,0,0.0,1.0,1
0,0,60,0.0,1.0,25.0,43,1,68.0,5,11.0,13,15.0,1,1.0,0,3.0,1,2.0,1.0,2
0,2,60,0.0,,,45,1,,5,,19,19.0,1,,1,1.0,0,,,2
0,1,60,0.0,,,48,5,,5,,15,15.0,1,,0,2.0,0,,,2
0,0,60,0.0,0.0,10.0,20,2,30.0,5,11.0,18,18.0,1,2.0,2,0.0,0,0.0,1.0,2
0,0,60,0.0,2.0,8.0,27,1,35.0,5,11.0,16,16.0,1,0.0,0,1.0,1,0.0,2.0,2
0,1,60,0.0,1.0,11.0,24,2,35.0,5,11.0,15,15.0,1,2.0,1,0.0,2,1.0,2.0,2
0,0,60,0.0,,5.0,25,2,30.0,5,11.0,15,15.0,1,0.0,0,2.0,0,0.0,1.0,2
0,0,60,0.0,,8.0,37,5,45.0,5,62.0,20,14.0,1,0.0,0,0.0,1,0.0,2.0,2
0,0,60,0.0,,17.0,34,5,51.0,5,62.0,14,15.0,1,0.0,0,0.0,3,1.0,2.0,2
0,1,60,0.0,,6.0,26,1,32.0,5,66.0,15,16.0,1,0.0,0,0.0,2,0.0,2.0,2
1,2,202,1.0,2.0,-2.0,35,1,33.0,10,33.0,27,17.0,5,3.0,3,3.0,0,0.0,1.0,1
1,0,229,0.0,2.0,3.0,35,1,38.0,10,62.0,30,17.0,5,2.0,1,0.0,0,0.0,1.0,1
0,0,261,0.0,,21.0,32,1,53.0,10,62.0,23,22.0,5,1.0,2,0.0,0,0.0,1.0,1
1,5,248,,1.0,5.0,24,2,29.0,10,66.0,17,14.0,4,2.0,2,0.0,0,0.0,1.0,1
0,0,189,0.0,,6.0,34,2,40.0,10,66.0,33,20.0,5,2.0,2,0.0,0,0.0,1.0,1
1,5,245,1.0,1.0,,42,2,,10,,21,17.0,4,,2,0.0,0,,,1
0,0,996,0.0,,0.0,39,1,39.0,10,62.0,22,16.0,4,1.0,1,0.0,0,0.0,1.0,1
1,2,235,1.0,2.0,3.0,25,2,28.0,10,64.0,17,15.0,4,1.0,0,0.0,0,0.0,2.0,1
0,1,162,0.0,2.0,10.0,25,1,35.0,10,62.0,17,19.0,4,1.0,2,0.0,0,0.0,1.0,1
1,2,202,0.0,2.0,6.0,22,1,28.0,10,0.0,13,13.0,4,2.0,2,2.0,0,0.0,1.0,1
0,2,176,0.0,,11.0,18,4,29.0,10,62.0,16,14.0,4,2.0,2,1.0,0,0.0,1.0,1
1,5,236,0.0,1.0,23.0,24,1,47.0,10,62.0,17,17.0,3,1.0,2,0.0,0,1.0,1.0,1
0,3,4,0.0,,10.0,22,4,32.0,10,61.0,17,13.0,4,1.0,0,0.0,0,0.0,1.0,1
1,5,107,0.0,2.0,7.0,23,2,30.0,10,66.0,19,13.0,4,2.0,2,1.0,0,0.0,1.0,1
1,4,248,,2.0,16.0,40,1,56.0,10,11.0,20,17.0,4,2.0,2,3.0,0,1.0,1.0,1
0,0,193,,,9.0,37,2,46.0,12,31.0,33,18.0,5,,2,0.0,2,,1.0,1
0,0,236,,,8.0,32,2,40.0,12,62.0,14,18.0,5,2.0,2,0.0,0,0.0,1.0,1
0,1,188,0.0,,12.0,33,1,45.0,12,72.0,19,17.0,4,3.0,2,0.0,0,0.0,1.0,1
0,1,255,0.0,2.0,7.0,32,1,39.0,12,96.0,29,21.0,5,3.0,3,1.0,0,0.0,1.0,1
0,0,232,0.0,,7.0,43,2,50.0,12,21.0,27,18.0,5,3.0,3,0.0,1,0.0,1.0,1
0,0,202,0.0,,9.0,34,1,43.0,12,72.0,16,17.0,5,3.0,2,0.0,0,0.0,2.0,1
0,1,202,0.0,0.0,11.0,25,1,36.0,12,82.0,21,20.0,5,1.0,2,0.0,1,0.0,1.0,1
0,1,202,0.0,0.0,10.0,24,3,34.0,12,21.0,24,18.0,5,2.0,2,0.0,2,0.0,1.0,1
0,0,236,,,0.0,33,1,33.0,12,36.0,32,20.0,5,3.0,3,2.0,1,0.0,1.0,1
0,0,18,0.0,,34.0,40,1,74.0,7,11.0,17,16.0,1,0.0,0,0.0,0,0.0,1.0,2
0,1,14,0.0,,,42,2,,7,,13,14.0,2,,0,2.0,0,,,2
0,0,18,0.0,,-2.0,42,1,40.0,7,11.0,14,14.0,1,1.0,0,3.0,0,0.0,1.0,2
0,1,14,0.0,,5.0,35,2,40.0,7,11.0,15,14.0,2,0.0,0,0.0,0,0.0,1.0,2
1,0,18,1.0,2.0,20.0,46,1,66.0,7,11.0,18,14.0,1,0.0,0,3.0,0,0.0,1.0,2
1,4,18,1.0,1.0,10.0,27,1,37.0,7,11.0,18,18.0,1,1.0,1,0.0,0,0.0,1.0,2
0,0,18,0.0,,4.0,23,2,27.0,7,11.0,15,16.0,3,2.0,1,0.0,0,0.0,1.0,2
0,0,18,0.0,,6.0,16,1,22.0,7,11.0,13,14.0,1,2.0,1,0.0,0,0.0,1.0,2
0,1,77,0.0,,3.0,29,2,32.0,7,11.0,18,18.0,4,1.0,0,0.0,0,0.0,1.0,2
0,1,14,0.0,,20.0,40,7,60.0,7,11.0,18,16.0,1,0.0,0,0.0,0,2.0,1.0,2
0,1,18,0.0,,11.0,30,1,41.0,7,11.0,15,15.0,2,1.0,0,1.0,0,0.0,1.0,2
0,1,14,0.0,,9.0,28,2,37.0,7,11.0,23,21.0,2,0.0,0,0.0,0,1.0,1.0,2
1,4,14,0.0,1.0,8.0,32,1,40.0,7,11.0,30,15.0,2,0.0,0,0.0,0,0.0,1.0,2
0,1,18,0.0,,10.0,40,7,50.0,7,11.0,18,22.0,1,0.0,0,0.0,0,0.0,1.0,2
0,1,77,0.0,,23.0,27,2,50.0,7,11.0,22,16.0,1,0.0,0,0.0,0,0.0,1.0,2
1,3,18,0.0,1.0,,30,1,,7,,15,16.0,1,,0,0.0,0,,,2
1,0,33,0.0,2.0,6.0,38,1,44.0,5,11.0,18,18.0,1,2.0,1,0.0,0,0.0,1.0,2
0,0,33,0.0,2.0,4.0,38,1,42.0,5,11.0,18,17.0,1,1.0,1,0.0,3,0.0,1.0,2
0,0,33,0.0,,2.0,33,5,35.0,5,11.0,20,20.0,1,1.0,0,0.0,0,0.0,1.0,2
1,3,33,0.0,2.0,11.0,36,1,47.0,5,11.0,18,14.0,1,2.0,0,5.0,0,0.0,1.0,2
0,0,33,0.0,,5.0,35,1,40.0,5,11.0,16,16.0,1,2.0,1,0.0,0,0.0,1.0,2
0,0,33,0.0,,9.0,19,7,28.0,5,11.0,15,16.0,1,1.0,0,1.0,0,0.0,2.0,2
0,4,33,1.0,2.0,10.0,24,5,34.0,5,11.0,20,18.0,1,2.0,0,5.0,0,0.0,1.0,2
0,3,33,0.0,1.0,,42,5,,5,,16,12.0,1,,0,5.0,0,,,2
1,0,33,0.0,2.0,11.0,34,1,45.0,5,11.0,18,19.0,1,1.0,0,0.0,0,0.0,1.0,2
0,4,33,0.0,,2.0,33,1,35.0,5,11.0,13,14.0,1,2.0,1,5.0,0,0.0,1.0,2
0,0,33,1.0,2.0,14.0,30,1,44.0,5,11.0,17,17.0,1,1.0,0,1.0,3,0.0,1.0,2
1,4,33,0.0,1.0,,29,7,,5,,13,13.0,1,,0,0.0,0,,,2
0,0,33,0.0,,,49,7,,5,,15,15.0,1,,0,1.0,0,,,2
0,0,33,0.0,,4.0,39,1,43.0,5,11.0,22,23.0,1,1.0,0,0.0,1,0.0,1.0,2
1,5,33,1.0,1.0,10.0,35,1,45.0,5,11.0,14,14.0,1,2.0,0,4.0,0,0.0,1.0,2
1,0,33,0.0,,,48,1,,5,,14,14.0,1,,1,4.0,0,,,2
0,0,33,1.0,,6.0,38,1,44.0,5,11.0,12,,1,2.0,1,0.0,0,1.0,1.0,2
0,1,5,0.0,,7.0,48,4,55.0,5,11.0,17,17.0,1,1.0,0,5.0,0,0.0,1.0,1
0,0,5,0.0,,5.0,30,4,35.0,5,62.0,16,14.0,3,0.0,0,0.0,0,1.0,1.0,1
0,2,33,1.0,2.0,11.0,19,1,30.0,5,11.0,16,15.0,1,0.0,1,0.0,0,0.0,1.0,1
0,1,5,0.0,,3.0,22,4,25.0,5,11.0,16,15.0,1,0.0,0,0.0,0,0.0,1.0,1
0,3,996,0.0,,2.0,18,2,20.0,5,62.0,13,14.0,2,0.0,0,2.0,0,0.0,1.0,1
1,0,33,0.0,,14.0,31,4,45.0,5,,19,18.0,2,0.0,0,0.0,3,1.0,1.0,1
0,3,5,0.0,,6.0,27,4,33.0,5,82.0,19,16.0,3,0.0,0,1.0,0,1.0,1.0,1
0,0,61,0.0,,15.0,22,4,37.0,5,11.0,15,15.0,2,0.0,0,0.0,0,1.0,1.0,1
1,0,5,0.0,,11.0,34,4,45.0,5,73.0,16,16.0,3,0.0,0,0.0,0,0.0,1.0,1
0,0,1,0.0,,17.0,48,4,65.0,5,11.0,12,13.0,1,0.0,0,5.0,0,3.0,1.0,1
0,0,5,0.0,,9.0,20,4,29.0,5,62.0,14,14.0,3,0.0,0,5.0,0,0.0,1.0,1
0,0,3,0.0,,9.0,25,4,34.0,5,62.0,22,22.0,2,1.0,0,0.0,0,0.0,1.0,1
0,2,1,0.0,,20.0,22,4,42.0,5,42.0,14,14.0,2,0.0,0,3.0,0,0.0,1.0,1
0,2,33,0.0,,16.0,18,4,34.0,5,62.0,15,15.0,2,0.0,0,0.0,0,1.0,1.0,1
0,3,5,0.0,,9.0,18,4,27.0,5,62.0,17,17.0,2,0.0,1,4.0,0,0.0,1.0,1
0,0,5,0.0,,22.0,40,4,62.0,5,11.0,17,17.0,4,0.0,0,2.0,2,1.0,1.0,1
0,0,101,0.0,,6.0,24,2,30.0,5,11.0,14,12.0,1,0.0,0,0.0,0,0.0,1.0,2
0,1,101,0.0,2.0,4.0,25,5,29.0,5,11.0,18,17.0,1,1.0,1,0.0,0,0.0,1.0,2
0,4,101,0.0,,,38,5,,5,,30,17.0,1,,0,3.0,0,,,2
1,1,101,1.0,2.0,10.0,20,5,30.0,5,73.0,11,11.0,1,1.0,1,0.0,1,1.0,1.0,2
0,0,101,1.0,1.0,22.0,28,5,50.0,5,11.0,18,19.0,1,1.0,0,0.0,0,1.0,1.0,2
0,1,996,1.0,2.0,17.0,18,5,35.0,5,11.0,15,15.0,1,1.0,1,0.0,0,0.0,1.0,2
0,1,101,1.0,2.0,4.0,33,2,37.0,5,62.0,10,19.0,1,1.0,1,2.0,1,0.0,1.0,2
0,3,101,0.0,,2.0,25,5,27.0,5,11.0,13,17.0,1,1.0,0,1.0,1,0.0,1.0,2
0,0,101,1.0,0.0,37.0,45,5,82.0,5,0.0,16,17.0,1,0.0,0,0.0,1,5.0,1.0,2
1,0,101,1.0,1.0,17.0,25,5,42.0,5,11.0,15,15.0,1,0.0,0,0.0,0,0.0,1.0,2
1,4,101,0.0,1.0,3.0,18,1,21.0,5,11.0,17,17.0,1,2.0,2,0.0,0,1.0,1.0,2
0,1,101,0.0,,4.0,20,2,24.0,5,63.0,18,17.0,1,2.0,0,1.0,1,0.0,2.0,2
1,2,158,0.0,,1.0,37,2,38.0,11,75.0,20,18.0,4,2.0,2,3.0,1,0.0,1.0,1
0,1,173,0.0,2.0,7.0,33,2,40.0,11,31.0,31,18.0,4,0.0,1,1.0,0,0.0,2.0,1
0,0,232,0.0,0.0,8.0,30,2,38.0,11,62.0,26,23.0,5,2.0,3,0.0,0,0.0,1.0,1
0,1,213,0.0,,10.0,40,2,50.0,11,62.0,35,19.0,5,2.0,3,0.0,0,0.0,1.0,1
0,1,173,0.0,2.0,,38,2,,11,,18,15.0,4,,1,0.0,0,,,1
1,1,173,0.0,2.0,10.0,32,1,42.0,11,73.0,26,17.0,4,2.0,2,0.0,0,0.0,1.0,1
1,4,232,0.0,1.0,10.0,32,1,42.0,11,96.0,29,18.0,5,3.0,3,0.0,1,0.0,1.0,1
0,2,213,0.0,,6.0,38,2,44.0,11,66.0,31,18.0,5,1.0,2,0.0,0,0.0,1.0,1
0,3,996,0.0,,10.0,27,3,37.0,11,66.0,26,16.0,4,1.0,2,2.0,0,1.0,1.0,1
0,2,168,0.0,0.0,13.0,31,1,44.0,11,72.0,26,22.0,4,1.0,2,0.0,0,0.0,1.0,1
0,3,236,0.0,,10.0,33,3,43.0,2,77.0,17,15.0,2,2.0,1,1.0,0,,1.0,2
0,1,242,1.0,1.0,9.0,33,2,42.0,2,11.0,20,17.0,2,1.0,1,0.0,2,0.0,1.0,2
1,2,996,0.0,1.0,,49,3,,2,,14,13.0,1,,1,0.0,0,,,2
0,5,236,1.0,2.0,5.0,35,3,40.0,2,62.0,29,17.0,2,2.0,2,0.0,1,,1.0,2
1,4,236,1.0,2.0,12.0,40,2,52.0,2,11.0,20,20.0,1,1.0,2,3.0,0,0.0,1.0,2
0,1,242,0.0,,0.0,28,2,28.0,2,62.0,16,13.0,2,1.0,1,0.0,0,0.0,1.0,2
1,2,256,0.0,1.0,12.0,20,3,32.0,2,11.0,14,14.0,2,1.0,1,3.0,0,0.0,1.0,2
0,2,236,0.0,,10.0,28,3,38.0,2,14.0,26,14.0,1,1.0,1,0.0,1,0.0,1.0,2
1,2,242,1.0,,5.0,25,3,30.0,2,11.0,18,16.0,2,2.0,1,5.0,0,0.0,1.0,2
0,2,996,1.0,2.0,3.0,38,3,41.0,2,72.0,16,16.0,2,2.0,1,0.0,0,0.0,1.0,2
1,0,242,1.0,1.0,-6.0,36,3,30.0,2,11.0,29,16.0,2,2.0,2,0.0,0,0.0,1.0,2
1,2,242,0.0,1.0,-6.0,33,2,27.0,2,11.0,24,14.0,2,1.0,1,0.0,0,0.0,1.0,2
1,1,242,0.0,1.0,5.0,32,3,37.0,2,11.0,28,15.0,2,1.0,2,3.0,0,0.0,1.0,2
0,0,236,1.0,1.0,7.0,28,2,35.0,2,15.0,16,14.0,1,2.0,2,0.0,0,0.0,1.0,2
0,2,61,0.0,,6.0,23,1,29.0,5,11.0,20,18.0,1,0.0,0,3.0,0,0.0,1.0,2
0,1,33,0.0,,12.0,30,1,42.0,5,11.0,14,15.0,2,0.0,0,0.0,0,2.0,1.0,2
1,0,38,0.0,1.0,14.0,29,2,43.0,5,11.0,14,13.0,2,0.0,1,0.0,0,0.0,1.0,2
0,1,5,0.0,,12.0,22,4,34.0,5,11.0,19,15.0,2,0.0,0,5.0,0,1.0,1.0,2
0,0,61,0.0,,16.0,37,4,53.0,5,11.0,15,15.0,2,0.0,0,2.0,0,1.0,1.0,2
0,0,5,0.0,,5.0,20,4,25.0,5,42.0,16,16.0,2,1.0,0,0.0,0,0.0,1.0,2
1,0,33,0.0,,3.0,26,2,29.0,5,11.0,20,19.0,1,0.0,1,0.0,0,0.0,1.0,2
1,5,5,0.0,,,18,4,,5,,14,14.0,1,,0,2.0,0,,,2
0,1,33,1.0,,4.0,18,1,22.0,5,11.0,14,15.0,2,2.0,2,5.0,0,0.0,1.0,2
0,0,996,0.0,0.0,7.0,21,2,28.0,5,11.0,17,17.0,2,2.0,2,0.0,0,0.0,1.0,2
0,0,38,0.0,,14.0,26,1,40.0,5,11.0,14,16.0,1,0.0,0,0.0,0,1.0,2.0,2
1,0,42,0.0,2.0,4.0,18,1,22.0,5,11.0,15,16.0,1,2.0,1,0.0,0,0.0,1.0,2
0,0,5,0.0,,11.0,37,4,48.0,5,11.0,15,15.0,2,1.0,0,0.0,1,0.0,1.0,2
0,0,33,0.0,,-1.0,27,2,26.0,5,11.0,20,18.0,2,2.0,1,0.0,0,0.0,1.0,2
0,1,5,0.0,,13.0,15,5,28.0,5,11.0,15,15.0,1,1.0,1,0.0,0,0.0,1.0,2
0,2,33,0.0,,7.0,29,3,36.0,5,11.0,13,14.0,2,2.0,1,2.0,0,0.0,1.0,2
0,0,3,0.0,,7.0,28,4,35.0,5,11.0,17,18.0,1,0.0,0,0.0,0,0.0,1.0,2
0,3,42,0.0,,4.0,24,3,28.0,5,11.0,19,20.0,1,2.0,2,1.0,0,0.0,1.0,2
1,2,4,0.0,,38.0,25,4,63.0,7,62.0,13,14.0,4,0.0,0,0.0,0,1.0,1.0,1
1,0,54,1.0,,22.0,30,4,52.0,7,62.0,22,18.0,3,1.0,1,1.0,0,1.0,1.0,1
0,0,98,0.0,,13.0,34,4,47.0,7,11.0,16,18.0,1,,1,0.0,0,1.0,2.0,1
0,2,3,0.0,,22.0,47,4,69.0,7,21.0,15,15.0,3,0.0,0,2.0,0,1.0,2.0,1
0,0,3,0.0,,15.0,15,4,30.0,7,62.0,12,13.0,3,0.0,0,0.0,0,0.0,2.0,1
0,2,33,1.0,,6.0,29,2,35.0,7,11.0,17,17.0,3,1.0,1,0.0,0,0.0,1.0,1
1,3,18,1.0,,3.0,22,3,25.0,7,11.0,15,15.0,2,2.0,2,0.0,0,0.0,1.0,1
0,0,45,0.0,,,40,4,,7,,12,15.0,2,,0,0.0,0,,,1
1,1,98,1.0,2.0,3.0,40,1,43.0,7,42.0,24,21.0,4,2.0,2,0.0,0,0.0,1.0,1
1,3,45,1.0,,4.0,34,4,38.0,7,72.0,15,14.0,2,2.0,0,4.0,0,0.0,2.0,1
0,2,45,0.0,,14.0,20,4,34.0,7,11.0,15,16.0,3,1.0,1,0.0,0,0.0,1.0,1
0,2,45,0.0,,30.0,20,4,50.0,7,62.0,13,13.0,4,1.0,0,0.0,0,1.0,1.0,1
1,5,18,0.0,1.0,26.0,36,1,62.0,7,82.0,15,14.0,2,1.0,1,0.0,0,0.0,1.0,1
1,0,31,0.0,,2.0,39,2,41.0,7,54.0,21,21.0,4,2.0,1,0.0,0,0.0,1.0,1
0,1,1,0.0,,22.0,21,4,43.0,7,62.0,14,14.0,4,0.0,2,0.0,0,1.0,1.0,1
0,3,43,0.0,,-10.0,49,4,39.0,7,62.0,28,28.0,4,0.0,0,0.0,0,1.0,1.0,1
1,5,996,0.0,,,20,2,,7,,18,14.0,2,,1,0.0,0,,,1
0,1,47,0.0,,,46,2,,7,,20,14.0,2,,0,0.0,0,,,1
1,0,101,0.0,,29.0,39,2,68.0,7,11.0,18,19.0,3,2.0,0,0.0,0,1.0,1.0,1
1,1,132,1.0,,8.0,34,3,42.0,8,11.0,29,19.0,2,2.0,2,2.0,0,0.0,1.0,1
1,2,165,1.0,,,23,2,,8,,20,17.0,3,,2,2.0,0,,,1
0,0,996,,0.0,2.0,38,1,40.0,8,54.0,16,,3,1.0,2,2.0,0,0.0,1.0,1
0,0,996,0.0,,,37,1,,8,,17,16.0,2,,0,0.0,0,,,1
1,4,132,1.0,0.0,10.0,31,1,41.0,8,11.0,14,16.0,3,2.0,2,1.0,0,0.0,1.0,1
0,3,132,1.0,2.0,,39,1,,8,,18,17.0,2,,1,3.0,0,,,1
1,3,132,0.0,,4.0,30,1,34.0,8,62.0,16,16.0,3,2.0,2,2.0,0,1.0,1.0,1
0,0,996,1.0,,9.0,18,1,27.0,8,11.0,15,11.0,2,2.0,2,3.0,0,0.0,1.0,1
1,1,132,1.0,1.0,,42,1,,8,,29,12.0,3,,1,2.0,0,,,1
1,2,132,0.0,0.0,8.0,28,2,36.0,8,11.0,20,15.0,3,1.0,2,2.0,0,0.0,2.0,1
0,4,132,0.0,0.0,10.0,26,1,36.0,8,63.0,14,13.0,2,1.0,1,0.0,0,0.0,1.0,1
1,1,216,0.0,2.0,2.0,47,2,49.0,6,15.0,44,14.0,3,1.0,1,3.0,1,0.0,1.0,2
0,2,216,0.0,,4.0,26,1,30.0,6,62.0,14,15.0,3,2.0,2,2.0,2,0.0,1.0,2
0,0,216,0.0,,12.0,36,2,48.0,6,72.0,34,13.0,3,1.0,1,0.0,0,0.0,1.0,2
0,0,216,0.0,0.0,7.0,20,2,27.0,6,66.0,16,15.0,3,2.0,2,2.0,2,0.0,1.0,2
1,2,216,1.0,2.0,5.0,29,2,34.0,6,11.0,21,19.0,3,1.0,1,0.0,0,0.0,1.0,2
1,3,232,0.0,2.0,4.0,38,2,42.0,6,11.0,16,14.0,3,1.0,2,1.0,0,0.0,1.0,2
1,3,216,1.0,1.0,2.0,27,2,29.0,6,11.0,23,14.0,3,1.0,2,2.0,0,0.0,1.0,2
1,0,216,1.0,1.0,4.0,30,2,34.0,6,11.0,11,14.0,3,1.0,1,1.0,0,0.0,1.0,2
1,2,199,0.0,2.0,4.0,39,1,43.0,3,62.0,32,17.0,5,,2,0.0,1,0.0,1.0,1
0,1,232,1.0,0.0,2.0,21,3,23.0,3,76.0,19,16.0,5,2.0,2,1.0,2,0.0,1.0,1
1,3,179,,1.0,,38,7,,3,,21,18.0,4,,2,0.0,0,,,1
1,3,137,,1.0,12.0,22,2,34.0,3,76.0,19,15.0,4,2.0,2,0.0,0,0.0,1.0,1
1,3,229,1.0,2.0,4.0,28,1,32.0,3,42.0,23,18.0,5,3.0,2,0.0,0,0.0,1.0,1
0,2,150,0.0,2.0,,33,1,,8,,18,15.0,1,,1,0.0,0,,,2
0,2,177,0.0,,11.0,24,4,35.0,8,11.0,18,15.0,3,1.0,1,0.0,0,0.0,1.0,2
0,1,177,0.0,,10.0,28,4,38.0,8,62.0,14,16.0,4,1.0,1,1.0,0,0.0,1.0,2
0,1,150,0.0,0.0,,22,1,,8,,17,17.0,2,,2,0.0,0,,,2
0,0,150,0.0,,8.0,34,4,42.0,8,62.0,30,29.0,4,1.0,1,5.0,0,0.0,2.0,2
0,0,177,0.0,,38.0,22,4,60.0,8,11.0,17,15.0,3,1.0,1,5.0,0,0.0,1.0,2
0,0,4,0.0,,47.0,48,4,95.0,8,78.0,15,12.0,2,0.0,0,0.0,0,0.0,2.0,2
1,4,177,0.0,1.0,,48,2,,8,,27,22.0,2,,2,0.0,0,,,2
0,1,173,0.0,0.0,10.0,22,1,32.0,8,72.0,15,16.0,3,1.0,1,0.0,0,0.0,1.0,2
0,0,150,0.0,1.0,,46,4,,8,,30,16.0,1,,1,5.0,0,,,2
0,0,177,0.0,,,47,4,,8,,15,16.0,1,,0,5.0,0,,,2
0,1,55,0.0,,10.0,42,1,52.0,12,74.0,14,14.0,3,1.0,1,0.0,2,1.0,2.0,1
0,0,55,0.0,,5.0,32,2,37.0,12,0.0,17,15.0,3,1.0,1,0.0,2,0.0,1.0,1
0,0,232,0.0,,-5.0,36,1,31.0,12,36.0,34,19.0,5,3.0,2,0.0,1,0.0,1.0,1
1,1,236,1.0,1.0,,39,1,,12,,20,16.0,4,,2,0.0,0,,,1
0,3,55,0.0,0.0,1.0,45,2,46.0,12,82.0,16,16.0,4,0.0,0,0.0,2,0.0,1.0,1
0,0,55,0.0,,1.0,46,1,47.0,12,82.0,25,18.0,3,1.0,1,0.0,0,0.0,1.0,1
1,3,238,0.0,1.0,11.0,27,3,38.0,12,66.0,17,15.0,4,2.0,2,0.0,2,0.0,1.0,1
0,0,229,,,,44,1,,12,,12,13.0,4,,1,0.0,0,,,1
1,2,55,0.0,1.0,10.0,24,2,34.0,12,82.0,18,19.0,4,1.0,1,1.0,0,0.0,1.0,1
0,0,193,,0.0,,49,3,,12,,23,20.0,4,,1,0.0,0,,,1
1,1,55,0.0,,0.0,30,4,30.0,12,62.0,18,14.0,3,0.0,0,4.0,0,,1.0,1
1,5,78,1.0,1.0,,20,3,,4,,14,13.0,3,,1,2.0,0,,,2
1,4,79,0.0,1.0,12.0,33,2,45.0,4,11.0,13,13.0,3,1.0,1,0.0,0,1.0,1.0,2
0,3,78,0.0,1.0,16.0,27,2,43.0,4,11.0,22,13.0,2,1.0,1,0.0,0,1.0,1.0,2
0,2,78,1.0,,5.0,20,2,25.0,4,11.0,20,12.0,1,1.0,1,0.0,0,0.0,1.0,2
1,0,78,1.0,2.0,,30,1,,4,,17,15.0,2,,2,0.0,0,,,2
1,0,78,1.0,2.0,-5.0,32,1,27.0,4,11.0,23,12.0,1,2.0,1,0.0,0,0.0,1.0,2
0,4,78,1.0,1.0,3.0,46,1,49.0,4,11.0,16,17.0,3,1.0,1,0.0,3,0.0,1.0,2
0,0,78,1.0,2.0,20.0,36,1,56.0,4,11.0,13,12.0,1,1.0,1,2.0,0,0.0,1.0,2
0,5,78,0.0,2.0,13.0,23,2,36.0,4,11.0,14,12.0,2,2.0,1,0.0,0,2.0,1.0,2
0,2,78,1.0,,12.0,30,1,42.0,4,62.0,18,16.0,1,1.0,0,2.0,0,0.0,1.0,2
0,0,78,0.0,2.0,2.0,26,3,28.0,4,11.0,14,13.0,1,1.0,1,0.0,1,0.0,1.0,2
0,3,78,0.0,1.0,3.0,16,1,19.0,4,11.0,13,12.0,2,1.0,1,0.0,0,0.0,1.0,2
0,3,78,1.0,1.0,5.0,32,1,37.0,4,11.0,11,12.0,3,1.0,1,0.0,0,0.0,1.0,2
0,0,78,0.0,2.0,1.0,24,3,25.0,4,11.0,17,16.0,1,2.0,1,0.0,0,1.0,1.0,2
0,2,189,0.0,0.0,12.0,48,2,60.0,9,0.0,17,18.0,4,2.0,1,0.0,2,0.0,1.0,1
0,0,202,0.0,2.0,,33,1,,9,,24,16.0,4,,2,0.0,0,,,1
1,2,193,0.0,1.0,3.0,23,2,26.0,9,36.0,21,17.0,5,2.0,2,0.0,0,0.0,1.0,1
1,3,202,0.0,2.0,3.0,29,2,32.0,9,78.0,28,21.0,4,1.0,3,0.0,0,0.0,1.0,1
0,1,193,0.0,,5.0,48,1,53.0,9,33.0,22,17.0,4,3.0,3,0.0,0,0.0,2.0,1
1,1,193,1.0,0.0,4.0,28,2,32.0,9,73.0,19,17.0,4,1.0,2,0.0,0,0.0,1.0,1
0,0,199,0.0,,4.0,30,1,34.0,9,66.0,18,17.0,5,2.0,2,0.0,0,0.0,1.0,1
1,4,202,1.0,,,37,2,,9,,30,18.0,3,,2,0.0,0,,,1
0,1,193,0.0,,6.0,20,2,26.0,9,33.0,19,17.0,4,2.0,2,0.0,0,0.0,1.0,1
0,1,250,0.0,0.0,4.0,22,1,26.0,9,32.0,19,16.0,5,3.0,3,0.0,0,0.0,1.0,1
1,4,202,0.0,1.0,,33,1,,9,,16,17.0,4,,2,0.0,0,,,1
1,0,244,0.0,1.0,2.0,40,3,42.0,2,72.0,14,15.0,3,1.0,1,0.0,2,0.0,1.0,1
0,1,3,0.0,,20.0,22,4,42.0,2,66.0,15,15.0,4,0.0,0,0.0,0,0.0,1.0,1
0,3,234,1.0,2.0,2.0,41,1,43.0,2,72.0,23,19.0,3,2.0,2,1.0,0,,2.0,1
0,0,236,0.0,,11.0,42,1,53.0,2,43.0,24,17.0,5,3.0,2,0.0,0,0.0,2.0,1
1,0,244,0.0,2.0,11.0,22,1,33.0,2,72.0,18,18.0,3,1.0,1,0.0,1,0.0,1.0,1
0,0,234,0.0,1.0,11.0,24,3,35.0,2,42.0,16,14.0,4,2.0,2,0.0,0,0.0,1.0,1
0,1,3,0.0,,25.0,25,4,50.0,2,46.0,15,16.0,4,1.0,0,0.0,0,2.0,1.0,1
0,2,216,1.0,1.0,9.0,26,2,35.0,3,43.0,20,18.0,5,2.0,2,0.0,0,0.0,1.0,1
1,2,239,1.0,,,36,3,,3,,34,19.0,5,,2,2.0,0,,,1
1,1,232,0.0,2.0,,38,2,,3,,23,17.0,5,,2,0.0,0,,,1
0,2,208,0.0,1.0,9.0,38,1,47.0,3,61.0,13,17.0,5,2.0,2,0.0,1,0.0,1.0,1
0,3,231,0.0,2.0,1.0,29,2,30.0,3,72.0,27,18.0,5,2.0,2,0.0,0,0.0,1.0,1
0,2,239,1.0,0.0,6.0,21,1,27.0,2,66.0,19,16.0,4,1.0,2,0.0,1,0.0,1.0,1
1,2,236,0.0,1.0,3.0,34,1,37.0,2,62.0,26,18.0,3,2.0,2,1.0,0,0.0,2.0,1
0,3,236,0.0,1.0,0.0,22,1,22.0,2,14.0,16,16.0,2,1.0,2,0.0,0,0.0,2.0,1
0,0,236,0.0,2.0,9.0,20,3,29.0,2,14.0,17,15.0,3,,2,0.0,1,0.0,2.0,1
0,2,176,,,20.0,21,4,41.0,2,82.0,15,15.0,4,,2,1.0,0,,1.0,1
1,5,246,0.0,,2.0,35,96,37.0,2,31.0,25,18.0,4,3.0,3,0.0,0,0.0,1.0,1
1,2,237,0.0,,1.0,22,1,23.0,2,0.0,21,19.0,3,2.0,2,0.0,1,0.0,1.0,1
0,5,236,0.0,1.0,,41,2,,2,,18,17.0,3,,2,0.0,0,,,1
1,2,236,1.0,1.0,14.0,33,1,47.0,2,62.0,18,18.0,3,1.0,1,3.0,0,0.0,1.0,1
1,3,216,1.0,1.0,6.0,28,1,34.0,3,66.0,16,14.0,5,2.0,1,1.0,0,0.0,1.0,1
0,0,162,0.0,1.0,9.0,26,1,35.0,3,33.0,24,24.0,5,3.0,3,0.0,0,0.0,1.0,1
0,0,202,0.0,1.0,14.0,38,1,52.0,3,71.0,21,20.0,5,3.0,2,0.0,0,0.0,1.0,1
0,0,199,0.0,,,48,3,,3,,20,20.0,3,,2,0.0,0,,,1
1,0,153,0.0,2.0,8.0,29,2,37.0,3,96.0,22,17.0,5,2.0,2,2.0,0,0.0,1.0,1
0,3,203,0.0,2.0,4.0,24,3,28.0,3,62.0,23,15.0,5,2.0,2,0.0,2,0.0,1.0,1
0,0,107,0.0,2.0,,49,3,,3,,13,13.0,5,,1,0.0,0,,,1
0,0,167,1.0,1.0,14.0,30,1,44.0,3,73.0,16,15.0,5,1.0,2,0.0,0,0.0,1.0,1
1,2,232,0.0,0.0,9.0,30,1,39.0,3,73.0,25,22.0,5,3.0,3,0.0,0,0.0,2.0,1
0,1,202,1.0,2.0,13.0,32,2,45.0,3,96.0,27,17.0,5,2.0,2,2.0,0,0.0,1.0,1
1,2,185,0.0,1.0,3.0,32,1,35.0,3,62.0,31,20.0,5,1.0,2,0.0,3,0.0,1.0,1
1,1,18,1.0,2.0,10.0,30,7,40.0,7,11.0,14,14.0,1,0.0,0,0.0,0,0.0,1.0,2
0,1,47,0.0,2.0,10.0,30,7,40.0,7,11.0,18,18.0,1,0.0,0,0.0,0,1.0,1.0,2
1,2,18,0.0,2.0,,33,1,,7,,15,15.0,1,,2,0.0,0,,,2
1,1,18,0.0,2.0,18.0,32,2,50.0,7,11.0,19,19.0,1,0.0,2,0.0,1,0.0,1.0,2
0,0,3,0.0,,22.0,35,4,57.0,7,11.0,17,17.0,1,0.0,0,2.0,0,0.0,1.0,2
1,0,18,0.0,,11.0,19,1,30.0,7,11.0,16,17.0,1,0.0,1,3.0,0,0.0,1.0,2
0,0,18,0.0,,7.0,33,1,40.0,7,11.0,14,15.0,1,0.0,0,0.0,0,0.0,1.0,2
0,1,18,0.0,2.0,7.0,27,7,34.0,7,11.0,17,17.0,1,0.0,0,0.0,0,2.0,1.0,2
0,0,18,0.0,,12.0,23,2,35.0,7,11.0,17,15.0,1,1.0,0,3.0,0,1.0,1.0,2
1,0,102,0.0,1.0,9.0,23,2,32.0,1,75.0,20,19.0,5,2.0,1,1.0,0,0.0,1.0,1
1,0,102,0.0,2.0,4.0,29,2,33.0,1,11.0,19,15.0,3,1.0,1,0.0,0,0.0,1.0,1
0,1,102,0.0,,,26,4,,1,,20,17.0,3,,1,0.0,0,,,1
0,1,102,0.0,2.0,3.0,32,2,35.0,1,61.0,18,14.0,3,0.0,0,0.0,0,0.0,1.0,1
0,2,996,0.0,,23.0,17,4,40.0,1,62.0,16,15.0,3,0.0,0,0.0,0,0.0,1.0,1
1,4,33,1.0,1.0,9.0,23,2,32.0,1,61.0,15,16.0,2,1.0,1,0.0,3,0.0,1.0,1
0,4,78,0.0,,25.0,20,2,45.0,1,66.0,12,11.0,3,0.0,1,0.0,0,1.0,1.0,1
0,0,62,,,,45,4,,1,,16,16.0,4,,1,4.0,0,,,1
1,2,996,0.0,,,40,4,,1,,26,15.0,4,,0,0.0,0,,,1
0,3,102,0.0,,5.0,20,2,25.0,1,72.0,15,15.0,4,2.0,1,0.0,0,0.0,1.0,1
0,2,102,1.0,1.0,6.0,38,2,44.0,1,42.0,24,20.0,5,3.0,2,0.0,0,0.0,1.0,1
0,1,45,1.0,,14.0,22,4,36.0,1,62.0,12,14.0,4,2.0,0,0.0,1,0.0,1.0,1
0,0,62,0.0,1.0,15.0,29,2,44.0,1,32.0,13,14.0,5,3.0,2,0.0,1,0.0,2.0,1
0,2,3,0.0,,16.0,41,4,57.0,1,62.0,16,,4,0.0,0,0.0,1,0.0,1.0,1
0,1,101,0.0,,15.0,30,3,45.0,1,11.0,14,14.0,4,2.0,2,0.0,1,0.0,2.0,1
0,2,102,0.0,,13.0,47,4,60.0,1,11.0,19,20.0,4,0.0,0,0.0,1,1.0,1.0,1
0,0,3,0.0,,,35,4,,4,,17,17.0,3,,0,0.0,0,,,1
0,1,3,0.0,,2.0,20,4,22.0,4,66.0,17,17.0,2,0.0,0,3.0,0,0.0,1.0,1
0,0,3,0.0,,8.0,22,4,30.0,4,62.0,15,16.0,3,1.0,1,0.0,0,0.0,1.0,1
0,0,3,0.0,,10.0,30,4,40.0,4,66.0,18,18.0,3,2.0,1,0.0,0,0.0,1.0,1
0,1,3,0.0,,,32,4,,4,,22,23.0,4,,0,0.0,0,,,1
0,0,3,0.0,,,30,4,,4,,21,20.0,3,,0,0.0,0,,,1
0,1,3,1.0,,12.0,41,4,53.0,4,61.0,15,15.0,2,0.0,0,0.0,0,0.0,1.0,1
0,2,3,0.0,,11.0,25,4,36.0,4,62.0,17,18.0,4,1.0,1,0.0,0,0.0,1.0,1
0,5,3,0.0,,20.0,20,4,40.0,4,62.0,17,17.0,4,0.0,0,0.0,0,1.0,1.0,1
0,0,4,0.0,,0.0,31,4,31.0,4,62.0,25,25.0,3,0.0,1,2.0,0,0.0,1.0,1
0,5,78,0.0,,10.0,25,4,35.0,4,11.0,20,20.0,2,0.0,0,0.0,0,0.0,1.0,1
0,1,3,0.0,,5.0,21,4,26.0,4,62.0,16,17.0,4,0.0,1,0.0,0,0.0,2.0,1
0,3,4,1.0,,,48,4,,4,,20,13.0,3,,0,3.0,0,,,1
0,2,190,0.0,1.0,,39,1,,9,,28,17.0,4,,2,0.0,0,,,1
1,2,179,0.0,2.0,13.0,30,1,43.0,9,66.0,23,21.0,5,1.0,2,2.0,2,0.0,1.0,1
0,1,261,0.0,2.0,9.0,26,1,35.0,9,62.0,23,24.0,5,2.0,2,0.0,1,0.0,1.0,1
0,0,244,0.0,2.0,8.0,28,3,36.0,9,82.0,17,19.0,5,2.0,2,0.0,2,0.0,1.0,1
1,2,202,1.0,2.0,5.0,30,2,35.0,9,66.0,15,13.0,3,1.0,2,2.0,0,0.0,1.0,1
1,2,202,1.0,2.0,6.0,28,1,34.0,9,66.0,21,20.0,5,1.0,2,0.0,3,0.0,2.0,1
1,2,202,0.0,1.0,8.0,21,1,29.0,9,72.0,16,15.0,4,2.0,2,1.0,1,0.0,1.0,1
1,3,202,0.0,1.0,10.0,33,1,43.0,9,66.0,14,14.0,4,2.0,1,0.0,1,1.0,1.0,1
1,2,202,1.0,2.0,2.0,30,1,32.0,9,66.0,28,18.0,4,1.0,2,0.0,0,0.0,1.0,1
0,1,201,0.0,,9.0,17,7,26.0,9,62.0,16,16.0,4,2.0,2,0.0,0,0.0,1.0,1
1,3,202,0.0,2.0,,33,1,,9,,28,17.0,3,,2,2.0,0,,,1
0,1,238,0.0,2.0,12.0,24,2,36.0,9,54.0,19,18.0,5,3.0,2,0.0,0,0.0,1.0,1
1,5,244,1.0,1.0,,33,2,,10,,22,16.0,3,,1,1.0,0,,,1
0,0,235,0.0,,,20,3,,10,,19,16.0,5,,2,0.0,0,,,1
0,0,4,0.0,,2.0,38,4,40.0,10,32.0,34,16.0,4,0.0,0,0.0,0,2.0,1.0,1
1,1,245,0.0,2.0,3.0,28,2,31.0,10,13.0,25,16.0,4,,2,2.0,3,0.0,2.0,1
0,0,245,0.0,,12.0,30,1,42.0,10,24.0,20,16.0,4,2.0,2,0.0,0,0.0,1.0,1
0,0,245,0.0,,12.0,30,2,42.0,10,33.0,21,13.0,5,3.0,2,0.0,0,,1.0,1
0,1,244,0.0,1.0,10.0,28,1,38.0,10,96.0,25,17.0,4,,2,1.0,1,0.0,1.0,1
0,0,246,0.0,,13.0,18,4,31.0,10,96.0,16,14.0,5,2.0,2,0.0,0,0.0,1.0,1
0,1,254,0.0,,,37,2,,10,,33,19.0,5,,2,0.0,0,,,1
0,0,205,0.0,,12.0,41,2,53.0,10,42.0,26,18.0,5,2.0,2,0.0,3,1.0,2.0,1
0,4,238,1.0,,,46,1,,2,,21,21.0,3,,2,0.0,0,,,1
1,4,176,0.0,1.0,10.0,29,4,39.0,2,62.0,19,18.0,4,1.0,1,0.0,0,0.0,1.0,1
1,5,238,1.0,2.0,8.0,36,1,44.0,2,66.0,20,17.0,3,2.0,2,1.0,1,0.0,1.0,1
0,1,3,0.0,,17.0,28,4,45.0,2,73.0,20,16.0,4,1.0,1,0.0,0,0.0,1.0,1
0,5,101,0.0,,20.0,30,4,50.0,2,62.0,21,15.0,3,1.0,1,0.0,0,0.0,2.0,1
0,1,235,1.0,,,30,1,,2,,22,16.0,3,,1,0.0,0,,,1
1,2,238,0.0,,10.0,28,1,38.0,2,62.0,27,14.0,4,1.0,1,2.0,2,1.0,1.0,1
1,4,244,1.0,1.0,-1.0,33,1,32.0,2,72.0,28,14.0,4,1.0,2,1.0,1,0.0,1.0,1
1,3,235,0.0,2.0,1.0,48,5,49.0,2,24.0,17,16.0,5,3.0,2,0.0,1,0.0,1.0,1
0,2,107,,,3.0,25,3,28.0,12,62.0,25,22.0,5,3.0,2,0.0,0,0.0,1.0,1
0,0,4,0.0,,15.0,30,4,45.0,7,62.0,15,15.0,2,0.0,0,0.0,0,0.0,1.0,2
0,1,3,0.0,,5.0,45,4,50.0,7,11.0,15,15.0,1,0.0,0,0.0,0,2.0,1.0,2
0,0,3,0.0,,12.0,49,4,61.0,7,11.0,17,12.0,1,0.0,0,0.0,0,0.0,1.0,2
1,3,33,0.0,,4.0,28,2,32.0,7,11.0,18,18.0,2,1.0,1,0.0,0,1.0,1.0,2
1,3,28,0.0,,4.0,21,1,25.0,7,11.0,17,15.0,1,2.0,1,0.0,0,0.0,1.0,2
1,0,33,1.0,,8.0,35,1,43.0,7,11.0,12,14.0,1,0.0,0,0.0,0,1.0,1.0,2
1,2,47,,2.0,10.0,30,1,40.0,7,11.0,26,15.0,1,0.0,0,4.0,0,0.0,1.0,2
0,2,4,0.0,,7.0,18,4,25.0,7,11.0,17,16.0,1,1.0,0,3.0,0,0.0,1.0,2
0,1,4,0.0,,22.0,28,4,50.0,7,11.0,15,14.0,1,0.0,0,5.0,0,1.0,1.0,2
1,2,4,1.0,,15.0,25,4,40.0,7,11.0,14,14.0,1,0.0,0,0.0,0,1.0,1.0,2
1,0,33,1.0,1.0,-4.0,31,1,27.0,7,11.0,22,21.0,1,1.0,1,0.0,0,0.0,1.0,2
1,0,4,0.0,,7.0,34,4,41.0,7,11.0,15,15.0,1,0.0,0,0.0,0,0.0,1.0,2
0,0,3,0.0,,5.0,18,4,23.0,7,44.0,15,16.0,1,0.0,0,0.0,0,0.0,1.0,2
1,2,3,0.0,,8.0,21,4,29.0,7,11.0,13,13.0,1,0.0,0,0.0,0,0.0,1.0,2
0,3,3,0.0,,12.0,26,4,38.0,7,11.0,14,14.0,1,0.0,0,0.0,0,0.0,1.0,2
0,0,4,,,25.0,21,4,46.0,7,13.0,12,15.0,1,0.0,0,0.0,0,2.0,2.0,2
1,3,241,0.0,,2.0,26,1,28.0,6,12.0,22,14.0,4,2.0,2,0.0,0,0.0,1.0,1
1,3,202,0.0,1.0,6.0,46,1,52.0,6,41.0,33,20.0,5,3.0,2,0.0,0,0.0,1.0,1
0,3,179,,,22.0,34,1,56.0,6,11.0,18,17.0,2,1.0,1,0.0,1,0.0,1.0,1
0,2,116,,2.0,6.0,19,2,25.0,6,66.0,16,15.0,3,2.0,2,0.0,0,0.0,1.0,1
0,0,155,,2.0,5.0,19,1,24.0,6,66.0,18,17.0,5,,2,0.0,0,0.0,1.0,1
1,1,208,0.0,1.0,12.0,49,2,61.0,6,0.0,26,19.0,3,1.0,2,0.0,2,0.0,1.0,1
0,0,233,0.0,,2.0,46,1,48.0,6,11.0,30,17.0,3,3.0,2,0.0,0,0.0,2.0,1
1,4,231,1.0,2.0,1.0,18,2,19.0,6,66.0,15,14.0,3,2.0,1,3.0,0,0.0,1.0,1
0,0,233,0.0,1.0,12.0,43,2,55.0,6,11.0,38,16.0,4,,2,0.0,0,0.0,1.0,1
1,0,5,0.0,,8.0,27,4,35.0,7,11.0,20,20.0,1,0.0,0,0.0,0,1.0,1.0,2
1,0,21,0.0,,9.0,18,4,27.0,7,13.0,14,14.0,1,1.0,0,0.0,0,1.0,1.0,2
1,5,54,0.0,1.0,4.0,26,2,30.0,7,13.0,16,16.0,1,1.0,0,1.0,0,0.0,1.0,2
1,4,54,0.0,,7.0,43,4,50.0,7,11.0,15,15.0,1,0.0,0,0.0,0,2.0,1.0,2
0,0,98,0.0,,16.0,32,2,48.0,7,96.0,29,21.0,1,0.0,2,0.0,0,0.0,1.0,2
1,2,55,1.0,2.0,-8.0,33,2,25.0,7,13.0,23,18.0,1,1.0,0,3.0,0,0.0,1.0,2
0,1,98,0.0,,7.0,19,2,26.0,7,11.0,16,17.0,1,2.0,2,0.0,0,0.0,1.0,2
1,0,98,0.0,,,35,1,,7,,19,20.0,2,,2,0.0,0,,,2
1,0,54,0.0,,26.0,27,4,53.0,7,71.0,13,13.0,1,1.0,0,0.0,0,1.0,1.0,2
1,0,47,1.0,2.0,3.0,25,1,28.0,7,11.0,14,15.0,1,1.0,1,4.0,0,0.0,1.0,2
0,0,54,0.0,,58.0,17,4,75.0,7,11.0,16,16.0,1,1.0,0,0.0,0,1.0,1.0,2
1,1,98,,2.0,10.0,35,1,45.0,7,11.0,17,14.0,1,1.0,0,4.0,0,2.0,1.0,2
1,2,55,1.0,2.0,7.0,28,2,35.0,7,62.0,18,13.0,2,2.0,1,0.0,0,0.0,1.0,2
1,1,54,,,15.0,30,4,45.0,7,11.0,15,15.0,1,0.0,0,1.0,0,1.0,1.0,2
0,1,202,0.0,,0.0,38,1,38.0,3,0.0,20,20.0,4,3.0,2,0.0,0,0.0,1.0,1
0,3,232,0.0,1.0,,29,1,,3,,19,19.0,5,,3,0.0,0,,,1
0,2,202,0.0,2.0,,44,1,,3,,17,15.0,4,,2,0.0,0,,,1
0,1,202,,2.0,,34,1,,3,,20,16.0,4,,1,0.0,0,,,1
0,0,202,0.0,2.0,8.0,26,2,34.0,3,62.0,17,17.0,4,2.0,2,0.0,0,0.0,1.0,1
1,1,202,0.0,2.0,19.0,35,1,54.0,3,66.0,18,16.0,5,1.0,1,0.0,0,0.0,1.0,1
1,4,3,0.0,,7.0,18,4,25.0,1,66.0,16,16.0,3,0.0,0,2.0,0,0.0,1.0,1
1,3,3,0.0,,5.0,35,4,40.0,1,62.0,34,15.0,3,0.0,0,1.0,0,0.0,1.0,1
1,3,78,0.0,,,38,2,,1,,14,13.0,3,,0,0.0,0,,,1
0,4,69,0.0,,12.0,21,4,33.0,1,72.0,18,18.0,3,2.0,1,1.0,0,0.0,1.0,1
0,0,3,0.0,,11.0,43,4,54.0,1,62.0,17,18.0,4,1.0,0,0.0,0,2.0,1.0,1
0,1,3,,,8.0,23,4,31.0,1,61.0,14,15.0,3,0.0,2,0.0,0,0.0,1.0,1
0,5,4,0.0,,4.0,31,4,35.0,1,62.0,26,26.0,5,0.0,2,0.0,0,0.0,1.0,1
0,3,3,0.0,,13.0,19,4,32.0,1,62.0,17,17.0,5,2.0,2,1.0,0,0.0,1.0,1
0,0,3,0.0,,12.0,28,4,40.0,1,36.0,16,17.0,3,1.0,1,0.0,0,0.0,1.0,1
0,0,3,0.0,,14.0,32,4,46.0,1,66.0,16,15.0,4,2.0,1,0.0,0,0.0,1.0,1
0,4,3,0.0,,24.0,26,4,50.0,1,62.0,15,14.0,4,0.0,0,0.0,0,1.0,1.0,1
0,0,3,0.0,,24.0,42,4,66.0,1,0.0,15,16.0,4,1.0,0,0.0,0,2.0,1.0,1
0,0,3,0.0,,6.0,33,4,39.0,1,73.0,16,16.0,3,1.0,0,0.0,0,1.0,1.0,1
0,0,3,0.0,,36.0,40,4,76.0,1,42.0,21,19.0,3,0.0,0,0.0,0,1.0,1.0,1
0,4,3,0.0,,6.0,34,4,40.0,1,11.0,14,20.0,3,0.0,0,0.0,0,0.0,1.0,1
0,0,98,0.0,,,25,1,,5,,19,14.0,2,,1,0.0,0,,,1
0,4,98,0.0,1.0,12.0,38,2,50.0,5,62.0,14,14.0,3,1.0,2,0.0,3,1.0,2.0,1
1,1,98,0.0,1.0,1.0,24,2,25.0,5,66.0,23,16.0,4,2.0,2,0.0,1,0.0,2.0,1
1,4,98,0.0,,25.0,31,2,56.0,5,62.0,17,17.0,3,0.0,0,2.0,1,0.0,1.0,1
0,1,261,0.0,,5.0,35,4,40.0,5,78.0,20,15.0,3,2.0,1,2.0,3,0.0,2.0,1
0,0,3,0.0,,,45,4,,5,,22,14.0,4,,0,0.0,0,,,1
0,3,4,0.0,,,28,4,,5,,13,13.0,3,,1,0.0,0,,,1
0,4,98,0.0,,,26,4,,5,,17,16.0,2,,1,3.0,0,,,1
0,1,98,0.0,,,26,2,,5,,18,16.0,4,,2,0.0,0,,,1
0,5,996,0.0,,6.0,44,4,50.0,5,33.0,13,13.0,3,2.0,1,0.0,0,0.0,1.0,1
0,3,5,0.0,,22.0,18,4,40.0,5,62.0,12,13.0,4,0.0,1,2.0,0,0.0,1.0,1
0,2,996,0.0,,5.0,30,4,35.0,5,11.0,27,15.0,2,2.0,0,0.0,1,0.0,1.0,1
0,1,78,0.0,2.0,4.0,21,2,25.0,1,72.0,18,17.0,3,2.0,0,0.0,0,0.0,2.0,2
1,5,3,0.0,,,45,4,,1,,25,18.0,2,,0,0.0,0,,,2
0,1,102,0.0,,4.0,34,2,38.0,1,11.0,13,15.0,1,1.0,0,0.0,0,1.0,2.0,2
0,0,996,0.0,,24.0,46,4,70.0,1,62.0,25,20.0,3,2.0,0,0.0,0,1.0,1.0,2
0,1,98,0.0,,3.0,27,4,30.0,1,11.0,16,17.0,1,2.0,2,0.0,0,0.0,1.0,2
0,1,3,0.0,,9.0,36,4,45.0,1,62.0,15,15.0,1,0.0,0,4.0,0,2.0,1.0,2
0,0,78,1.0,,5.0,24,2,29.0,1,72.0,16,16.0,3,2.0,1,0.0,0,0.0,1.0,2
0,0,102,0.0,,10.0,23,2,33.0,1,11.0,19,18.0,2,,0,0.0,0,0.0,1.0,2
0,0,102,0.0,,6.0,34,4,40.0,1,11.0,13,20.0,2,1.0,1,0.0,0,0.0,1.0,2
0,1,3,0.0,,11.0,19,4,30.0,1,42.0,12,12.0,2,0.0,1,0.0,0,0.0,1.0,2
0,0,3,0.0,,11.0,31,4,42.0,1,12.0,13,14.0,2,0.0,0,0.0,0,0.0,1.0,2
1,5,996,0.0,,,45,4,,1,,24,19.0,2,,0,0.0,0,,,2
0,0,3,0.0,,28.0,30,4,58.0,1,11.0,15,14.0,3,0.0,0,,0,1.0,1.0,2
0,1,78,0.0,,1.0,25,2,26.0,1,77.0,20,19.0,2,1.0,1,0.0,0,0.0,1.0,2
0,0,3,0.0,,26.0,20,4,46.0,1,11.0,12,12.0,1,0.0,0,0.0,0,1.0,1.0,2
0,3,78,0.0,,2.0,28,4,30.0,1,11.0,12,13.0,1,1.0,0,1.0,0,0.0,1.0,2
0,2,3,0.0,,10.0,17,4,27.0,1,11.0,15,15.0,1,0.0,0,5.0,0,0.0,1.0,2
0,1,3,0.0,,3.0,27,4,30.0,1,11.0,20,16.0,1,0.0,0,0.0,0,1.0,1.0,2
0,3,3,0.0,,26.0,24,4,50.0,1,12.0,11,11.0,1,0.0,0,0.0,0,0.0,1.0,2
1,5,3,0.0,,10.0,30,4,40.0,1,12.0,25,25.0,1,0.0,0,5.0,0,1.0,1.0,2
0,0,78,0.0,,4.0,39,2,43.0,1,11.0,16,15.0,2,1.0,0,0.0,0,0.0,2.0,2
1,5,3,0.0,,13.0,22,4,35.0,1,12.0,17,15.0,1,0.0,0,0.0,0,1.0,2.0,2
0,0,3,0.0,,9.0,41,4,50.0,1,0.0,18,18.0,2,0.0,0,0.0,0,0.0,1.0,2
0,0,78,0.0,,,41,1,,1,,23,22.0,1,,0,0.0,0,,,2
0,1,3,0.0,,5.0,40,4,45.0,1,12.0,20,16.0,1,0.0,0,2.0,0,0.0,1.0,2
0,1,78,0.0,,13.0,23,1,36.0,1,72.0,15,14.0,1,1.0,0,0.0,0,0.0,1.0,2
0,0,78,0.0,,3.0,20,2,23.0,1,62.0,14,15.0,2,1.0,1,0.0,0,0.0,1.0,2
0,0,78,0.0,,6.0,34,2,40.0,1,62.0,25,24.0,2,1.0,1,0.0,0,1.0,2.0,2
0,0,78,0.0,,4.0,42,1,46.0,1,11.0,25,19.0,1,1.0,1,0.0,0,0.0,1.0,2
1,2,179,0.0,1.0,11.0,47,1,58.0,3,73.0,21,19.0,5,1.0,1,0.0,0,2.0,1.0,1
0,0,232,0.0,2.0,5.0,24,2,29.0,3,66.0,21,,4,2.0,2,2.0,0,0.0,1.0,1
0,0,202,,2.0,10.0,31,1,41.0,3,62.0,19,18.0,5,1.0,2,0.0,0,0.0,1.0,1
1,2,202,0.0,,5.0,37,1,42.0,3,66.0,22,17.0,3,,1,0.0,2,0.0,1.0,1
1,1,202,0.0,1.0,7.0,35,3,42.0,3,77.0,17,16.0,4,2.0,2,0.0,2,0.0,1.0,1
0,1,179,0.0,0.0,12.0,18,7,30.0,3,96.0,13,16.0,4,2.0,2,0.0,0,0.0,1.0,1
1,3,202,0.0,1.0,8.0,49,1,57.0,3,0.0,17,18.0,5,2.0,2,0.0,2,0.0,1.0,1
0,3,202,1.0,2.0,6.0,37,1,43.0,12,82.0,21,17.0,5,2.0,3,0.0,0,0.0,2.0,1
0,2,189,1.0,,4.0,31,1,35.0,12,42.0,27,22.0,5,3.0,2,0.0,0,0.0,1.0,1
0,0,36,0.0,2.0,9.0,23,2,32.0,12,61.0,22,23.0,4,1.0,0,0.0,0,1.0,1.0,1
1,1,227,0.0,2.0,19.0,49,2,68.0,12,62.0,29,17.0,3,2.0,2,0.0,0,,1.0,1
0,0,186,0.0,2.0,-4.0,39,1,35.0,12,62.0,33,18.0,3,2.0,1,1.0,0,0.0,1.0,1
0,1,996,0.0,1.0,14.0,41,3,55.0,12,81.0,37,16.0,5,,2,0.0,0,0.0,1.0,1
0,4,236,1.0,1.0,-7.0,35,1,28.0,12,42.0,19,15.0,4,2.0,2,0.0,1,0.0,1.0,1
1,2,202,,1.0,0.0,31,2,31.0,9,11.0,19,19.0,2,2.0,1,0.0,2,0.0,1.0,2
0,1,202,1.0,1.0,18.0,40,2,58.0,9,78.0,20,16.0,3,,1,0.0,0,1.0,1.0,2
0,2,996,0.0,1.0,2.0,44,7,46.0,9,11.0,24,19.0,2,0.0,0,0.0,3,0.0,1.0,2
0,1,189,0.0,,8.0,42,1,50.0,9,33.0,17,14.0,2,2.0,0,4.0,0,1.0,1.0,2
1,3,202,0.0,2.0,12.0,22,3,34.0,9,66.0,20,20.0,3,1.0,2,0.0,1,0.0,1.0,2
0,0,189,0.0,,16.0,48,5,64.0,9,0.0,15,14.0,2,0.0,0,0.0,3,0.0,1.0,2
0,3,202,1.0,1.0,3.0,27,2,30.0,9,66.0,26,16.0,2,2.0,2,0.0,1,0.0,1.0,2
0,1,202,0.0,,6.0,20,5,26.0,9,66.0,18,16.0,2,2.0,2,0.0,1,0.0,1.0,2
0,0,189,0.0,,,42,2,,9,,16,15.0,2,,1,0.0,0,,,2
0,1,202,0.0,2.0,36.0,25,1,61.0,9,66.0,15,13.0,4,1.0,1,2.0,2,2.0,1.0,2
1,1,101,0.0,1.0,51.0,29,1,80.0,7,11.0,15,15.0,4,2.0,0,0.0,0,3.0,1.0,1
0,2,18,1.0,2.0,10.0,24,1,34.0,7,31.0,21,21.0,5,3.0,2,0.0,0,0.0,1.0,1
1,1,3,0.0,,21.0,35,4,56.0,7,66.0,15,15.0,3,0.0,0,0.0,0,0.0,1.0,1
1,3,231,1.0,1.0,,48,2,,7,,16,,5,,2,0.0,0,,,1
0,2,101,1.0,,10.0,35,2,45.0,7,21.0,21,21.0,4,2.0,2,2.0,0,0.0,1.0,1
1,2,47,1.0,2.0,21.0,19,1,40.0,7,73.0,16,16.0,4,1.0,1,3.0,0,0.0,1.0,1
0,0,31,0.0,,7.0,28,2,35.0,7,33.0,18,17.0,4,2.0,2,0.0,0,0.0,1.0,1
1,3,55,0.0,2.0,16.0,24,1,40.0,7,73.0,10,12.0,3,2.0,1,0.0,1,1.0,2.0,1
1,1,101,0.0,1.0,7.0,48,1,55.0,7,82.0,16,16.0,3,2.0,1,0.0,0,1.0,2.0,1
0,0,55,0.0,2.0,10.0,42,2,52.0,7,,20,16.0,3,1.0,0,0.0,3,1.0,2.0,1
1,3,4,0.0,,11.0,26,4,37.0,7,72.0,18,17.0,3,0.0,2,0.0,0,0.0,1.0,1
0,1,3,0.0,,25.0,40,4,65.0,1,13.0,18,16.0,3,0.0,0,0.0,0,0.0,1.0,1
1,4,3,0.0,,13.0,15,4,28.0,1,62.0,12,12.0,3,0.0,1,0.0,0,0.0,2.0,1
0,0,3,0.0,,31.0,30,4,61.0,1,96.0,26,25.0,3,0.0,0,0.0,0,1.0,1.0,1
0,0,3,0.0,,10.0,18,4,28.0,1,66.0,16,16.0,3,2.0,1,0.0,0,0.0,1.0,1
0,0,3,0.0,,,32,4,,1,,11,13.0,3,,0,0.0,0,,,1
0,0,3,0.0,,42.0,38,4,80.0,1,0.0,17,17.0,3,0.0,0,2.0,0,1.0,1.0,1
0,2,3,0.0,,13.0,25,4,38.0,1,62.0,21,23.0,3,1.0,0,0.0,0,4.0,1.0,1
0,3,3,0.0,,15.0,29,4,44.0,1,62.0,18,18.0,3,1.0,0,0.0,0,0.0,1.0,1
0,3,3,0.0,,7.0,29,4,36.0,1,62.0,19,19.0,3,1.0,0,4.0,0,0.0,1.0,1
0,0,3,0.0,,19.0,40,4,59.0,1,11.0,26,14.0,3,0.0,0,0.0,0,0.0,1.0,1
0,4,232,0.0,,0.0,23,1,23.0,12,62.0,23,19.0,5,2.0,2,0.0,0,0.0,1.0,1
1,3,189,1.0,,,32,96,,12,,16,15.0,3,,1,1.0,0,,,1
0,1,202,1.0,,2.0,31,3,33.0,12,44.0,28,27.0,5,2.0,3,0.0,1,0.0,1.0,1
1,5,202,0.0,,11.0,27,3,38.0,12,96.0,21,21.0,5,,2,0.0,1,0.0,1.0,1
0,0,188,0.0,,16.0,29,96,45.0,12,11.0,19,16.0,4,2.0,2,0.0,1,0.0,1.0,1
1,3,235,1.0,2.0,3.0,24,3,27.0,12,62.0,21,18.0,5,2.0,2,0.0,0,0.0,2.0,1
0,0,235,1.0,1.0,9.0,25,1,34.0,12,96.0,21,18.0,5,3.0,2,0.0,0,0.0,1.0,1
1,1,193,0.0,,,34,2,,12,,22,21.0,4,,1,0.0,0,,,1
0,2,202,1.0,0.0,14.0,30,3,44.0,12,44.0,21,18.0,5,3.0,3,0.0,0,0.0,2.0,1
1,4,996,0.0,,10.0,30,4,40.0,12,66.0,14,15.0,4,1.0,2,1.0,0,0.0,1.0,1
0,4,188,1.0,0.0,6.0,26,2,32.0,12,66.0,26,24.0,4,2.0,2,0.0,0,0.0,1.0,1
0,3,179,1.0,,7.0,28,1,35.0,12,66.0,21,20.0,4,1.0,1,0.0,0,0.0,1.0,1
1,3,235,1.0,2.0,5.0,39,1,44.0,12,11.0,22,17.0,3,1.0,1,0.0,0,0.0,2.0,1
0,0,191,1.0,,14.0,28,2,42.0,12,73.0,19,15.0,3,2.0,2,1.0,0,0.0,1.0,1
0,0,244,0.0,0.0,9.0,27,2,36.0,12,24.0,22,17.0,5,3.0,2,1.0,0,0.0,1.0,1
0,0,232,0.0,,,35,1,,12,,23,19.0,4,,1,0.0,0,,,1
1,3,188,0.0,0.0,4.0,36,1,40.0,12,62.0,26,16.0,4,2.0,2,0.0,0,0.0,1.0,1
0,1,202,0.0,2.0,12.0,34,1,46.0,12,62.0,25,16.0,4,2.0,2,0.0,0,0.0,1.0,1
1,2,201,1.0,0.0,6.0,32,1,38.0,12,75.0,19,18.0,5,2.0,2,0.0,0,0.0,1.0,1
0,0,176,0.0,,16.0,34,4,50.0,6,62.0,19,17.0,4,1.0,1,0.0,0,0.0,1.0,2
0,0,232,,2.0,1.0,31,3,32.0,6,66.0,20,18.0,3,2.0,2,1.0,0,0.0,1.0,2
0,0,225,0.0,,-1.0,30,4,29.0,6,14.0,22,,4,2.0,2,0.0,0,0.0,1.0,2
1,1,176,0.0,,10.0,32,4,42.0,6,66.0,10,16.0,3,1.0,1,0.0,2,0.0,1.0,2
0,0,116,0.0,2.0,7.0,21,1,28.0,6,54.0,14,15.0,2,,2,0.0,0,0.0,1.0,2
0,1,216,0.0,2.0,4.0,31,2,35.0,6,53.0,19,17.0,4,1.0,1,0.0,0,0.0,1.0,2
0,0,31,0.0,,,47,1,,5,,15,15.0,1,,0,2.0,0,,,2
1,0,31,0.0,1.0,9.0,49,1,58.0,5,11.0,16,16.0,1,0.0,0,4.0,3,0.0,1.0,2
0,0,3,0.0,,11.0,30,4,41.0,5,11.0,15,15.0,1,0.0,0,0.0,0,0.0,1.0,2
0,3,996,0.0,,,18,1,,5,,15,15.0,1,,0,1.0,0,,,2
1,0,31,0.0,,2.0,28,2,30.0,5,11.0,17,17.0,1,0.0,1,0.0,0,1.0,1.0,2
0,1,31,0.0,2.0,10.0,32,1,42.0,5,11.0,19,18.0,1,1.0,0,0.0,0,0.0,1.0,2
0,0,31,0.0,,21.0,38,4,59.0,5,11.0,15,15.0,2,1.0,0,3.0,0,0.0,1.0,2
1,2,31,0.0,2.0,15.0,40,2,55.0,5,11.0,30,20.0,2,0.0,0,0.0,0,0.0,1.0,2
1,1,31,0.0,2.0,5.0,36,2,41.0,5,11.0,20,17.0,1,0.0,0,0.0,0,0.0,1.0,2
0,0,31,0.0,,9.0,19,1,28.0,5,11.0,16,16.0,1,1.0,0,0.0,0,0.0,2.0,2
1,0,996,1.0,,9.0,26,1,35.0,5,11.0,15,15.0,5,0.0,0,0.0,1,1.0,2.0,2
1,2,31,0.0,,2.0,37,2,39.0,5,11.0,22,16.0,1,1.0,1,0.0,0,0.0,1.0,2
1,2,31,0.0,2.0,3.0,27,2,30.0,5,11.0,22,19.0,2,0.0,0,0.0,0,1.0,1.0,2
0,0,31,0.0,1.0,7.0,25,1,32.0,5,11.0,18,18.0,1,1.0,0,5.0,2,1.0,1.0,2
0,0,31,0.0,1.0,,32,1,,5,,15,15.0,1,,0,0.0,0,,,2
0,0,31,1.0,,2.0,25,1,27.0,5,11.0,20,20.0,1,0.0,0,2.0,0,0.0,1.0,2
1,1,98,0.0,2.0,2.0,34,2,36.0,7,11.0,21,21.0,1,0.0,1,0.0,0,0.0,1.0,1
1,0,36,0.0,,13.0,19,4,32.0,7,11.0,17,18.0,2,0.0,0,5.0,0,0.0,1.0,1
0,0,55,0.0,,10.0,20,1,30.0,7,11.0,20,20.0,1,1.0,1,0.0,0,0.0,1.0,1
1,0,31,0.0,,-3.0,37,4,34.0,7,11.0,18,19.0,2,2.0,0,0.0,0,0.0,1.0,1
0,0,98,1.0,1.0,12.0,31,2,43.0,7,11.0,13,13.0,1,0.0,0,4.0,0,0.0,1.0,1
1,0,33,0.0,,-1.0,36,2,35.0,7,66.0,14,14.0,1,0.0,1,0.0,0,0.0,1.0,1
0,2,47,0.0,,22.0,28,2,50.0,7,11.0,10,15.0,1,1.0,0,0.0,0,2.0,1.0,1
0,0,31,0.0,2.0,8.0,28,2,36.0,7,11.0,12,14.0,1,1.0,0,0.0,0,0.0,1.0,1
0,0,18,0.0,,10.0,20,2,30.0,7,11.0,16,16.0,2,1.0,1,0.0,0,0.0,1.0,1
0,1,31,0.0,0.0,2.0,20,2,22.0,7,11.0,17,17.0,2,2.0,2,0.0,0,0.0,1.0,1
0,0,3,0.0,,8.0,34,4,42.0,7,11.0,17,18.0,3,1.0,0,2.0,0,0.0,1.0,1
0,0,49,0.0,,3.0,23,1,26.0,7,11.0,20,20.0,1,1.0,0,0.0,0,0.0,1.0,1
0,2,31,0.0,,4.0,28,1,32.0,7,11.0,20,18.0,2,1.0,0,0.0,0,0.0,1.0,1
0,0,3,0.0,,,44,4,,7,,20,18.0,4,,2,0.0,0,,,1
0,1,101,1.0,,5.0,24,3,29.0,7,42.0,16,17.0,1,3.0,1,1.0,0,0.0,1.0,1
0,3,33,0.0,1.0,0.0,38,1,38.0,4,11.0,32,15.0,2,1.0,0,0.0,0,0.0,1.0,2
1,3,78,1.0,1.0,7.0,19,1,26.0,4,77.0,15,15.0,2,1.0,1,0.0,3,0.0,1.0,2
1,5,3,1.0,,10.0,30,4,40.0,4,11.0,19,19.0,3,1.0,1,4.0,0,0.0,1.0,2
1,3,78,0.0,2.0,8.0,42,2,50.0,4,46.0,14,14.0,3,1.0,0,0.0,3,,2.0,2
1,5,78,0.0,1.0,,35,3,,4,,22,18.0,3,,1,0.0,0,,,2
1,3,78,0.0,1.0,9.0,46,3,55.0,4,11.0,18,14.0,2,1.0,1,0.0,0,0.0,1.0,2
1,1,78,1.0,2.0,1.0,29,2,30.0,4,72.0,14,14.0,1,2.0,1,2.0,0,0.0,1.0,2
0,3,78,1.0,2.0,5.0,21,3,26.0,4,62.0,20,16.0,3,2.0,2,0.0,1,0.0,1.0,2
1,5,78,1.0,1.0,3.0,38,1,41.0,4,11.0,17,16.0,4,1.0,1,0.0,2,1.0,1.0,2
0,0,202,0.0,,13.0,23,1,36.0,4,11.0,18,12.0,2,2.0,2,0.0,1,0.0,1.0,2
1,0,78,0.0,,9.0,45,3,54.0,4,11.0,13,12.0,3,2.0,1,0.0,0,1.0,1.0,2
0,0,78,1.0,2.0,-1.0,45,3,44.0,4,11.0,40,12.0,2,1.0,1,0.0,0,0.0,1.0,2
0,1,176,0.0,,,45,4,,9,,13,14.0,2,,1,0.0,0,,,2
0,4,176,0.0,,,44,4,,9,,11,14.0,2,,1,0.0,0,,,2
0,1,176,1.0,,10.0,26,4,36.0,9,13.0,17,15.0,3,1.0,2,2.0,0,0.0,1.0,2
0,0,144,0.0,2.0,7.0,35,1,42.0,9,31.0,15,14.0,3,2.0,1,2.0,0,0.0,2.0,2
0,1,199,0.0,1.0,17.0,39,2,56.0,9,11.0,21,18.0,2,2.0,2,4.0,0,0.0,2.0,2
0,3,176,0.0,,-2.0,24,4,22.0,9,72.0,18,18.0,3,1.0,1,0.0,0,0.0,1.0,2
0,0,155,0.0,,9.0,29,2,38.0,9,66.0,18,18.0,3,1.0,1,3.0,0,0.0,1.0,2
1,3,176,0.0,,3.0,20,2,23.0,9,11.0,12,12.0,2,1.0,1,4.0,0,0.0,1.0,2
1,0,176,0.0,2.0,6.0,34,4,40.0,9,11.0,21,15.0,2,1.0,1,0.0,2,0.0,2.0,2
0,0,176,0.0,2.0,14.0,34,1,48.0,9,11.0,19,18.0,2,2.0,1,1.0,0,0.0,1.0,2
0,0,176,0.0,,4.0,25,4,29.0,9,62.0,16,15.0,2,1.0,1,4.0,1,0.0,1.0,2
1,3,176,1.0,,5.0,31,4,36.0,9,62.0,25,14.0,2,0.0,1,0.0,0,1.0,1.0,2
0,4,202,0.0,2.0,6.0,19,2,25.0,9,13.0,18,13.0,3,2.0,1,2.0,0,0.0,1.0,2
1,2,245,1.0,2.0,7.0,27,1,34.0,9,63.0,19,,4,1.0,2,0.0,0,0.0,1.0,1
0,1,189,,0.0,9.0,22,1,31.0,9,43.0,21,21.0,3,,2,2.0,1,0.0,1.0,1
1,3,202,0.0,0.0,4.0,36,1,40.0,9,72.0,34,17.0,4,2.0,2,0.0,1,0.0,2.0,1
0,1,179,1.0,2.0,15.0,17,1,32.0,9,66.0,16,15.0,4,2.0,1,0.0,0,0.0,1.0,1
0,5,202,0.0,,0.0,38,4,38.0,9,11.0,22,18.0,5,2.0,1,0.0,1,0.0,1.0,1
0,1,236,,,6.0,22,1,28.0,10,0.0,17,13.0,2,2.0,2,0.0,3,,2.0,2
0,2,236,,2.0,13.0,21,3,34.0,10,66.0,18,12.0,2,2.0,2,0.0,0,0.0,2.0,2
0,2,236,,2.0,6.0,25,1,31.0,10,66.0,19,15.0,1,2.0,2,1.0,0,0.0,2.0,2
1,5,236,1.0,2.0,1.0,17,1,18.0,10,0.0,16,15.0,3,2.0,1,3.0,2,0.0,1.0,2
1,5,232,0.0,1.0,,40,1,,10,,23,17.0,3,,2,0.0,0,,,2
0,2,232,0.0,,32.0,33,1,65.0,10,21.0,14,17.0,5,3.0,2,0.0,0,0.0,1.0,2
1,3,236,1.0,,4.0,17,2,21.0,10,11.0,14,13.0,2,2.0,1,0.0,0,0.0,1.0,2
1,4,236,1.0,,5.0,25,2,30.0,10,11.0,17,14.0,2,1.0,0,3.0,0,0.0,1.0,2
0,1,78,0.0,2.0,1.0,19,1,20.0,1,77.0,16,15.0,3,2.0,1,0.0,0,0.0,1.0,1
0,0,102,0.0,,4.0,32,4,36.0,1,33.0,22,19.0,4,2.0,2,0.0,0,0.0,1.0,1
0,4,245,0.0,,5.0,29,2,34.0,1,82.0,22,20.0,5,2.0,2,0.0,0,0.0,1.0,1
0,3,78,0.0,0.0,9.0,23,2,32.0,1,72.0,14,14.0,3,2.0,2,1.0,0,0.0,2.0,1
0,1,78,0.0,,2.0,29,2,31.0,1,66.0,17,15.0,4,1.0,2,0.0,0,0.0,1.0,1
0,0,235,0.0,,-7.0,37,1,30.0,1,66.0,35,25.0,4,3.0,3,0.0,0,0.0,1.0,1
0,0,78,0.0,,5.0,40,1,45.0,1,54.0,21,19.0,4,2.0,1,0.0,0,0.0,1.0,1
0,0,78,0.0,,,49,4,,1,,27,28.0,2,,1,0.0,0,,,1
0,0,78,0.0,1.0,5.0,26,4,31.0,1,0.0,16,16.0,4,1.0,2,3.0,0,0.0,1.0,1
1,2,236,0.0,2.0,11.0,26,1,37.0,3,71.0,23,21.0,4,2.0,1,1.0,0,0.0,1.0,1
0,0,47,0.0,,3.0,27,7,30.0,3,,18,19.0,4,,0,0.0,0,2.0,1.0,1
0,0,185,0.0,2.0,10.0,39,1,49.0,3,62.0,21,17.0,4,2.0,2,0.0,0,0.0,1.0,1
0,0,193,0.0,2.0,-2.0,40,1,38.0,3,54.0,30,18.0,4,1.0,1,0.0,0,0.0,1.0,1
0,0,185,0.0,,3.0,37,1,40.0,3,96.0,22,20.0,4,3.0,2,0.0,3,1.0,1.0,1
1,1,247,0.0,2.0,4.0,32,3,36.0,10,72.0,14,16.0,4,2.0,2,0.0,1,0.0,1.0,1
0,0,236,0.0,0.0,,32,7,,10,,26,16.0,4,,3,0.0,0,,,1
0,2,236,,,15.0,30,3,45.0,10,33.0,29,18.0,3,,2,0.0,1,0.0,1.0,1
0,0,245,0.0,,2.0,33,3,35.0,10,46.0,23,18.0,4,2.0,2,0.0,0,0.0,1.0,1
1,0,254,,,18.0,32,96,50.0,10,43.0,19,16.0,5,3.0,2,0.0,1,0.0,2.0,1
1,1,202,0.0,1.0,6.0,49,1,55.0,10,77.0,19,18.0,5,1.0,1,0.0,0,0.0,1.0,1
0,4,55,1.0,,6.0,30,4,36.0,5,11.0,16,17.0,4,1.0,0,4.0,2,1.0,2.0,1
1,2,55,1.0,2.0,2.0,43,1,45.0,5,72.0,30,13.0,3,1.0,0,0.0,0,0.0,1.0,1
1,2,55,0.0,1.0,,29,2,,5,,18,15.0,2,,0,4.0,0,,,1
0,0,98,0.0,,11.0,31,4,42.0,5,82.0,15,15.0,3,2.0,1,5.0,3,0.0,2.0,1
0,3,101,1.0,,,41,1,,5,,16,16.0,4,,2,1.0,0,,,1
0,3,188,0.0,,8.0,27,2,35.0,5,62.0,21,17.0,5,2.0,2,0.0,0,0.0,1.0,1
0,5,33,0.0,,6.0,23,1,29.0,5,42.0,21,19.0,4,2.0,2,1.0,0,0.0,1.0,1
0,3,47,0.0,2.0,6.0,30,4,36.0,5,33.0,25,24.0,5,3.0,3,0.0,1,0.0,1.0,1
0,1,202,0.0,2.0,,38,3,,5,,19,17.0,4,,2,0.0,0,,,1
1,0,98,0.0,2.0,12.0,48,2,60.0,5,54.0,16,15.0,4,1.0,1,0.0,0,0.0,1.0,1
1,1,28,0.0,,1.0,29,5,30.0,5,82.0,13,13.0,3,2.0,1,1.0,0,0.0,1.0,1
0,0,98,0.0,,,42,1,,5,,13,14.0,2,,1,5.0,0,,,1
1,1,47,0.0,2.0,5.0,36,1,41.0,5,63.0,19,14.0,3,1.0,1,0.0,0,0.0,1.0,1
0,2,202,0.0,1.0,,40,1,,3,,11,16.0,5,,2,0.0,0,,,1
0,2,47,0.0,1.0,5.0,32,2,37.0,3,82.0,24,14.0,5,3.0,3,0.0,0,0.0,1.0,1
0,2,202,0.0,,11.0,39,1,50.0,3,66.0,26,17.0,5,2.0,3,0.0,1,0.0,1.0,1
1,3,202,0.0,1.0,3.0,36,2,39.0,3,62.0,20,16.0,5,2.0,2,0.0,3,0.0,1.0,1
0,0,179,1.0,2.0,5.0,31,2,36.0,12,75.0,21,20.0,5,3.0,2,0.0,0,,1.0,1
0,3,62,,1.0,28.0,34,1,62.0,12,54.0,11,14.0,4,0.0,2,0.0,0,0.0,1.0,1
0,2,235,0.0,2.0,3.0,37,1,40.0,12,44.0,17,17.0,3,1.0,1,0.0,0,,1.0,1
1,4,236,0.0,1.0,2.0,28,1,30.0,12,82.0,21,17.0,5,2.0,2,0.0,0,0.0,1.0,1
1,5,236,1.0,1.0,0.0,29,1,29.0,12,54.0,19,15.0,5,2.0,2,0.0,3,2.0,1.0,1
1,5,235,1.0,1.0,7.0,23,1,30.0,12,52.0,20,18.0,4,2.0,2,0.0,0,0.0,1.0,1
0,1,3,0.0,1.0,5.0,25,2,30.0,12,66.0,18,16.0,5,2.0,2,0.0,0,0.0,1.0,1
0,0,229,0.0,2.0,-1.0,38,1,37.0,12,43.0,32,21.0,5,3.0,3,0.0,0,0.0,1.0,1
0,2,256,0.0,0.0,2.0,31,1,33.0,1,33.0,24,17.0,5,3.0,2,4.0,0,0.0,1.0,1
0,1,3,0.0,,6.0,29,4,35.0,1,66.0,14,14.0,5,,1,0.0,0,0.0,1.0,1
0,4,78,0.0,2.0,20.0,30,2,50.0,1,11.0,15,,4,1.0,1,0.0,0,0.0,1.0,1
0,0,78,0.0,,7.0,25,2,32.0,1,83.0,11,19.0,5,2.0,2,0.0,0,0.0,1.0,1
0,0,3,0.0,,23.0,22,4,45.0,1,62.0,14,14.0,5,,1,0.0,0,2.0,1.0,1
0,1,235,0.0,,3.0,23,1,26.0,1,82.0,21,16.0,5,3.0,2,0.0,2,0.0,1.0,1
0,0,102,0.0,1.0,5.0,25,1,30.0,1,76.0,15,15.0,3,0.0,0,0.0,1,0.0,2.0,1
0,2,78,0.0,,9.0,23,2,32.0,1,42.0,20,19.0,3,2.0,2,3.0,1,0.0,1.0,1
0,0,101,0.0,0.0,2.0,30,1,32.0,1,72.0,22,22.0,4,2.0,2,0.0,0,0.0,1.0,1
0,0,3,0.0,,8.0,26,4,34.0,1,62.0,26,26.0,5,2.0,2,0.0,0,0.0,1.0,1
1,5,102,0.0,,6.0,19,1,25.0,1,72.0,12,14.0,3,0.0,1,0.0,3,0.0,1.0,1
1,3,78,0.0,2.0,9.0,24,1,33.0,1,82.0,17,15.0,5,2.0,2,1.0,0,0.0,1.0,1
1,4,101,0.0,1.0,6.0,31,1,37.0,10,75.0,22,20.0,5,2.0,3,0.0,0,0.0,1.0,1
0,1,996,0.0,,0.0,36,2,36.0,10,21.0,29,20.0,5,3.0,3,0.0,0,0.0,1.0,1
1,2,236,0.0,2.0,8.0,22,1,30.0,10,66.0,13,13.0,4,1.0,1,4.0,1,,1.0,1
0,1,236,1.0,,11.0,43,1,54.0,10,62.0,27,19.0,4,2.0,3,0.0,1,0.0,1.0,1
0,3,996,0.0,,2.0,28,2,30.0,10,81.0,25,21.0,4,2.0,3,0.0,0,0.0,1.0,1
0,1,245,0.0,,6.0,32,3,38.0,10,33.0,24,16.0,5,3.0,2,0.0,0,0.0,1.0,1
1,5,236,0.0,2.0,7.0,32,3,39.0,10,31.0,18,14.0,5,3.0,2,0.0,1,0.0,1.0,1
0,0,245,0.0,,9.0,26,2,35.0,10,21.0,17,16.0,5,3.0,2,0.0,0,0.0,1.0,1
1,4,245,0.0,2.0,,33,1,,10,,23,18.0,5,,2,0.0,0,,,1
0,2,996,,1.0,2.0,33,2,35.0,10,62.0,20,17.0,5,2.0,2,1.0,0,0.0,1.0,1
0,3,176,0.0,,0.0,35,4,35.0,10,82.0,16,17.0,4,2.0,1,3.0,0,0.0,1.0,1
0,0,236,0.0,2.0,10.0,28,1,38.0,10,33.0,25,19.0,5,3.0,2,0.0,2,0.0,1.0,1
0,2,185,1.0,0.0,10.0,19,2,29.0,9,66.0,18,16.0,2,2.0,2,0.0,1,0.0,1.0,2
0,0,202,0.0,2.0,7.0,45,1,52.0,9,41.0,22,14.0,2,2.0,1,0.0,1,0.0,1.0,2
0,1,185,0.0,,8.0,33,1,41.0,9,66.0,13,14.0,3,2.0,2,0.0,0,0.0,1.0,2
1,3,186,,2.0,20.0,29,1,49.0,9,11.0,20,16.0,2,1.0,1,1.0,2,0.0,1.0,2
0,0,151,0.0,2.0,8.0,27,2,35.0,9,66.0,24,12.0,3,2.0,2,0.0,0,0.0,1.0,2
0,0,202,0.0,2.0,23.0,45,2,68.0,9,11.0,14,15.0,2,1.0,1,0.0,1,1.0,1.0,2
1,3,188,0.0,,6.0,31,1,37.0,9,11.0,20,16.0,2,2.0,2,0.0,0,0.0,1.0,2
1,1,202,0.0,1.0,17.0,39,1,56.0,9,11.0,21,18.0,3,2.0,1,0.0,2,0.0,1.0,2
0,0,202,0.0,1.0,10.0,38,2,48.0,9,62.0,21,17.0,4,2.0,1,0.0,0,1.0,1.0,2
0,0,185,0.0,,27.0,29,1,56.0,9,62.0,27,22.0,3,1.0,1,0.0,0,0.0,1.0,2
0,0,185,1.0,0.0,,24,1,,9,,20,13.0,2,,2,0.0,0,,,2
0,3,202,0.0,2.0,,36,1,,9,,30,17.0,2,,2,0.0,0,,,2
0,0,185,0.0,1.0,13.0,47,2,60.0,9,66.0,16,16.0,3,1.0,1,0.0,0,0.0,1.0,2
0,2,185,0.0,,18.0,42,1,60.0,9,11.0,17,16.0,4,1.0,2,0.0,0,0.0,1.0,2
1,1,236,0.0,2.0,,38,1,,12,,29,16.0,4,,1,0.0,0,,,1
0,1,245,0.0,,0.0,26,2,26.0,12,76.0,25,17.0,4,2.0,2,0.0,2,0.0,1.0,1
1,3,144,0.0,1.0,,32,3,,12,,25,21.0,5,,3,0.0,0,,,1
0,1,208,0.0,2.0,26.0,40,1,66.0,12,33.0,17,,5,3.0,3,0.0,0,0.0,1.0,1
1,4,193,0.0,,7.0,35,1,42.0,12,31.0,24,19.0,5,3.0,3,0.0,2,0.0,1.0,1
1,0,996,,2.0,3.0,31,3,34.0,12,33.0,27,19.0,5,3.0,2,0.0,0,0.0,1.0,1
1,3,196,0.0,,,45,1,,12,,17,17.0,4,,0,0.0,0,,,1
0,2,245,0.0,,0.0,29,2,29.0,12,21.0,27,18.0,5,3.0,3,0.0,0,0.0,1.0,1
0,1,165,0.0,,5.0,32,1,37.0,12,72.0,26,20.0,3,2.0,2,0.0,0,0.0,1.0,1
0,4,236,,,,44,1,,12,,34,20.0,5,,2,1.0,0,,,1
0,3,236,0.0,0.0,3.0,27,1,30.0,12,73.0,24,17.0,4,2.0,2,0.0,0,0.0,1.0,1
0,2,3,0.0,,15.0,24,4,39.0,12,62.0,19,19.0,5,2.0,2,0.0,0,0.0,1.0,1
1,3,229,1.0,,4.0,21,4,25.0,12,66.0,16,15.0,4,2.0,2,0.0,0,0.0,1.0,1
0,1,102,0.0,,0.0,29,4,29.0,12,82.0,17,17.0,4,2.0,1,0.0,1,0.0,1.0,1
0,1,176,0.0,,5.0,18,4,23.0,12,66.0,17,17.0,4,2.0,1,4.0,0,0.0,1.0,1
0,2,176,0.0,2.0,7.0,23,4,30.0,12,66.0,16,15.0,5,2.0,2,0.0,1,0.0,1.0,1
1,3,199,0.0,,,35,1,,12,,28,18.0,3,,1,5.0,0,,,1
1,3,88,0.0,2.0,11.0,29,2,40.0,12,66.0,19,17.0,4,2.0,2,0.0,0,0.0,1.0,1
0,0,191,0.0,,-1.0,29,96,28.0,12,73.0,24,18.0,4,2.0,3,0.0,0,,1.0,1
0,1,246,1.0,2.0,4.0,38,2,42.0,12,36.0,17,13.0,5,3.0,2,1.0,1,,1.0,1
0,1,4,0.0,,6.0,40,4,46.0,12,62.0,22,21.0,5,,2,0.0,0,1.0,1.0,1
0,0,47,1.0,,7.0,24,3,31.0,12,81.0,15,,4,2.0,2,0.0,1,0.0,1.0,1
0,2,144,0.0,0.0,,47,1,,12,,20,19.0,4,,2,0.0,0,,,1
0,0,176,1.0,,3.0,22,4,25.0,9,66.0,16,14.0,4,2.0,2,1.0,0,0.0,1.0,2
1,4,176,1.0,,7.0,28,4,35.0,9,66.0,13,14.0,3,1.0,1,3.0,2,0.0,1.0,2
1,1,176,0.0,,3.0,19,4,22.0,9,66.0,14,14.0,4,2.0,2,0.0,0,0.0,1.0,2
1,1,176,0.0,,5.0,20,4,25.0,9,62.0,18,18.0,5,2.0,2,0.0,0,0.0,1.0,2
0,2,202,0.0,0.0,7.0,21,1,28.0,9,66.0,14,16.0,4,2.0,2,1.0,0,0.0,1.0,2
0,3,176,0.0,,4.0,29,4,33.0,9,66.0,28,20.0,3,2.0,2,0.0,1,1.0,1.0,2
1,4,176,0.0,,6.0,37,4,43.0,9,66.0,16,16.0,5,1.0,1,0.0,0,0.0,1.0,2
1,1,176,0.0,,6.0,29,4,35.0,9,11.0,15,15.0,4,1.0,1,0.0,0,0.0,1.0,2
0,2,176,0.0,,21.0,23,4,44.0,9,11.0,15,16.0,3,1.0,1,2.0,0,1.0,1.0,2
0,1,3,0.0,,8.0,22,4,30.0,9,66.0,15,16.0,4,1.0,1,1.0,1,0.0,1.0,2
0,1,2,0.0,,23.0,33,4,56.0,9,11.0,13,,2,0.0,1,3.0,0,1.0,1.0,2
0,0,244,1.0,1.0,22.0,23,2,45.0,9,96.0,14,,2,2.0,2,3.0,0,0.0,1.0,2
0,0,176,0.0,,4.0,29,4,33.0,9,66.0,14,14.0,2,1.0,1,3.0,0,0.0,1.0,2
0,3,176,0.0,,16.0,21,4,37.0,9,62.0,17,14.0,4,1.0,1,5.0,0,0.0,1.0,2
0,2,176,0.0,,6.0,30,4,36.0,9,66.0,30,19.0,5,1.0,2,3.0,0,1.0,1.0,2
0,0,2,0.0,,4.0,46,4,50.0,4,11.0,13,14.0,1,0.0,0,0.0,0,0.0,1.0,2
0,0,3,0.0,,3.0,33,4,36.0,4,0.0,19,19.0,1,0.0,0,0.0,0,0.0,1.0,2
0,0,78,0.0,,47.0,46,4,93.0,4,11.0,16,16.0,2,0.0,1,0.0,0,0.0,1.0,2
1,5,78,0.0,,6.0,19,2,25.0,4,11.0,15,15.0,2,0.0,0,0.0,0,0.0,1.0,2
0,0,2,0.0,,13.0,17,4,30.0,4,11.0,12,13.0,1,0.0,0,0.0,0,,1.0,2
0,0,78,0.0,,7.0,25,1,32.0,4,72.0,14,14.0,1,2.0,1,0.0,0,0.0,1.0,2
0,0,3,0.0,,,43,4,,4,,11,,1,,0,0.0,0,,,2
0,4,3,1.0,,12.0,16,4,28.0,4,11.0,14,14.0,1,0.0,0,5.0,0,1.0,1.0,2
0,2,3,0.0,,7.0,19,4,26.0,4,62.0,18,18.0,2,1.0,1,0.0,0,0.0,1.0,2
0,1,3,0.0,,7.0,25,4,32.0,4,11.0,18,16.0,2,0.0,0,0.0,0,0.0,1.0,2
0,0,78,0.0,,,43,2,,4,,26,17.0,1,,1,0.0,0,,,2
0,1,3,0.0,,9.0,17,4,26.0,4,82.0,14,14.0,1,1.0,0,0.0,0,0.0,1.0,2
1,1,3,1.0,,23.0,25,4,48.0,7,51.0,18,18.0,4,3.0,2,4.0,0,0.0,1.0,1
0,4,3,0.0,,4.0,36,4,40.0,7,11.0,14,14.0,3,1.0,2,0.0,0,1.0,1.0,1
1,0,4,0.0,,10.0,24,4,34.0,7,62.0,14,14.0,3,0.0,0,0.0,0,0.0,1.0,1
0,1,4,0.0,,13.0,27,4,40.0,7,11.0,16,17.0,2,0.0,0,0.0,0,1.0,1.0,1
0,2,4,0.0,,16.0,16,4,32.0,7,11.0,16,15.0,3,0.0,1,0.0,0,1.0,1.0,1
1,3,3,0.0,,15.0,35,4,50.0,7,11.0,15,14.0,2,0.0,0,0.0,0,0.0,1.0,1
1,2,996,,,31.0,25,4,56.0,7,11.0,18,16.0,3,0.0,1,0.0,0,1.0,1.0,1
0,0,4,0.0,,10.0,18,4,28.0,7,24.0,15,15.0,3,1.0,0,0.0,0,0.0,1.0,1
1,2,4,1.0,,3.0,37,4,40.0,7,11.0,17,17.0,3,0.0,0,0.0,0,2.0,1.0,1
1,0,4,0.0,,3.0,45,4,48.0,7,62.0,24,18.0,3,0.0,0,0.0,0,0.0,1.0,1
1,2,4,1.0,,40.0,27,4,67.0,7,11.0,13,14.0,3,0.0,0,0.0,0,2.0,1.0,1
1,1,4,1.0,,17.0,33,4,50.0,7,62.0,13,14.0,2,0.0,0,0.0,0,1.0,1.0,1
0,0,195,0.0,,5.0,30,7,35.0,3,0.0,24,23.0,5,2.0,3,0.0,3,0.0,1.0,1
1,3,244,1.0,2.0,4.0,33,2,37.0,3,82.0,20,17.0,5,2.0,2,0.0,0,0.0,1.0,1
0,1,18,0.0,,7.0,28,4,35.0,3,21.0,19,19.0,5,3.0,2,0.0,0,0.0,1.0,1
0,3,232,0.0,2.0,5.0,35,2,40.0,3,64.0,21,16.0,4,2.0,2,0.0,0,0.0,1.0,1
0,0,3,0.0,,10.0,29,4,39.0,3,82.0,20,20.0,5,3.0,3,0.0,0,0.0,1.0,1
0,1,144,0.0,2.0,2.0,46,2,48.0,3,32.0,36,18.0,5,3.0,3,0.0,3,0.0,2.0,1
1,1,202,0.0,2.0,7.0,33,2,40.0,3,82.0,20,18.0,5,2.0,2,0.0,2,0.0,1.0,1
0,3,36,0.0,2.0,27.0,18,2,45.0,7,21.0,15,15.0,2,2.0,1,0.0,0,0.0,1.0,2
1,0,18,0.0,2.0,4.0,39,1,43.0,7,62.0,28,18.0,1,0.0,1,0.0,0,1.0,1.0,2
1,2,31,0.0,,,20,2,,7,,18,18.0,1,,0,0.0,0,,,2
0,0,31,0.0,,2.0,24,2,26.0,7,11.0,18,16.0,1,1.0,1,0.0,0,0.0,1.0,2
1,5,38,1.0,1.0,8.0,45,2,53.0,7,62.0,22,19.0,1,0.0,0,0.0,0,0.0,2.0,2
1,1,38,1.0,1.0,2.0,39,1,41.0,7,82.0,16,15.0,1,2.0,0,0.0,0,0.0,1.0,2
1,0,38,1.0,1.0,4.0,44,2,48.0,7,11.0,13,13.0,2,0.0,0,0.0,0,1.0,2.0,2
0,1,996,0.0,,,28,1,,6,,17,,3,,2,1.0,0,,,1
1,1,216,1.0,1.0,18.0,22,1,40.0,6,11.0,18,15.0,3,1.0,1,0.0,1,0.0,1.0,1
0,2,202,1.0,0.0,,36,1,,6,,22,19.0,3,,2,1.0,0,,,1
0,1,47,1.0,,17.0,33,4,50.0,6,62.0,15,15.0,3,0.0,1,2.0,0,0.0,1.0,1
0,0,4,0.0,,10.0,37,4,47.0,6,61.0,16,17.0,3,1.0,1,0.0,1,0.0,1.0,1
0,0,202,0.0,2.0,15.0,34,1,49.0,6,33.0,29,17.0,5,2.0,2,1.0,1,0.0,2.0,1
1,3,193,0.0,2.0,,35,1,,6,,33,15.0,3,,2,0.0,0,,,1
0,0,202,0.0,2.0,,38,2,,6,,17,18.0,4,,1,2.0,0,,,1
1,5,155,1.0,0.0,3.0,22,2,25.0,6,66.0,15,16.0,5,2.0,2,0.0,1,0.0,1.0,1
0,3,996,1.0,2.0,8.0,37,2,45.0,6,0.0,16,,4,1.0,2,0.0,3,3.0,1.0,1
0,1,168,0.0,0.0,5.0,30,2,35.0,8,66.0,20,16.0,3,1.0,1,0.0,0,0.0,2.0,2
0,3,168,0.0,0.0,31.0,39,2,70.0,8,11.0,32,14.0,2,0.0,1,1.0,1,0.0,1.0,2
0,0,168,0.0,0.0,1.0,40,2,41.0,8,11.0,12,,3,1.0,1,0.0,0,0.0,1.0,2
0,2,168,0.0,,10.0,30,2,40.0,8,62.0,23,19.0,3,2.0,2,0.0,0,0.0,2.0,2
1,0,168,0.0,2.0,6.0,39,2,45.0,8,11.0,15,16.0,2,1.0,1,5.0,1,0.0,1.0,2
0,1,168,0.0,0.0,17.0,48,2,65.0,8,11.0,14,15.0,2,1.0,1,0.0,0,0.0,1.0,2
1,0,168,0.0,1.0,5.0,39,2,44.0,8,73.0,19,17.0,2,1.0,1,5.0,1,0.0,1.0,2
0,0,168,0.0,2.0,2.0,36,2,38.0,8,11.0,23,17.0,3,1.0,1,5.0,1,0.0,1.0,2
0,0,168,0.0,2.0,6.0,36,2,42.0,8,11.0,12,15.0,1,1.0,1,5.0,1,0.0,1.0,2
0,1,168,,2.0,9.0,33,2,42.0,8,11.0,19,21.0,3,2.0,2,0.0,1,0.0,2.0,2
1,1,168,0.0,,9.0,28,2,37.0,8,62.0,25,24.0,2,1.0,2,0.0,0,0.0,2.0,2
0,1,168,1.0,2.0,12.0,30,2,42.0,8,96.0,18,16.0,2,1.0,1,0.0,3,0.0,2.0,2
0,1,101,0.0,,10.0,24,4,34.0,4,33.0,21,18.0,5,3.0,2,0.0,0,0.0,1.0,1
0,2,78,0.0,0.0,8.0,25,1,33.0,4,46.0,19,16.0,5,2.0,2,0.0,0,0.0,2.0,1
1,2,253,0.0,,2.0,18,1,20.0,4,66.0,14,11.0,3,2.0,2,1.0,0,0.0,1.0,1
0,0,257,1.0,,2.0,21,3,23.0,4,76.0,15,13.0,3,2.0,2,0.0,0,0.0,1.0,1
1,5,235,0.0,,4.0,42,1,46.0,4,33.0,18,16.0,4,2.0,1,0.0,0,0.0,1.0,1
0,0,236,0.0,2.0,5.0,43,1,48.0,4,33.0,39,17.0,5,3.0,2,0.0,3,1.0,2.0,1
1,2,256,0.0,1.0,6.0,24,1,30.0,4,33.0,18,18.0,3,2.0,2,0.0,2,0.0,2.0,1
0,0,253,0.0,,6.0,44,1,50.0,4,33.0,19,,4,2.0,2,0.0,0,0.0,1.0,1
1,3,232,0.0,2.0,0.0,39,2,39.0,4,33.0,31,16.0,5,2.0,3,0.0,0,0.0,1.0,1
0,2,253,1.0,2.0,1.0,30,2,31.0,4,62.0,22,14.0,3,1.0,2,0.0,0,0.0,1.0,1
1,4,996,0.0,1.0,,42,3,,4,,17,16.0,3,,1,0.0,0,,,1
1,5,216,0.0,1.0,11.0,28,2,39.0,4,54.0,17,15.0,4,2.0,2,0.0,0,0.0,1.0,1
0,2,78,1.0,,10.0,26,2,36.0,4,42.0,19,14.0,5,2.0,2,0.0,0,0.0,1.0,1
0,3,153,0.0,2.0,9.0,32,1,41.0,8,66.0,18,19.0,2,2.0,1,1.0,0,0.0,1.0,2
0,0,153,0.0,2.0,,41,1,,8,,19,17.0,4,,1,5.0,0,,,2
0,1,157,1.0,0.0,13.0,29,3,42.0,8,11.0,22,15.0,3,1.0,1,0.0,0,0.0,1.0,2
0,0,153,0.0,2.0,5.0,37,1,42.0,8,62.0,29,17.0,3,1.0,2,5.0,1,0.0,1.0,2
0,1,157,0.0,0.0,8.0,42,2,50.0,8,11.0,18,16.0,3,1.0,1,0.0,0,0.0,1.0,2
0,0,77,0.0,,14.0,18,4,32.0,7,11.0,16,16.0,3,1.0,1,0.0,0,1.0,1.0,2
1,0,45,0.0,,5.0,38,2,43.0,7,11.0,19,15.0,1,0.0,0,2.0,0,0.0,1.0,2
0,1,31,0.0,,17.0,23,2,40.0,7,11.0,15,14.0,1,0.0,0,0.0,0,1.0,1.0,2
0,0,18,0.0,,23.0,47,1,70.0,7,0.0,16,14.0,1,0.0,0,4.0,0,1.0,1.0,2
0,0,18,1.0,,,46,7,,7,,15,15.0,2,,0,0.0,0,,,2
0,1,98,0.0,,7.0,30,1,37.0,7,66.0,22,20.0,1,2.0,2,0.0,0,0.0,2.0,2
0,0,14,0.0,,9.0,46,2,55.0,7,11.0,15,16.0,1,0.0,0,3.0,0,0.0,1.0,2
0,0,18,0.0,,16.0,49,4,65.0,7,11.0,15,15.0,1,0.0,0,0.0,0,0.0,1.0,2
0,0,18,0.0,,6.0,24,1,30.0,7,11.0,18,16.0,1,0.0,1,0.0,1,0.0,1.0,2
0,0,31,0.0,,,45,4,,7,,13,,1,,0,0.0,0,,,2
0,1,14,0.0,,2.0,33,2,35.0,7,11.0,16,16.0,2,0.0,0,0.0,0,2.0,1.0,2
0,0,18,1.0,,40.0,20,1,60.0,7,11.0,17,16.0,1,0.0,0,0.0,0,0.0,1.0,2
1,3,18,0.0,1.0,,36,1,,7,,18,16.0,1,,0,1.0,0,,,2
1,3,18,1.0,2.0,,27,1,,7,,15,15.0,1,,1,0.0,0,,,2
0,1,3,0.0,,,31,4,,7,,20,20.0,2,,0,0.0,0,,,2
1,5,18,0.0,1.0,,31,1,,7,,19,19.0,2,,1,0.0,0,,,2
0,1,216,0.0,0.0,11.0,43,1,54.0,9,32.0,16,16.0,3,1.0,1,0.0,0,0.0,1.0,2
1,0,202,0.0,1.0,6.0,33,2,39.0,9,11.0,24,17.0,2,1.0,1,2.0,0,0.0,1.0,2
0,0,996,0.0,2.0,6.0,24,1,30.0,9,62.0,15,15.0,3,1.0,1,0.0,0,0.0,1.0,2
0,0,202,1.0,0.0,11.0,35,1,46.0,9,11.0,15,15.0,3,1.0,2,0.0,0,0.0,1.0,2
1,0,202,1.0,1.0,-1.0,37,1,36.0,9,11.0,27,17.0,2,1.0,1,0.0,3,1.0,2.0,2
1,5,179,0.0,2.0,,34,2,,9,,15,15.0,3,,2,0.0,0,,,2
0,0,201,0.0,1.0,4.0,31,7,35.0,9,11.0,18,16.0,2,0.0,1,0.0,1,0.0,1.0,2
0,0,216,1.0,2.0,,40,1,,9,,21,17.0,3,,2,0.0,0,,,2
0,4,202,1.0,1.0,,32,2,,9,,17,17.0,2,,1,3.0,0,,,2
0,0,244,0.0,0.0,7.0,27,1,34.0,2,96.0,21,17.0,5,3.0,3,0.0,0,0.0,1.0,1
0,1,3,0.0,,7.0,31,4,38.0,5,62.0,16,16.0,1,0.0,1,0.0,0,0.0,2.0,2
0,0,3,0.0,,4.0,27,4,31.0,5,11.0,17,16.0,1,0.0,1,0.0,0,0.0,1.0,2
0,0,47,0.0,,10.0,20,5,30.0,5,62.0,14,15.0,1,0.0,2,0.0,1,0.0,2.0,2
0,0,5,0.0,,5.0,25,4,30.0,5,62.0,20,20.0,2,0.0,0,0.0,0,0.0,2.0,2
0,0,47,0.0,,3.0,37,5,40.0,5,11.0,24,15.0,1,1.0,1,0.0,1,0.0,1.0,2
0,0,3,0.0,,15.0,35,4,50.0,5,11.0,15,15.0,1,0.0,0,0.0,1,1.0,1.0,2
0,0,3,0.0,,10.0,18,4,28.0,5,11.0,15,15.0,2,1.0,1,0.0,0,0.0,1.0,2
0,0,3,0.0,,,40,4,,5,,29,14.0,1,,0,0.0,0,,,2
1,0,42,0.0,2.0,8.0,40,5,48.0,5,11.0,10,14.0,1,2.0,0,0.0,1,0.0,1.0,2
0,0,3,0.0,,5.0,21,4,26.0,5,62.0,16,16.0,2,0.0,0,1.0,0,0.0,2.0,2
0,3,3,0.0,,25.0,35,4,60.0,5,11.0,29,15.0,2,1.0,0,0.0,0,0.0,1.0,2
0,0,5,0.0,,7.0,28,4,35.0,5,11.0,19,19.0,2,1.0,0,2.0,2,0.0,1.0,2
0,0,3,0.0,,7.0,26,4,33.0,5,11.0,15,15.0,1,1.0,0,0.0,1,0.0,1.0,2
1,0,199,0.0,1.0,,29,1,,12,,16,18.0,4,,2,1.0,0,,,1
0,0,190,1.0,2.0,5.0,37,2,42.0,12,62.0,32,17.0,5,3.0,3,0.0,0,0.0,2.0,1
0,0,179,1.0,2.0,6.0,33,1,39.0,12,43.0,28,22.0,5,2.0,3,0.0,1,0.0,1.0,1
0,0,173,0.0,0.0,3.0,24,2,27.0,12,96.0,24,18.0,4,3.0,2,0.0,1,0.0,1.0,1
0,4,236,0.0,1.0,10.0,18,1,28.0,12,75.0,17,12.0,5,2.0,3,0.0,1,0.0,1.0,1
1,3,244,1.0,2.0,5.0,30,1,35.0,12,21.0,22,20.0,5,3.0,3,0.0,2,0.0,1.0,1
0,0,202,0.0,0.0,,35,1,,12,,20,17.0,3,,3,0.0,0,,,1
0,1,235,0.0,2.0,3.0,31,1,34.0,12,96.0,19,19.0,5,3.0,3,0.0,0,0.0,1.0,1
0,0,236,0.0,,6.0,27,1,33.0,12,41.0,22,17.0,4,1.0,2,0.0,0,,1.0,1
0,0,202,0.0,1.0,4.0,28,1,32.0,12,62.0,19,19.0,4,1.0,2,0.0,0,0.0,1.0,1
1,2,202,1.0,2.0,5.0,33,2,38.0,12,54.0,30,14.0,4,2.0,1,2.0,0,0.0,1.0,1
1,4,248,1.0,,4.0,23,1,27.0,12,33.0,21,17.0,4,3.0,2,0.0,0,0.0,1.0,1
1,2,179,0.0,1.0,,37,1,,12,,18,18.0,3,,1,1.0,0,,,1
1,3,4,0.0,,,35,4,,12,,23,17.0,5,,2,3.0,0,,,1
1,4,236,0.0,2.0,4.0,28,1,32.0,12,66.0,26,15.0,3,1.0,2,1.0,0,0.0,1.0,1
0,5,232,0.0,2.0,16.0,39,2,55.0,12,54.0,25,20.0,5,2.0,2,0.0,0,0.0,1.0,1
0,0,232,1.0,2.0,3.0,42,2,45.0,12,33.0,19,18.0,5,3.0,2,0.0,0,0.0,1.0,1
1,0,155,1.0,1.0,0.0,48,1,48.0,12,24.0,30,17.0,5,1.0,3,0.0,0,,1.0,1
0,0,21,0.0,,29.0,35,4,64.0,5,11.0,11,12.0,2,0.0,1,1.0,0,0.0,1.0,2
0,0,21,0.0,,28.0,32,4,60.0,5,11.0,17,12.0,2,0.0,0,0.0,1,0.0,1.0,2
0,0,21,0.0,,20.0,46,4,66.0,5,11.0,12,10.0,2,0.0,0,0.0,0,0.0,1.0,2
0,0,21,0.0,,,48,4,,5,,15,15.0,2,,0,0.0,0,,,2
0,4,21,0.0,,5.0,40,4,45.0,5,11.0,13,15.0,1,0.0,0,0.0,1,0.0,1.0,2
0,3,21,0.0,,28.0,35,4,63.0,5,11.0,13,,1,0.0,1,0.0,0,0.0,1.0,2
0,3,21,0.0,,17.0,23,4,40.0,5,13.0,16,16.0,2,1.0,1,2.0,0,1.0,1.0,2
0,1,21,0.0,,9.0,38,4,47.0,5,11.0,15,15.0,2,1.0,0,0.0,0,0.0,1.0,2
0,0,21,0.0,,5.0,42,4,47.0,5,0.0,11,12.0,2,1.0,0,0.0,0,0.0,1.0,2
0,0,21,0.0,,3.0,29,4,32.0,5,62.0,17,16.0,2,1.0,0,0.0,0,0.0,1.0,2
0,0,21,0.0,,3.0,30,4,33.0,5,13.0,27,18.0,2,0.0,0,0.0,0,0.0,1.0,2
0,0,21,0.0,,9.0,22,4,31.0,5,13.0,15,15.0,2,0.0,0,0.0,0,0.0,1.0,2
0,3,21,0.0,,3.0,25,4,28.0,5,11.0,19,17.0,2,1.0,0,0.0,0,0.0,1.0,2
1,2,31,1.0,1.0,2.0,28,5,30.0,7,11.0,15,15.0,1,1.0,0,0.0,0,0.0,1.0,2
0,3,77,0.0,,30.0,25,4,55.0,7,11.0,13,13.0,2,0.0,0,0.0,0,1.0,1.0,2
0,0,77,0.0,,10.0,20,4,30.0,7,12.0,18,16.0,1,0.0,0,0.0,0,0.0,2.0,2
0,5,3,0.0,,29.0,21,4,50.0,7,62.0,16,14.0,2,0.0,1,0.0,0,0.0,1.0,2
0,3,14,0.0,,7.0,28,2,35.0,7,11.0,17,16.0,1,0.0,0,1.0,0,0.0,1.0,2
0,0,33,0.0,,13.0,27,4,40.0,7,66.0,21,15.0,1,1.0,0,0.0,0,0.0,1.0,2
0,0,77,1.0,,7.0,23,4,30.0,7,73.0,20,17.0,2,1.0,1,2.0,0,0.0,1.0,2
0,1,77,0.0,,27.0,28,4,55.0,7,42.0,20,17.0,2,2.0,0,2.0,0,1.0,1.0,2
0,1,3,0.0,,10.0,31,4,41.0,7,11.0,13,13.0,2,0.0,0,0.0,0,0.0,1.0,2
0,1,18,0.0,,4.0,34,1,38.0,7,11.0,20,17.0,2,0.0,0,0.0,0,0.0,1.0,2
0,0,77,0.0,,14.0,21,4,35.0,7,11.0,16,17.0,1,0.0,0,0.0,0,0.0,1.0,2
1,1,18,0.0,1.0,,27,1,,7,,18,17.0,1,,0,0.0,0,,,2
0,0,31,0.0,,5.0,35,4,40.0,7,11.0,16,18.0,1,0.0,0,3.0,0,1.0,1.0,2
0,1,3,0.0,,14.0,46,4,60.0,7,11.0,18,17.0,1,0.0,0,4.0,0,0.0,1.0,2
0,0,77,0.0,,4.0,19,4,23.0,7,11.0,15,16.0,1,1.0,0,0.0,0,0.0,1.0,2
0,0,1,0.0,,4.0,27,4,31.0,5,11.0,17,16.0,2,0.0,0,0.0,0,0.0,1.0,2
0,0,1,0.0,,6.0,20,4,26.0,5,12.0,14,14.0,2,0.0,0,0.0,0,0.0,2.0,2
0,1,1,0.0,,,30,4,,5,,26,14.0,2,,0,3.0,0,,,2
0,1,1,0.0,,8.0,20,4,28.0,5,11.0,14,14.0,1,0.0,0,4.0,0,0.0,1.0,2
0,0,1,0.0,,,40,4,,5,,15,15.0,1,,0,2.0,0,,,2
0,0,1,0.0,,4.0,26,4,30.0,5,11.0,14,14.0,1,0.0,0,3.0,0,1.0,1.0,2
0,0,1,0.0,,8.0,30,4,38.0,5,11.0,15,15.0,1,0.0,0,2.0,0,1.0,2.0,2
0,1,1,0.0,,1.0,25,4,26.0,5,11.0,15,16.0,1,0.0,0,3.0,0,0.0,1.0,2
0,0,1,0.0,,39.0,34,4,73.0,5,11.0,14,14.0,1,0.0,0,4.0,0,0.0,1.0,2
0,0,1,0.0,,13.0,35,4,48.0,5,11.0,14,14.0,1,0.0,0,5.0,0,0.0,1.0,2
0,0,1,0.0,,12.0,20,4,32.0,5,11.0,17,17.0,2,0.0,0,5.0,0,0.0,1.0,2
0,0,1,0.0,,54.0,28,4,82.0,5,11.0,16,16.0,1,0.0,0,0.0,0,0.0,1.0,2
0,0,1,0.0,,12.0,27,4,39.0,5,11.0,15,16.0,1,0.0,0,1.0,0,0.0,1.0,2
0,0,1,0.0,,8.0,49,4,57.0,5,12.0,15,15.0,1,0.0,0,4.0,0,0.0,1.0,2
0,0,262,0.0,,20.0,34,1,54.0,11,62.0,16,17.0,5,2.0,2,0.0,0,0.0,2.0,1
0,3,4,0.0,,,39,4,,11,,14,17.0,5,,2,0.0,0,,,1
1,4,203,0.0,2.0,11.0,30,3,41.0,11,66.0,25,20.0,5,2.0,2,0.0,0,0.0,1.0,1
0,3,162,,0.0,5.0,19,1,24.0,11,73.0,19,16.0,4,1.0,2,1.0,0,0.0,1.0,1
0,2,996,0.0,2.0,,38,2,,11,,19,21.0,5,,2,0.0,0,,,1
0,4,151,0.0,,6.0,29,3,35.0,11,96.0,25,16.0,4,1.0,2,0.0,0,0.0,1.0,1
0,1,4,0.0,,15.0,39,4,54.0,11,62.0,18,,4,1.0,2,0.0,1,0.0,1.0,1
0,3,4,1.0,,11.0,29,4,40.0,11,66.0,23,22.0,5,2.0,2,1.0,1,0.0,1.0,1
0,2,195,0.0,,20.0,25,3,45.0,11,66.0,18,15.0,4,2.0,2,0.0,1,0.0,1.0,1
0,1,136,0.0,0.0,8.0,25,2,33.0,11,73.0,25,18.0,5,1.0,2,0.0,2,0.0,1.0,1
0,3,21,0.0,,,26,4,,5,,16,16.0,1,,0,0.0,0,,,2
0,1,21,0.0,,15.0,25,4,40.0,5,11.0,16,16.0,1,0.0,0,1.0,0,1.0,1.0,2
0,0,21,0.0,,22.0,30,4,52.0,5,73.0,15,16.0,1,0.0,0,4.0,0,0.0,1.0,2
0,0,21,0.0,,3.0,25,4,28.0,5,11.0,14,14.0,2,1.0,0,3.0,0,0.0,1.0,2
0,1,21,0.0,,7.0,29,4,36.0,5,11.0,17,16.0,1,0.0,0,0.0,0,1.0,1.0,2
0,1,21,0.0,,2.0,26,4,28.0,5,11.0,17,17.0,1,0.0,0,3.0,0,0.0,2.0,2
0,1,21,0.0,,2.0,23,4,25.0,5,11.0,13,14.0,2,1.0,0,3.0,0,0.0,1.0,2
0,0,21,0.0,,12.0,27,4,39.0,5,11.0,18,18.0,1,0.0,0,2.0,0,0.0,1.0,2
0,1,1,0.0,,7.0,20,4,27.0,5,11.0,19,19.0,1,0.0,0,1.0,0,0.0,1.0,2
0,0,21,0.0,,4.0,32,4,36.0,5,11.0,16,16.0,1,1.0,0,0.0,0,0.0,1.0,2
0,0,21,0.0,,27.0,46,4,73.0,5,11.0,13,13.0,1,0.0,0,2.0,0,0.0,1.0,2
0,0,1,0.0,,4.0,30,4,34.0,5,11.0,13,14.0,1,0.0,0,2.0,0,0.0,1.0,2
0,1,21,0.0,,10.0,18,4,28.0,5,11.0,15,17.0,2,0.0,0,3.0,0,0.0,1.0,2
0,1,21,0.0,,14.0,16,4,30.0,5,11.0,13,14.0,2,0.0,1,2.0,0,0.0,1.0,2
0,0,21,0.0,,9.0,31,4,40.0,5,11.0,16,16.0,1,0.0,0,0.0,0,0.0,1.0,2
0,1,21,0.0,,12.0,32,4,44.0,5,11.0,14,14.0,2,0.0,0,3.0,0,0.0,1.0,2
0,0,5,0.0,,11.0,18,4,29.0,5,11.0,17,17.0,1,0.0,0,0.0,0,0.0,1.0,2
0,1,21,0.0,,9.0,25,4,34.0,5,11.0,16,16.0,1,0.0,0,3.0,0,0.0,1.0,2
0,0,21,0.0,,27.0,30,4,57.0,5,11.0,16,14.0,4,0.0,0,3.0,0,1.0,1.0,2
0,0,21,0.0,,13.0,18,4,31.0,5,11.0,13,14.0,2,0.0,0,0.0,1,1.0,1.0,2
1,0,158,1.0,2.0,6.0,35,2,41.0,10,66.0,19,17.0,4,1.0,1,1.0,0,0.0,1.0,2
0,2,176,1.0,,11.0,29,4,40.0,10,51.0,12,15.0,3,1.0,1,0.0,0,1.0,1.0,2
0,1,202,0.0,2.0,9.0,40,1,49.0,10,54.0,23,17.0,5,2.0,2,0.0,0,0.0,1.0,2
0,2,101,0.0,2.0,-7.0,29,1,22.0,10,54.0,21,18.0,3,2.0,1,0.0,0,0.0,1.0,2
1,5,244,1.0,1.0,,23,1,,10,,10,12.0,2,,1,0.0,0,,,2
1,5,236,0.0,1.0,,38,1,,10,,27,19.0,4,,2,0.0,0,,,2
0,3,177,0.0,,5.0,27,2,32.0,10,62.0,22,22.0,4,2.0,3,0.0,0,0.0,2.0,2
1,2,135,,2.0,7.0,35,2,42.0,10,54.0,14,15.0,4,1.0,1,0.0,0,0.0,1.0,2
0,0,236,1.0,,6.0,25,1,31.0,10,82.0,21,19.0,3,2.0,2,0.0,0,0.0,1.0,2
0,0,236,1.0,,,25,1,,10,,22,17.0,4,,1,0.0,0,,,2
0,0,236,1.0,2.0,10.0,32,1,42.0,10,54.0,29,18.0,4,1.0,2,2.0,0,0.0,1.0,2
0,0,173,0.0,0.0,9.0,22,2,31.0,10,73.0,18,17.0,3,2.0,2,0.0,0,0.0,1.0,2
0,4,256,0.0,0.0,6.0,19,3,25.0,10,96.0,16,14.0,3,1.0,2,1.0,1,0.0,1.0,2
0,2,151,0.0,,8.0,35,2,43.0,10,24.0,26,14.0,4,2.0,2,0.0,0,0.0,1.0,2
0,1,173,0.0,2.0,4.0,30,2,34.0,10,66.0,18,17.0,4,1.0,2,0.0,0,0.0,1.0,2
1,2,101,1.0,2.0,2.0,26,1,28.0,10,11.0,23,18.0,3,0.0,0,2.0,0,0.0,1.0,2
0,2,169,1.0,0.0,5.0,30,1,35.0,8,33.0,25,23.0,5,2.0,2,0.0,0,0.0,1.0,1
1,3,173,1.0,,,25,2,,8,,24,16.0,4,,3,3.0,0,,,1
0,0,166,0.0,,6.0,39,1,45.0,8,96.0,22,15.0,5,3.0,3,0.0,0,0.0,1.0,1
0,2,188,1.0,0.0,2.0,38,1,40.0,8,42.0,23,18.0,5,3.0,2,0.0,0,0.0,1.0,1
0,3,200,,,5.0,30,2,35.0,8,66.0,26,16.0,3,1.0,1,5.0,0,0.0,1.0,1
1,3,167,0.0,0.0,5.0,49,1,54.0,8,73.0,18,16.0,4,1.0,1,0.0,1,,1.0,1
1,1,236,0.0,2.0,1.0,29,2,30.0,2,61.0,27,19.0,4,2.0,2,0.0,0,0.0,1.0,1
0,1,202,1.0,1.0,11.0,34,2,45.0,2,51.0,27,19.0,5,2.0,3,0.0,1,0.0,1.0,1
0,1,3,0.0,,20.0,28,1,48.0,2,66.0,21,21.0,5,2.0,1,0.0,0,0.0,1.0,1
1,1,244,0.0,2.0,,49,2,,2,,33,14.0,3,,2,1.0,0,,,1
1,4,256,0.0,2.0,4.0,28,1,32.0,2,31.0,19,16.0,4,2.0,1,1.0,2,3.0,1.0,1
1,1,255,1.0,,12.0,38,2,50.0,2,62.0,28,18.0,5,2.0,2,0.0,0,1.0,1.0,1
1,1,47,0.0,1.0,2.0,32,3,34.0,2,82.0,18,16.0,3,1.0,1,3.0,0,0.0,1.0,1
0,1,236,0.0,2.0,,21,2,,2,,17,17.0,4,,2,0.0,0,,,1
0,0,244,1.0,,11.0,36,2,47.0,2,11.0,18,19.0,5,3.0,1,3.0,1,0.0,1.0,1
0,1,244,1.0,,1.0,27,1,28.0,2,72.0,16,13.0,3,2.0,2,0.0,0,0.0,1.0,1
0,0,996,0.0,,4.0,21,4,25.0,8,11.0,14,15.0,1,2.0,2,0.0,0,0.0,1.0,2
0,0,173,,,3.0,24,2,27.0,8,72.0,16,16.0,2,1.0,1,5.0,0,0.0,1.0,2
0,3,173,0.0,2.0,14.0,18,4,32.0,8,11.0,16,16.0,2,1.0,1,2.0,1,0.0,1.0,2
0,1,167,0.0,0.0,6.0,24,1,30.0,8,11.0,15,15.0,2,1.0,1,0.0,0,0.0,2.0,2
0,0,173,,2.0,16.0,41,2,57.0,8,11.0,33,18.0,2,0.0,1,5.0,0,0.0,1.0,2
0,0,173,0.0,,27.0,38,4,65.0,8,12.0,19,18.0,1,1.0,1,0.0,0,0.0,1.0,2
0,0,173,0.0,1.0,,47,2,,8,,15,,2,,1,0.0,0,,,2
0,4,996,0.0,,9.0,26,4,35.0,8,66.0,11,,3,0.0,1,0.0,0,0.0,1.0,2
0,1,227,0.0,1.0,14.0,28,1,42.0,3,31.0,27,14.0,5,3.0,3,0.0,3,0.0,1.0,1
0,2,202,0.0,1.0,11.0,40,1,51.0,3,96.0,18,18.0,5,2.0,2,0.0,0,0.0,1.0,1
0,3,244,0.0,1.0,4.0,27,1,31.0,3,96.0,27,17.0,5,2.0,2,0.0,0,0.0,1.0,1
0,2,225,0.0,,6.0,32,1,38.0,3,11.0,16,15.0,3,2.0,2,0.0,0,0.0,2.0,1
1,0,244,0.0,2.0,0.0,44,1,44.0,3,75.0,19,16.0,5,2.0,2,0.0,0,,1.0,1
1,4,216,1.0,1.0,7.0,25,1,32.0,3,66.0,21,16.0,5,2.0,2,5.0,1,0.0,1.0,1
0,2,245,1.0,0.0,7.0,31,3,38.0,3,62.0,27,18.0,5,2.0,3,0.0,0,0.0,1.0,1
1,4,232,0.0,1.0,2.0,25,2,27.0,3,43.0,21,18.0,5,3.0,2,0.0,0,0.0,1.0,1
0,1,202,1.0,,0.0,33,1,33.0,3,33.0,32,23.0,4,3.0,3,0.0,0,0.0,1.0,1
0,1,229,0.0,,5.0,32,3,37.0,3,0.0,27,24.0,5,0.0,3,0.0,0,0.0,2.0,1
0,1,241,0.0,,6.0,26,1,32.0,3,31.0,25,16.0,5,3.0,3,0.0,0,0.0,1.0,1
0,0,996,0.0,2.0,7.0,46,2,53.0,3,62.0,23,18.0,5,2.0,2,0.0,0,0.0,1.0,1
0,2,235,0.0,1.0,7.0,35,2,42.0,3,66.0,26,17.0,5,2.0,2,0.0,0,0.0,1.0,1
0,2,176,1.0,0.0,7.0,34,1,41.0,8,33.0,24,17.0,5,3.0,2,0.0,0,,2.0,1
0,3,146,,,7.0,25,1,32.0,8,62.0,23,16.0,4,2.0,2,5.0,0,0.0,2.0,1
0,1,153,0.0,0.0,7.0,37,2,44.0,8,34.0,31,17.0,5,3.0,3,0.0,0,,2.0,1
1,2,151,0.0,1.0,3.0,48,3,51.0,8,64.0,17,17.0,5,1.0,2,0.0,3,0.0,1.0,1
0,5,158,,1.0,5.0,27,1,32.0,8,72.0,24,18.0,4,0.0,2,0.0,0,0.0,2.0,1
0,0,138,,,7.0,33,2,40.0,8,66.0,13,13.0,4,0.0,0,0.0,0,0.0,1.0,1
0,2,177,0.0,,6.0,33,2,39.0,8,62.0,22,17.0,5,1.0,0,5.0,0,0.0,1.0,1
0,1,167,,,5.0,30,4,35.0,8,62.0,20,21.0,4,2.0,2,5.0,0,0.0,1.0,1
0,1,151,1.0,0.0,4.0,26,2,30.0,8,66.0,16,16.0,3,1.0,1,0.0,0,0.0,1.0,1
1,1,176,,,8.0,32,4,40.0,9,96.0,16,17.0,4,1.0,1,1.0,0,0.0,1.0,1
0,0,176,0.0,,5.0,30,2,35.0,9,66.0,20,17.0,3,1.0,1,0.0,0,0.0,1.0,1
0,2,176,0.0,,6.0,20,4,26.0,9,66.0,16,16.0,3,2.0,1,0.0,1,0.0,2.0,1
0,0,176,0.0,,,39,2,,9,,14,16.0,5,,1,0.0,0,,,1
1,2,176,0.0,,10.0,22,4,32.0,9,41.0,16,16.0,4,2.0,2,0.0,3,0.0,2.0,1
1,0,176,0.0,,7.0,28,4,35.0,9,61.0,18,17.0,3,1.0,1,0.0,1,0.0,1.0,1
0,3,176,0.0,,12.0,39,4,51.0,9,66.0,20,19.0,4,1.0,2,1.0,1,1.0,1.0,1
0,1,176,0.0,,11.0,17,4,28.0,9,62.0,16,17.0,4,2.0,2,0.0,0,0.0,1.0,1
1,2,176,0.0,,,20,4,,9,,15,16.0,4,,2,0.0,0,,,1
1,3,176,1.0,,18.0,27,4,45.0,9,78.0,22,18.0,5,2.0,2,2.0,0,2.0,1.0,1
0,0,176,0.0,,11.0,32,4,43.0,9,66.0,18,17.0,5,2.0,2,0.0,0,0.0,1.0,1
1,4,176,0.0,,5.0,27,4,32.0,9,62.0,26,16.0,3,2.0,2,2.0,0,1.0,1.0,1
1,2,176,0.0,,26.0,32,4,58.0,9,62.0,14,15.0,4,2.0,1,0.0,0,0.0,1.0,1
0,0,176,0.0,,4.0,41,4,45.0,9,71.0,20,19.0,3,0.0,1,0.0,3,0.0,1.0,1
0,4,176,0.0,,9.0,26,4,35.0,9,72.0,20,18.0,4,2.0,1,0.0,0,0.0,1.0,1
0,1,176,0.0,,,27,4,,9,,16,13.0,4,,1,0.0,0,,,1
0,3,255,1.0,2.0,3.0,22,1,25.0,4,11.0,14,13.0,1,2.0,1,3.0,0,0.0,1.0,2
1,1,255,1.0,1.0,3.0,40,1,43.0,4,11.0,12,14.0,1,1.0,1,0.0,0,0.0,1.0,2
1,0,253,1.0,2.0,8.0,44,1,52.0,4,11.0,14,14.0,2,1.0,1,0.0,2,0.0,1.0,2
1,0,255,1.0,2.0,1.0,39,3,40.0,4,11.0,25,17.0,1,1.0,0,0.0,0,1.0,1.0,2
0,5,255,1.0,2.0,,48,2,,4,,14,16.0,1,,0,0.0,0,,,2
0,3,255,0.0,,1.0,27,1,28.0,4,11.0,14,13.0,1,2.0,1,0.0,2,1.0,1.0,2
0,2,255,1.0,,,32,1,,4,,19,14.0,1,,1,0.0,0,,,2
0,5,255,0.0,1.0,8.0,22,1,30.0,4,11.0,14,14.0,1,2.0,1,0.0,1,0.0,1.0,2
1,3,255,1.0,,10.0,46,2,56.0,4,11.0,29,15.0,1,1.0,1,4.0,0,0.0,1.0,2
1,0,255,1.0,,0.0,27,3,27.0,4,11.0,15,15.0,2,2.0,1,0.0,0,0.0,1.0,2
1,3,255,1.0,,5.0,25,1,30.0,4,11.0,15,15.0,2,2.0,1,0.0,0,0.0,1.0,2
0,0,255,0.0,,2.0,49,3,51.0,4,11.0,18,,2,,0,3.0,0,0.0,1.0,2
1,5,255,1.0,1.0,,19,3,,4,,15,13.0,2,,1,1.0,0,,,2
0,5,255,1.0,1.0,5.0,16,1,21.0,4,11.0,15,13.0,1,1.0,0,0.0,0,0.0,2.0,2
0,3,255,1.0,0.0,5.0,28,1,33.0,4,11.0,14,15.0,2,2.0,1,0.0,0,0.0,1.0,2
1,0,255,1.0,1.0,4.0,34,3,38.0,4,11.0,14,15.0,2,1.0,1,0.0,0,2.0,1.0,2
1,4,255,1.0,2.0,15.0,23,3,38.0,4,96.0,18,14.0,1,1.0,1,0.0,0,0.0,1.0,2
0,3,255,1.0,2.0,14.0,20,1,34.0,4,11.0,15,15.0,1,1.0,1,0.0,0,0.0,1.0,2
0,0,236,0.0,,10.0,30,1,40.0,2,43.0,20,16.0,4,3.0,2,0.0,2,0.0,1.0,1
0,4,31,,,7.0,29,2,36.0,2,66.0,23,19.0,3,1.0,0,5.0,1,0.0,1.0,1
0,1,185,1.0,0.0,9.0,19,2,28.0,2,72.0,18,18.0,4,,2,0.0,0,,2.0,1
0,3,235,0.0,,2.0,25,1,27.0,2,96.0,22,14.0,4,3.0,3,0.0,3,0.0,2.0,1
1,4,996,0.0,,5.0,17,4,22.0,2,96.0,17,17.0,4,1.0,2,0.0,0,0.0,1.0,1
1,3,235,0.0,,7.0,34,1,41.0,2,44.0,20,18.0,5,3.0,2,0.0,1,0.0,1.0,1
0,2,244,0.0,,,30,1,,2,,11,15.0,5,,2,1.0,0,,,1
0,0,98,0.0,,7.0,25,1,32.0,7,11.0,11,12.0,1,2.0,1,0.0,0,1.0,1.0,2
0,1,3,0.0,,18.0,22,4,40.0,7,62.0,16,16.0,2,2.0,0,2.0,0,0.0,1.0,2
0,1,101,0.0,,11.0,29,7,40.0,7,11.0,18,19.0,2,,0,0.0,0,0.0,2.0,2
0,0,98,0.0,,25.0,33,1,58.0,7,11.0,15,16.0,1,1.0,1,0.0,0,0.0,1.0,2
0,1,98,0.0,,2.0,44,2,46.0,7,11.0,21,14.0,2,2.0,1,0.0,0,0.0,1.0,2
1,2,98,0.0,,7.0,33,2,40.0,7,11.0,22,13.0,1,2.0,1,3.0,0,0.0,1.0,2
1,1,98,0.0,2.0,1.0,32,4,33.0,7,11.0,16,17.0,1,1.0,0,2.0,0,2.0,1.0,2
0,0,101,0.0,,,41,1,,7,,21,18.0,1,,1,0.0,0,,,2
0,0,95,0.0,,11.0,25,4,36.0,7,66.0,16,17.0,1,1.0,1,0.0,0,0.0,1.0,2
0,1,98,0.0,2.0,12.0,28,2,40.0,7,42.0,25,23.0,1,2.0,2,0.0,0,0.0,1.0,2
0,1,98,0.0,,26.0,44,2,70.0,7,11.0,15,15.0,1,0.0,0,0.0,0,1.0,1.0,2
1,0,98,,,46.0,34,4,80.0,7,11.0,17,15.0,1,0.0,0,3.0,0,0.0,1.0,2
0,0,31,0.0,,6.0,36,4,42.0,7,62.0,13,13.0,1,0.0,1,2.0,0,0.0,1.0,2
0,4,253,1.0,1.0,8.0,27,1,35.0,4,11.0,16,16.0,1,1.0,1,0.0,0,0.0,1.0,1
1,3,253,0.0,1.0,5.0,26,2,31.0,4,11.0,17,15.0,1,1.0,1,0.0,0,0.0,1.0,1
0,3,253,1.0,1.0,6.0,22,1,28.0,4,11.0,17,15.0,1,1.0,1,0.0,0,0.0,1.0,1
1,5,253,1.0,,2.0,32,1,34.0,4,11.0,20,14.0,2,1.0,1,4.0,0,1.0,1.0,1
1,0,253,0.0,1.0,5.0,27,1,32.0,4,11.0,20,15.0,1,1.0,1,0.0,0,0.0,1.0,1
1,0,253,0.0,1.0,7.0,43,1,50.0,4,11.0,17,17.0,2,1.0,2,0.0,3,0.0,1.0,1
0,3,253,1.0,1.0,,32,1,,4,,23,16.0,1,,0,1.0,0,,,1
1,3,253,1.0,1.0,1.0,48,1,49.0,4,11.0,20,17.0,1,1.0,1,0.0,0,0.0,1.0,1
0,2,253,1.0,,10.0,25,1,35.0,4,62.0,11,14.0,2,2.0,2,0.0,0,0.0,1.0,1
1,5,253,1.0,1.0,,25,2,,4,,17,13.0,2,,1,4.0,0,,,1
1,4,253,0.0,2.0,,48,1,,4,,18,18.0,3,,2,0.0,0,,,1
0,0,253,0.0,1.0,,43,1,,4,,23,15.0,1,,2,0.0,0,,,1
0,3,253,1.0,1.0,12.0,33,1,45.0,4,11.0,15,15.0,1,1.0,1,0.0,0,0.0,1.0,1
1,0,232,0.0,,-6.0,27,1,21.0,3,46.0,23,,4,2.0,2,0.0,0,0.0,1.0,1
0,0,232,0.0,,1.0,27,3,28.0,3,96.0,22,17.0,4,1.0,2,0.0,0,0.0,1.0,1
0,0,232,1.0,,2.0,27,2,29.0,3,33.0,23,18.0,5,2.0,3,0.0,0,0.0,1.0,1
0,0,232,0.0,,10.0,47,1,57.0,3,0.0,13,19.0,5,2.0,1,0.0,0,0.0,1.0,1
0,0,202,0.0,2.0,2.0,27,3,29.0,3,66.0,21,16.0,5,2.0,2,0.0,0,0.0,1.0,1
1,0,244,0.0,2.0,1.0,27,1,28.0,3,96.0,23,,5,3.0,1,0.0,0,0.0,1.0,1
1,3,232,0.0,2.0,16.0,31,2,47.0,3,31.0,25,,5,3.0,2,2.0,1,0.0,1.0,1
0,2,996,1.0,1.0,3.0,37,2,40.0,3,31.0,27,23.0,5,2.0,3,0.0,3,0.0,2.0,1
0,1,3,0.0,,10.0,22,4,32.0,12,62.0,18,18.0,5,1.0,0,0.0,0,0.0,1.0,1
0,0,36,0.0,,3.0,32,1,35.0,12,62.0,30,30.0,4,0.0,0,0.0,0,0.0,1.0,1
0,1,89,0.0,,3.0,22,4,25.0,12,62.0,20,20.0,4,1.0,2,0.0,0,0.0,1.0,1
0,2,232,0.0,,3.0,41,1,44.0,12,66.0,38,20.0,3,2.0,2,1.0,1,0.0,1.0,1
0,1,256,0.0,,17.0,28,1,45.0,12,62.0,12,,4,2.0,2,0.0,0,0.0,1.0,1
0,1,36,0.0,,6.0,24,2,30.0,12,61.0,21,20.0,3,2.0,2,0.0,0,0.0,1.0,1
1,1,202,1.0,,1.0,43,2,44.0,12,31.0,29,25.0,5,3.0,3,0.0,2,0.0,1.0,1
1,5,202,0.0,2.0,,41,2,,12,,19,20.0,4,,2,0.0,0,,,1
0,0,33,0.0,,0.0,22,3,22.0,12,0.0,18,17.0,4,2.0,2,0.0,0,0.0,1.0,1
1,3,179,0.0,1.0,0.0,29,2,29.0,9,66.0,24,17.0,3,2.0,0,0.0,3,0.0,1.0,1
0,1,202,0.0,1.0,5.0,33,1,38.0,9,33.0,27,17.0,5,3.0,2,0.0,3,0.0,2.0,1
0,2,179,0.0,,17.0,49,1,66.0,9,33.0,27,16.0,5,3.0,2,0.0,0,0.0,1.0,1
1,0,155,0.0,2.0,6.0,40,1,46.0,9,62.0,22,24.0,5,3.0,3,0.0,2,0.0,2.0,1
0,5,180,0.0,,10.0,32,1,42.0,9,77.0,19,19.0,5,2.0,2,0.0,0,0.0,1.0,1
0,0,208,0.0,,3.0,44,2,47.0,9,62.0,30,17.0,3,1.0,2,3.0,0,0.0,1.0,1
1,2,244,0.0,1.0,3.0,42,3,45.0,2,11.0,33,16.0,2,1.0,2,0.0,1,0.0,1.0,2
1,4,235,0.0,1.0,2.0,25,1,27.0,2,11.0,19,15.0,2,2.0,2,3.0,1,1.0,1.0,2
1,2,235,0.0,1.0,,33,3,,2,,18,14.0,3,,1,1.0,0,,,2
1,3,235,0.0,2.0,3.0,29,3,32.0,2,11.0,17,14.0,3,1.0,1,1.0,1,0.0,1.0,2
1,4,235,1.0,,9.0,24,1,33.0,2,62.0,17,16.0,3,2.0,2,3.0,0,0.0,1.0,2
0,0,244,0.0,2.0,1.0,44,1,45.0,2,66.0,23,18.0,3,2.0,1,0.0,2,0.0,2.0,2
1,4,244,1.0,1.0,3.0,30,1,33.0,2,11.0,17,16.0,3,2.0,1,2.0,1,0.0,1.0,2
1,3,235,1.0,1.0,5.0,34,3,39.0,2,11.0,18,18.0,4,3.0,2,0.0,0,0.0,2.0,2
1,2,244,1.0,1.0,14.0,32,1,46.0,2,11.0,17,13.0,2,2.0,1,5.0,1,0.0,1.0,2
0,0,235,1.0,1.0,3.0,39,1,42.0,2,11.0,29,17.0,2,0.0,1,0.0,0,0.0,1.0,2
1,5,244,0.0,,-1.0,42,2,41.0,1,73.0,23,17.0,4,2.0,2,0.0,1,0.0,1.0,1
1,3,3,0.0,,11.0,24,4,35.0,1,72.0,16,16.0,4,2.0,0,1.0,0,0.0,1.0,1
0,2,102,0.0,,19.0,26,4,45.0,1,66.0,20,17.0,4,1.0,2,4.0,0,0.0,1.0,1
0,0,176,0.0,2.0,4.0,28,1,32.0,1,73.0,17,17.0,4,2.0,2,0.0,1,0.0,1.0,1
0,1,232,0.0,2.0,14.0,22,3,36.0,1,62.0,22,21.0,5,2.0,2,0.0,0,0.0,2.0,1
0,0,102,0.0,,15.0,26,2,41.0,1,66.0,15,14.0,3,2.0,2,0.0,0,0.0,1.0,1
1,1,996,1.0,1.0,7.0,22,1,29.0,1,61.0,15,17.0,4,1.0,1,2.0,0,0.0,1.0,1
0,2,202,0.0,,72.0,23,7,95.0,1,62.0,17,17.0,4,,2,0.0,0,0.0,1.0,1
0,1,235,0.0,0.0,9.0,47,1,56.0,2,46.0,17,15.0,4,2.0,2,0.0,0,0.0,1.0,1
1,2,232,1.0,,,27,1,,2,,25,18.0,5,,3,0.0,0,,,1
0,3,245,1.0,2.0,8.0,25,2,33.0,2,77.0,22,,4,2.0,2,0.0,0,0.0,1.0,1
1,5,236,0.0,1.0,1.0,28,1,29.0,2,77.0,19,19.0,5,2.0,2,0.0,0,0.0,1.0,1
1,2,208,1.0,0.0,5.0,29,1,34.0,2,96.0,28,20.0,5,2.0,2,0.0,3,0.0,2.0,1
0,3,236,0.0,,7.0,25,1,32.0,2,77.0,24,19.0,5,1.0,2,0.0,2,,1.0,1
1,3,236,0.0,0.0,35.0,26,1,61.0,2,0.0,20,16.0,5,3.0,2,0.0,1,0.0,1.0,1
0,0,232,0.0,2.0,8.0,26,1,34.0,6,11.0,25,18.0,3,1.0,1,0.0,1,0.0,1.0,2
1,5,225,1.0,2.0,6.0,22,2,28.0,6,66.0,19,18.0,3,3.0,2,0.0,0,0.0,1.0,2
0,0,196,0.0,2.0,,30,1,,6,,15,14.0,2,,1,0.0,0,,,2
0,1,232,1.0,1.0,13.0,37,2,50.0,6,11.0,19,17.0,2,1.0,2,0.0,2,0.0,1.0,2
1,5,232,,2.0,,39,1,,6,,22,19.0,2,,2,0.0,0,,,2
0,0,232,0.0,,0.0,37,1,37.0,6,82.0,25,17.0,4,2.0,2,0.0,0,0.0,1.0,2
0,0,232,0.0,,8.0,42,2,50.0,6,0.0,12,16.0,3,2.0,2,0.0,1,0.0,1.0,2
1,2,235,1.0,2.0,6.0,29,3,35.0,12,72.0,20,14.0,4,1.0,1,3.0,0,0.0,1.0,1
0,0,28,0.0,1.0,-8.0,37,2,29.0,12,63.0,13,13.0,4,2.0,2,0.0,0,1.0,1.0,1
1,0,18,0.0,1.0,12.0,26,2,38.0,12,44.0,18,18.0,4,1.0,1,0.0,0,0.0,1.0,1
1,3,191,0.0,2.0,14.0,33,3,47.0,12,54.0,30,15.0,4,2.0,1,1.0,0,0.0,1.0,1
0,4,176,,,13.0,27,4,40.0,12,62.0,18,14.0,4,1.0,1,1.0,0,1.0,1.0,1
0,2,238,1.0,2.0,,42,1,,12,,36,18.0,4,,2,0.0,0,,,1
1,0,261,0.0,1.0,9.0,23,1,32.0,12,63.0,12,12.0,3,1.0,0,0.0,0,,1.0,1
0,0,232,,,4.0,48,2,52.0,12,0.0,12,12.0,5,2.0,1,0.0,0,0.0,1.0,1
0,1,176,0.0,2.0,0.0,25,2,25.0,12,82.0,23,18.0,5,2.0,3,0.0,0,0.0,1.0,1
1,3,219,0.0,2.0,,45,2,,12,,38,19.0,3,,2,2.0,0,,,1
1,2,232,0.0,,3.0,43,2,46.0,12,72.0,20,16.0,4,2.0,2,0.0,0,,1.0,1
1,2,236,0.0,0.0,2.0,40,1,42.0,2,11.0,25,15.0,3,2.0,1,2.0,0,1.0,1.0,2
1,4,236,0.0,,,24,2,,2,,20,19.0,2,,2,0.0,0,,,2
1,5,236,1.0,,,31,1,,2,,19,18.0,2,,2,0.0,0,,,2
1,5,236,1.0,1.0,13.0,33,1,46.0,2,81.0,24,19.0,2,2.0,2,0.0,3,0.0,2.0,2
1,3,236,1.0,,10.0,32,2,42.0,2,11.0,20,14.0,3,1.0,1,0.0,0,0.0,1.0,2
1,1,236,1.0,1.0,6.0,28,1,34.0,2,15.0,18,13.0,2,1.0,2,0.0,2,0.0,1.0,2
1,5,236,1.0,2.0,5.0,26,2,31.0,2,33.0,18,16.0,4,3.0,2,2.0,1,0.0,1.0,2
1,5,236,1.0,0.0,14.0,38,1,52.0,2,33.0,11,12.0,4,2.0,2,0.0,0,0.0,1.0,2
0,0,236,0.0,,12.0,22,1,34.0,2,11.0,18,13.0,2,2.0,1,0.0,1,0.0,1.0,2
1,2,236,1.0,,,34,1,,2,,22,18.0,2,,1,0.0,0,,,2
0,1,3,0.0,,6.0,16,4,22.0,4,62.0,16,16.0,2,0.0,1,2.0,0,0.0,1.0,2
1,3,253,1.0,1.0,5.0,30,3,35.0,4,14.0,21,15.0,2,1.0,1,0.0,3,0.0,1.0,2
0,4,253,0.0,2.0,1.0,27,3,28.0,4,11.0,16,15.0,1,2.0,1,0.0,0,0.0,1.0,2
0,0,101,0.0,,17.0,20,1,37.0,4,11.0,18,16.0,1,1.0,0,0.0,0,0.0,1.0,2
1,4,78,1.0,1.0,8.0,31,1,39.0,4,11.0,12,16.0,1,1.0,1,2.0,0,0.0,1.0,2
0,3,78,1.0,1.0,1.0,33,3,34.0,4,14.0,15,15.0,1,2.0,1,0.0,0,0.0,1.0,2
0,2,78,1.0,,13.0,20,1,33.0,4,14.0,17,17.0,2,2.0,1,5.0,0,0.0,1.0,2
1,3,253,1.0,,1.0,19,2,20.0,4,11.0,13,15.0,1,1.0,2,2.0,0,0.0,1.0,2
1,4,78,1.0,2.0,,34,3,,4,,20,14.0,2,,1,0.0,0,,,2
0,2,996,0.0,1.0,8.0,27,3,35.0,4,62.0,16,14.0,2,2.0,1,0.0,0,,2.0,2
0,0,153,0.0,,3.0,31,3,34.0,8,66.0,23,16.0,5,2.0,2,0.0,0,0.0,1.0,1
0,1,155,0.0,0.0,4.0,26,2,30.0,8,34.0,25,20.0,5,3.0,3,0.0,1,0.0,1.0,1
0,1,200,0.0,,11.0,28,3,39.0,8,63.0,19,19.0,5,3.0,1,0.0,0,0.0,1.0,1
0,2,88,0.0,,6.0,35,1,41.0,8,62.0,28,26.0,5,2.0,3,0.0,0,0.0,1.0,1
0,0,177,0.0,0.0,6.0,34,1,40.0,8,52.0,31,21.0,5,3.0,3,0.0,0,0.0,2.0,1
1,3,153,0.0,2.0,4.0,25,2,29.0,8,72.0,22,15.0,4,2.0,1,2.0,3,0.0,1.0,1
0,4,202,0.0,0.0,1.0,34,1,35.0,9,12.0,23,15.0,3,0.0,2,0.0,0,0.0,1.0,1
0,3,202,0.0,,15.0,23,1,38.0,9,73.0,21,20.0,4,2.0,2,2.0,0,0.0,1.0,1
1,0,202,0.0,2.0,0.0,40,1,40.0,9,63.0,22,15.0,2,1.0,1,0.0,0,0.0,1.0,1
0,1,202,0.0,2.0,9.0,19,1,28.0,9,66.0,18,17.0,4,2.0,2,0.0,0,0.0,2.0,1
0,3,202,0.0,1.0,11.0,24,2,35.0,9,96.0,20,20.0,3,2.0,2,0.0,0,0.0,2.0,1
0,0,202,0.0,0.0,9.0,31,2,40.0,9,62.0,25,16.0,3,2.0,2,0.0,1,0.0,2.0,1
0,0,202,0.0,1.0,8.0,28,1,36.0,9,24.0,21,17.0,2,2.0,1,0.0,0,0.0,1.0,2
0,1,202,0.0,0.0,8.0,27,1,35.0,9,62.0,17,17.0,2,1.0,1,2.0,0,0.0,1.0,2
1,3,232,1.0,1.0,3.0,27,96,30.0,9,66.0,20,17.0,3,1.0,2,0.0,1,0.0,1.0,2
1,3,202,,2.0,-2.0,32,2,30.0,9,66.0,19,16.0,5,2.0,1,4.0,0,0.0,1.0,2
0,0,202,1.0,2.0,6.0,30,2,36.0,9,11.0,27,15.0,2,1.0,1,0.0,0,0.0,1.0,2
0,0,202,0.0,1.0,1.0,25,1,26.0,9,71.0,14,14.0,3,1.0,1,2.0,0,0.0,1.0,2
1,0,202,1.0,1.0,2.0,28,1,30.0,9,66.0,18,17.0,3,1.0,1,1.0,0,0.0,1.0,2
0,0,202,0.0,2.0,1.0,24,2,25.0,9,72.0,23,20.0,2,2.0,2,0.0,0,0.0,2.0,2
1,1,202,1.0,1.0,2.0,26,2,28.0,9,62.0,17,17.0,3,1.0,2,0.0,0,1.0,1.0,2
0,0,202,0.0,1.0,11.0,28,2,39.0,9,62.0,14,15.0,3,1.0,1,1.0,0,0.0,1.0,2
1,4,202,0.0,1.0,14.0,27,1,41.0,9,11.0,20,17.0,2,1.0,2,0.0,2,0.0,1.0,2
0,0,202,0.0,1.0,42.0,44,2,86.0,9,11.0,35,20.0,2,0.0,1,0.0,0,0.0,1.0,2
0,2,202,0.0,2.0,5.0,29,1,34.0,3,62.0,26,22.0,5,2.0,3,2.0,1,0.0,2.0,1
1,3,18,0.0,,7.0,25,3,32.0,3,62.0,16,,4,2.0,2,0.0,0,0.0,1.0,1
1,2,196,0.0,,0.0,44,2,44.0,3,41.0,15,17.0,4,0.0,2,0.0,3,1.0,2.0,1
1,3,193,,2.0,10.0,24,1,34.0,3,32.0,20,16.0,5,1.0,1,0.0,1,0.0,1.0,1
1,2,245,,,5.0,29,3,34.0,3,96.0,23,15.0,5,2.0,2,0.0,1,0.0,1.0,1
0,1,193,1.0,,1.0,36,2,37.0,3,66.0,24,20.0,4,3.0,2,0.0,0,0.0,1.0,1
0,3,195,1.0,2.0,,34,2,,3,,23,15.0,4,,1,0.0,0,,,1
0,0,199,0.0,0.0,7.0,28,1,35.0,3,66.0,19,17.0,3,1.0,2,0.0,0,0.0,1.0,1
0,2,996,0.0,,10.0,17,4,27.0,3,66.0,17,12.0,3,0.0,0,0.0,0,0.0,1.0,1
1,2,262,0.0,1.0,2.0,30,1,32.0,3,72.0,15,15.0,5,3.0,1,0.0,0,0.0,1.0,1
0,3,189,0.0,2.0,2.0,25,7,27.0,3,41.0,18,16.0,4,,2,0.0,0,0.0,1.0,1
0,2,202,0.0,2.0,-1.0,38,1,37.0,3,66.0,23,15.0,5,,2,1.0,2,,1.0,1
1,4,188,0.0,0.0,4.0,27,1,31.0,3,76.0,18,15.0,4,,2,0.0,0,0.0,1.0,1
0,2,232,0.0,2.0,7.0,25,1,32.0,6,73.0,16,,5,,2,0.0,0,0.0,1.0,1
0,2,232,0.0,1.0,15.0,31,1,46.0,6,62.0,31,17.0,5,,1,0.0,1,0.0,2.0,1
0,0,996,1.0,,3.0,25,4,28.0,6,73.0,25,25.0,4,0.0,1,,0,0.0,2.0,1
1,2,231,0.0,1.0,7.0,20,1,27.0,6,73.0,14,18.0,4,2.0,2,0.0,2,0.0,1.0,1
1,4,232,0.0,1.0,,38,1,,6,,12,13.0,3,,2,0.0,0,,,1
0,1,996,0.0,1.0,10.0,28,2,38.0,6,46.0,24,15.0,4,1.0,1,0.0,2,0.0,1.0,1
1,2,231,0.0,0.0,-7.0,32,2,25.0,6,96.0,29,24.0,5,2.0,1,0.0,1,0.0,1.0,1
0,2,155,0.0,0.0,0.0,29,1,29.0,6,73.0,26,14.0,4,2.0,3,0.0,2,0.0,2.0,1
0,0,232,0.0,,18.0,27,1,45.0,6,33.0,10,,5,2.0,2,0.0,0,0.0,1.0,1
0,2,232,0.0,1.0,12.0,37,2,49.0,6,11.0,20,18.0,4,2.0,2,0.0,2,0.0,1.0,1
0,1,144,,,7.0,21,3,28.0,6,62.0,17,15.0,5,2.0,1,0.0,0,0.0,1.0,1
0,0,232,0.0,,,29,2,,6,,19,19.0,4,,2,2.0,0,,,1
0,0,232,1.0,2.0,9.0,47,1,56.0,6,0.0,20,20.0,4,2.0,2,0.0,2,0.0,1.0,1
0,3,231,1.0,1.0,,42,1,,6,,35,10.0,5,,2,0.0,0,,,1
1,2,241,1.0,2.0,2.0,28,1,30.0,2,11.0,24,18.0,2,2.0,2,0.0,0,0.0,1.0,2
1,3,176,0.0,2.0,13.0,22,1,35.0,2,11.0,16,14.0,2,1.0,1,0.0,1,1.0,2.0,2
0,2,229,0.0,,30.0,38,1,68.0,2,11.0,25,16.0,4,1.0,1,2.0,0,1.0,1.0,2
0,0,176,0.0,,0.0,26,4,26.0,2,78.0,22,17.0,3,1.0,1,0.0,0,0.0,1.0,2
1,4,238,1.0,1.0,2.0,30,1,32.0,2,11.0,17,17.0,2,2.0,2,0.0,1,0.0,2.0,2
1,1,241,1.0,0.0,5.0,45,1,50.0,2,11.0,42,17.0,2,2.0,1,0.0,0,0.0,1.0,2
0,1,241,0.0,1.0,22.0,34,1,56.0,2,11.0,21,16.0,2,1.0,2,0.0,0,0.0,1.0,2
1,0,235,,1.0,7.0,22,1,29.0,2,11.0,13,13.0,3,2.0,1,0.0,0,,1.0,2
1,2,241,0.0,1.0,4.0,22,1,26.0,2,66.0,22,14.0,3,2.0,2,0.0,1,,1.0,2
1,2,155,1.0,2.0,15.0,30,1,45.0,2,11.0,22,14.0,4,2.0,1,0.0,2,0.0,1.0,2
1,2,4,0.0,,4.0,28,4,32.0,2,75.0,18,18.0,3,2.0,2,0.0,0,0.0,1.0,2
1,1,241,1.0,2.0,6.0,28,1,34.0,2,11.0,16,15.0,3,2.0,1,0.0,0,0.0,1.0,2
1,0,235,1.0,1.0,8.0,22,3,30.0,2,11.0,17,14.0,2,2.0,2,0.0,0,,1.0,2
0,3,245,0.0,,,22,1,,2,,18,13.0,3,,1,3.0,0,,,2
0,0,235,1.0,,17.0,45,1,62.0,2,11.0,12,17.0,4,1.0,1,0.0,1,1.0,1.0,2
0,0,241,0.0,,5.0,49,1,54.0,2,11.0,20,17.0,5,2.0,2,0.0,1,,1.0,2
0,4,229,1.0,1.0,3.0,17,1,20.0,2,66.0,17,15.0,3,2.0,2,5.0,0,0.0,1.0,2
1,4,229,1.0,2.0,,28,1,,2,,24,15.0,2,,2,0.0,0,,,2
1,4,229,0.0,2.0,,36,1,,2,,18,18.0,2,,1,3.0,0,,,2
1,4,996,1.0,2.0,19.0,31,7,50.0,2,11.0,16,14.0,2,,1,1.0,0,0.0,1.0,2
0,3,229,0.0,,,22,1,,2,,21,18.0,2,,1,5.0,0,,,2
0,0,229,1.0,0.0,3.0,41,1,44.0,2,11.0,22,16.0,1,2.0,1,0.0,0,0.0,1.0,2
0,0,229,0.0,,36.0,22,3,58.0,2,44.0,20,14.0,2,2.0,2,0.0,0,0.0,1.0,2
1,4,229,1.0,,3.0,16,1,19.0,2,11.0,15,14.0,2,1.0,1,4.0,0,0.0,1.0,2
1,5,238,0.0,2.0,7.0,22,1,29.0,2,11.0,15,14.0,2,2.0,1,5.0,0,0.0,1.0,2
1,5,229,0.0,2.0,,39,1,,2,,22,15.0,2,,1,0.0,0,,,2
0,2,242,1.0,2.0,7.0,21,1,28.0,2,11.0,19,12.0,2,1.0,1,4.0,1,0.0,1.0,2
1,0,229,0.0,2.0,,33,1,,2,,14,15.0,3,,1,5.0,0,,,2
1,3,229,0.0,1.0,5.0,43,1,48.0,2,11.0,21,11.0,3,1.0,1,5.0,0,1.0,2.0,2
1,3,229,1.0,2.0,-3.0,34,1,31.0,2,11.0,21,14.0,3,2.0,1,5.0,0,0.0,1.0,2
1,3,229,0.0,2.0,,32,1,,2,,18,16.0,2,,1,3.0,0,,,2
1,3,229,1.0,1.0,19.0,49,3,68.0,2,11.0,12,,2,2.0,1,2.0,0,0.0,1.0,2
0,4,168,0.0,,13.0,18,4,31.0,3,62.0,15,15.0,5,2.0,1,0.0,0,0.0,1.0,1
0,0,196,0.0,1.0,4.0,33,3,37.0,3,21.0,28,18.0,5,3.0,2,0.0,0,0.0,1.0,1
0,0,4,0.0,,11.0,37,4,48.0,3,66.0,17,17.0,4,2.0,0,0.0,0,1.0,2.0,1
1,3,202,0.0,2.0,,23,1,,3,,20,16.0,4,,3,0.0,0,,,1
0,1,232,0.0,2.0,7.0,21,2,28.0,3,96.0,20,18.0,5,2.0,2,0.0,3,0.0,1.0,1
0,0,39,0.0,,4.0,26,1,30.0,5,11.0,16,16.0,1,2.0,0,0.0,0,0.0,1.0,2
0,0,39,0.0,,7.0,26,1,33.0,5,11.0,15,15.0,1,2.0,0,0.0,0,0.0,1.0,2
0,1,39,0.0,2.0,26.0,28,1,54.0,5,11.0,20,17.0,1,0.0,0,5.0,0,2.0,1.0,2
0,0,39,1.0,,11.0,20,3,31.0,5,11.0,15,15.0,1,2.0,1,0.0,0,0.0,1.0,2
1,1,39,0.0,1.0,8.0,32,1,40.0,5,11.0,13,15.0,1,0.0,0,3.0,0,0.0,1.0,2
1,0,39,1.0,1.0,11.0,21,1,32.0,5,11.0,18,18.0,2,2.0,2,0.0,0,0.0,1.0,2
0,0,39,0.0,,,46,3,,5,,21,18.0,1,,0,0.0,0,,,2
0,0,39,0.0,,6.0,23,2,29.0,5,11.0,16,16.0,2,2.0,0,0.0,0,0.0,2.0,2
0,2,39,0.0,,10.0,28,1,38.0,5,11.0,16,15.0,1,0.0,0,5.0,0,1.0,2.0,2
0,0,39,1.0,2.0,3.0,22,1,25.0,5,11.0,19,19.0,1,1.0,1,0.0,0,0.0,1.0,2
1,3,69,0.0,,12.0,43,4,55.0,1,11.0,16,17.0,2,0.0,0,0.0,0,0.0,1.0,2
0,4,3,0.0,,6.0,27,4,33.0,1,62.0,14,14.0,3,0.0,0,0.0,0,1.0,1.0,2
0,4,69,0.0,,23.0,25,4,48.0,1,24.0,17,17.0,2,0.0,0,1.0,0,2.0,1.0,2
0,0,3,0.0,,11.0,19,4,30.0,1,66.0,18,18.0,1,0.0,0,0.0,0,0.0,1.0,2
0,4,69,0.0,,,47,4,,1,,24,14.0,3,,0,4.0,0,,,2
0,5,3,0.0,,14.0,26,4,40.0,1,11.0,12,12.0,2,0.0,0,2.0,0,0.0,1.0,2
0,5,3,0.0,,,46,4,,1,,20,19.0,2,,0,0.0,0,,,2
0,0,3,0.0,,10.0,20,4,30.0,1,0.0,15,16.0,2,0.0,0,0.0,0,0.0,1.0,2
0,2,69,0.0,,1.0,19,4,20.0,1,66.0,14,14.0,2,,0,0.0,0,0.0,1.0,2
0,0,3,0.0,,10.0,18,4,28.0,1,73.0,17,17.0,1,1.0,0,0.0,0,0.0,1.0,2
0,0,78,0.0,,10.0,30,4,40.0,1,32.0,14,14.0,1,0.0,0,0.0,0,1.0,1.0,2
0,0,31,0.0,2.0,13.0,37,2,50.0,7,11.0,14,15.0,1,1.0,0,5.0,0,0.0,1.0,1
1,1,98,0.0,,2.0,33,2,35.0,7,62.0,16,17.0,3,,1,1.0,0,0.0,1.0,1
1,5,77,0.0,,21.0,45,4,66.0,7,11.0,37,15.0,1,1.0,0,3.0,0,0.0,1.0,1
0,0,31,1.0,2.0,,30,2,,7,,17,16.0,4,,1,1.0,0,,,1
0,2,98,0.0,,4.0,36,4,40.0,7,62.0,25,28.0,2,1.0,2,0.0,0,0.0,1.0,1
0,1,97,0.0,,16.0,44,4,60.0,7,11.0,13,14.0,2,0.0,0,0.0,0,0.0,1.0,1
0,1,31,0.0,2.0,10.0,25,1,35.0,7,11.0,17,16.0,1,0.0,1,4.0,0,1.0,1.0,1
0,0,3,0.0,,,38,4,,7,,13,16.0,1,,0,0.0,0,,,1
0,0,31,0.0,,8.0,37,2,45.0,7,62.0,21,17.0,1,0.0,0,0.0,0,0.0,2.0,1
1,2,98,0.0,1.0,,44,2,,7,,23,14.0,2,,1,4.0,0,,,1
1,5,31,0.0,2.0,7.0,36,2,43.0,7,62.0,19,19.0,1,1.0,1,0.0,2,0.0,1.0,1
0,4,77,0.0,,4.0,41,4,45.0,7,66.0,36,15.0,3,0.0,0,5.0,3,1.0,2.0,1
0,1,193,0.0,,3.0,24,1,27.0,10,66.0,19,14.0,4,2.0,2,0.0,0,0.0,1.0,1
0,0,245,0.0,,4.0,28,1,32.0,10,66.0,23,18.0,4,2.0,2,0.0,0,0.0,1.0,1
0,3,245,1.0,,6.0,25,2,31.0,10,21.0,19,17.0,5,3.0,3,0.0,1,0.0,2.0,1
1,3,245,0.0,2.0,,42,2,,10,,24,17.0,4,,1,2.0,0,,,1
0,3,245,0.0,2.0,3.0,39,1,42.0,10,66.0,17,18.0,4,2.0,1,2.0,3,1.0,1.0,1
1,4,245,1.0,2.0,,30,1,,10,,24,15.0,4,,2,0.0,0,,,1
0,0,245,0.0,,30.0,40,2,70.0,10,11.0,22,14.0,3,2.0,2,0.0,0,0.0,1.0,1
0,0,245,0.0,,-5.0,24,2,19.0,10,66.0,18,13.0,2,2.0,1,0.0,0,0.0,1.0,1
1,3,245,0.0,2.0,5.0,25,1,30.0,10,66.0,21,18.0,3,2.0,1,0.0,0,0.0,1.0,1
1,3,245,0.0,2.0,7.0,26,1,33.0,10,73.0,23,17.0,4,2.0,1,1.0,0,0.0,1.0,1
0,3,167,0.0,2.0,7.0,28,1,35.0,8,66.0,18,18.0,3,0.0,0,0.0,0,0.0,1.0,1
0,0,167,0.0,,10.0,38,1,48.0,8,42.0,25,20.0,5,3.0,3,5.0,0,0.0,1.0,1
0,2,167,0.0,2.0,17.0,32,1,49.0,8,81.0,28,,4,0.0,0,0.0,0,1.0,2.0,1
1,4,167,0.0,0.0,5.0,27,4,32.0,8,66.0,23,17.0,3,1.0,2,0.0,0,0.0,1.0,1
0,0,167,0.0,2.0,,39,1,,8,,14,14.0,4,,3,0.0,0,,,1
0,0,167,0.0,0.0,8.0,47,1,55.0,8,42.0,18,16.0,3,2.0,2,0.0,0,0.0,1.0,1
0,0,168,0.0,0.0,11.0,49,1,60.0,8,61.0,17,17.0,3,1.0,1,0.0,0,0.0,1.0,1
1,2,167,0.0,2.0,0.0,26,1,26.0,8,62.0,24,16.0,4,2.0,2,0.0,2,0.0,1.0,1
0,0,167,0.0,0.0,8.0,37,1,45.0,8,11.0,21,20.0,4,3.0,1,0.0,0,0.0,1.0,1
0,0,168,0.0,2.0,11.0,32,3,43.0,8,11.0,22,18.0,3,1.0,1,5.0,1,0.0,1.0,1
0,0,248,0.0,,10.0,23,1,33.0,10,11.0,16,15.0,2,2.0,1,0.0,0,0.0,1.0,2
1,3,996,0.0,,2.0,26,3,28.0,10,11.0,19,16.0,2,0.0,0,4.0,0,0.0,1.0,2
0,3,247,1.0,,10.0,32,2,42.0,10,33.0,15,15.0,3,3.0,2,0.0,0,0.0,2.0,2
1,1,248,0.0,2.0,4.0,40,2,44.0,10,0.0,27,18.0,1,1.0,1,1.0,0,0.0,1.0,2
0,0,248,0.0,,10.0,31,2,41.0,10,11.0,20,16.0,2,2.0,2,0.0,0,0.0,1.0,2
1,5,247,1.0,1.0,4.0,40,2,44.0,10,0.0,38,16.0,2,2.0,2,2.0,0,0.0,2.0,2
1,3,996,1.0,0.0,3.0,30,2,33.0,10,11.0,14,15.0,2,1.0,1,5.0,0,0.0,1.0,2
0,1,247,0.0,,24.0,36,2,60.0,10,11.0,18,14.0,2,1.0,1,0.0,1,0.0,1.0,2
1,2,248,0.0,2.0,11.0,37,2,48.0,10,11.0,22,17.0,2,2.0,2,5.0,0,0.0,1.0,2
0,0,248,0.0,,2.0,21,2,23.0,10,11.0,15,14.0,3,2.0,2,0.0,0,0.0,2.0,2
1,5,247,1.0,2.0,9.0,23,2,32.0,10,11.0,19,14.0,2,1.0,0,3.0,0,0.0,2.0,2
0,1,248,0.0,,3.0,33,2,36.0,10,11.0,21,15.0,2,1.0,1,0.0,0,0.0,1.0,2
0,0,247,0.0,,9.0,24,2,33.0,10,33.0,19,15.0,4,2.0,2,0.0,1,0.0,1.0,2
0,0,248,0.0,,23.0,20,3,43.0,10,11.0,12,13.0,1,,2,1.0,0,0.0,1.0,2
0,4,248,1.0,2.0,10.0,22,2,32.0,10,11.0,12,,2,2.0,1,0.0,0,0.0,1.0,2
0,1,193,1.0,1.0,8.0,31,1,39.0,6,96.0,23,18.0,5,1.0,2,0.0,1,0.0,1.0,1
0,0,225,0.0,2.0,13.0,19,1,32.0,6,73.0,18,18.0,5,2.0,1,0.0,0,0.0,1.0,1
0,1,231,0.0,,12.0,37,2,49.0,6,11.0,17,16.0,5,3.0,2,0.0,2,0.0,1.0,1
0,2,231,0.0,2.0,,44,1,,6,,21,20.0,5,,1,0.0,0,,,1
1,2,155,1.0,1.0,9.0,27,2,36.0,6,71.0,17,16.0,3,,1,0.0,0,0.0,1.0,1
0,0,190,0.0,,9.0,28,1,37.0,6,62.0,18,17.0,4,3.0,2,0.0,0,0.0,1.0,1
1,1,232,0.0,2.0,11.0,27,1,38.0,6,24.0,22,,4,2.0,2,0.0,2,0.0,2.0,1
1,3,78,0.0,,9.0,31,3,40.0,4,72.0,18,13.0,4,2.0,1,0.0,0,0.0,1.0,1
0,0,176,1.0,,12.0,19,4,31.0,4,62.0,18,17.0,4,1.0,2,1.0,0,0.0,1.0,1
0,0,257,0.0,1.0,7.0,16,1,23.0,4,66.0,15,13.0,4,2.0,2,0.0,0,0.0,1.0,1
0,1,3,0.0,,14.0,36,4,50.0,4,32.0,13,13.0,3,1.0,0,0.0,0,0.0,1.0,1
0,0,253,0.0,,9.0,23,3,32.0,4,62.0,17,12.0,3,1.0,1,0.0,0,0.0,1.0,1
1,5,256,0.0,1.0,,33,1,,4,,23,17.0,4,,2,0.0,0,,,1
0,5,167,1.0,2.0,13.0,29,1,42.0,4,14.0,20,15.0,3,1.0,1,2.0,0,0.0,1.0,1
0,0,193,0.0,,8.0,36,1,44.0,4,11.0,19,16.0,3,1.0,2,2.0,0,0.0,1.0,1
0,0,176,0.0,,12.0,28,4,40.0,4,62.0,16,16.0,3,2.0,2,1.0,0,0.0,1.0,1
0,2,253,1.0,,15.0,28,2,43.0,4,62.0,21,14.0,4,1.0,1,2.0,0,0.0,1.0,1
0,4,193,1.0,,,42,2,,4,,20,16.0,4,,2,0.0,0,,,1
0,4,242,1.0,2.0,,43,3,,4,,21,15.0,3,,2,0.0,0,,,1
0,5,996,0.0,,,25,4,,4,,17,14.0,4,,2,0.0,0,,,1
0,1,202,0.0,1.0,17.0,18,1,35.0,6,78.0,18,15.0,4,1.0,1,0.0,2,0.0,1.0,2
0,1,208,0.0,0.0,,32,2,,6,,32,14.0,3,,2,0.0,0,,,2
0,4,189,0.0,2.0,6.0,32,2,38.0,6,72.0,13,16.0,3,1.0,2,2.0,0,0.0,1.0,2
1,2,202,0.0,,4.0,33,1,37.0,6,61.0,20,18.0,3,2.0,1,0.0,0,0.0,1.0,2
0,3,202,0.0,0.0,12.0,36,1,48.0,6,73.0,19,15.0,3,1.0,1,2.0,0,0.0,1.0,2
0,3,177,0.0,2.0,16.0,30,1,46.0,6,66.0,18,17.0,3,2.0,2,1.0,1,0.0,1.0,2
1,3,202,0.0,0.0,16.0,44,7,60.0,6,72.0,22,17.0,3,2.0,1,0.0,0,0.0,1.0,2
1,2,185,0.0,2.0,13.0,25,1,38.0,6,11.0,17,18.0,3,1.0,1,0.0,2,0.0,1.0,2
0,0,216,1.0,,5.0,38,1,43.0,6,53.0,19,16.0,3,2.0,1,0.0,0,0.0,1.0,2
0,0,244,,2.0,4.0,44,2,48.0,10,21.0,35,17.0,4,3.0,2,0.0,0,,2.0,1
0,3,245,0.0,,5.0,34,2,39.0,10,46.0,18,18.0,5,3.0,2,0.0,0,0.0,1.0,1
0,2,256,0.0,,5.0,30,4,35.0,10,62.0,18,18.0,4,1.0,1,1.0,0,0.0,1.0,1
0,0,245,1.0,,,33,1,,10,,26,16.0,4,,2,0.0,0,,,1
1,2,216,0.0,2.0,7.0,34,2,41.0,10,82.0,19,18.0,5,2.0,2,0.0,0,0.0,1.0,1
0,0,3,0.0,,4.0,40,4,44.0,10,62.0,16,16.0,4,0.0,0,4.0,0,0.0,1.0,1
0,1,177,,,2.0,43,2,45.0,10,41.0,24,15.0,3,2.0,1,1.0,0,0.0,1.0,1
0,1,202,0.0,0.0,6.0,41,1,47.0,10,82.0,33,14.0,4,2.0,2,0.0,0,1.0,1.0,1
0,0,101,0.0,,,38,2,,10,,31,19.0,4,,1,0.0,0,,,1
0,3,4,1.0,,3.0,35,4,38.0,10,82.0,20,20.0,5,2.0,1,0.0,0,0.0,1.0,1
1,4,101,1.0,0.0,12.0,42,3,54.0,10,82.0,15,15.0,5,1.0,1,4.0,0,0.0,1.0,1
1,3,244,0.0,1.0,5.0,32,3,37.0,10,24.0,15,15.0,5,2.0,2,4.0,0,0.0,1.0,1
0,1,4,0.0,,8.0,22,4,30.0,10,66.0,21,20.0,5,,2,0.0,0,0.0,1.0,1
0,0,245,0.0,,2.0,28,2,30.0,10,81.0,23,15.0,4,2.0,2,0.0,1,0.0,2.0,1
1,4,245,1.0,2.0,2.0,25,2,27.0,10,66.0,20,17.0,4,2.0,2,0.0,0,0.0,1.0,1
0,1,229,0.0,2.0,2.0,36,2,38.0,10,33.0,31,18.0,5,3.0,3,0.0,0,0.0,1.0,1
0,0,245,0.0,2.0,11.0,24,2,35.0,10,34.0,22,15.0,5,3.0,1,0.0,0,0.0,1.0,1
0,0,245,1.0,,6.0,40,1,46.0,10,33.0,17,18.0,5,2.0,2,1.0,3,0.0,2.0,1
0,3,245,1.0,2.0,10.0,25,2,35.0,10,0.0,22,14.0,5,3.0,2,4.0,0,0.0,1.0,1
0,3,3,0.0,,15.0,25,4,40.0,10,62.0,12,11.0,3,1.0,0,0.0,0,1.0,1.0,1
0,1,245,0.0,,13.0,28,1,41.0,10,44.0,20,14.0,5,3.0,2,0.0,0,0.0,1.0,1
0,2,244,0.0,2.0,3.0,32,1,35.0,10,62.0,30,14.0,4,2.0,2,2.0,2,,2.0,1
0,3,245,0.0,1.0,4.0,36,2,40.0,10,46.0,22,15.0,4,2.0,2,1.0,0,0.0,1.0,1
0,0,188,0.0,,4.0,30,1,34.0,10,62.0,24,18.0,5,2.0,2,0.0,0,0.0,1.0,1
1,0,245,0.0,0.0,8.0,40,2,48.0,10,81.0,21,16.0,5,2.0,2,0.0,0,0.0,1.0,1
0,1,199,0.0,0.0,2.0,31,2,33.0,10,62.0,22,18.0,5,2.0,3,1.0,0,0.0,1.0,1
0,0,179,0.0,,13.0,22,1,35.0,10,33.0,17,16.0,4,3.0,3,0.0,0,0.0,1.0,1
0,2,245,0.0,2.0,4.0,22,2,26.0,10,96.0,19,17.0,4,2.0,2,0.0,0,0.0,1.0,1
1,3,245,0.0,2.0,24.0,49,2,73.0,10,0.0,20,16.0,3,0.0,1,0.0,0,0.0,1.0,2
0,0,245,0.0,0.0,4.0,46,2,50.0,10,44.0,16,15.0,4,2.0,2,0.0,0,0.0,1.0,2
0,0,245,0.0,,12.0,41,2,53.0,10,42.0,40,20.0,4,3.0,1,0.0,1,0.0,1.0,2
1,0,245,0.0,2.0,8.0,32,2,40.0,10,54.0,20,13.0,3,2.0,2,0.0,0,0.0,1.0,2
0,0,247,0.0,,4.0,39,2,43.0,10,41.0,12,12.0,5,2.0,2,0.0,1,0.0,1.0,2
1,4,245,0.0,2.0,5.0,37,2,42.0,10,72.0,19,14.0,4,1.0,1,0.0,0,0.0,1.0,2
0,2,245,0.0,,,49,2,,10,,18,16.0,2,,1,1.0,0,,,2
0,3,190,,,20.0,20,1,40.0,10,11.0,13,13.0,4,1.0,0,2.0,0,0.0,1.0,2
0,4,245,0.0,2.0,8.0,28,2,36.0,10,33.0,25,17.0,3,3.0,2,0.0,2,0.0,2.0,2
0,0,245,0.0,,5.0,17,2,22.0,10,72.0,15,13.0,3,2.0,2,0.0,1,0.0,1.0,2
1,2,245,0.0,0.0,11.0,30,2,41.0,10,82.0,18,17.0,3,2.0,3,2.0,1,0.0,1.0,2
1,3,245,1.0,1.0,,31,2,,10,,15,15.0,3,,1,0.0,0,,,2
0,0,155,0.0,,7.0,21,1,28.0,6,66.0,17,16.0,3,2.0,2,0.0,0,0.0,2.0,1
1,0,155,0.0,2.0,12.0,48,2,60.0,6,11.0,27,17.0,3,0.0,1,1.0,3,5.0,2.0,1
0,1,197,0.0,2.0,10.0,30,2,40.0,6,31.0,26,16.0,3,3.0,2,1.0,0,0.0,2.0,1
1,0,199,0.0,2.0,7.0,45,2,52.0,6,11.0,16,17.0,3,1.0,2,0.0,0,0.0,1.0,1
1,0,202,0.0,0.0,13.0,24,1,37.0,6,11.0,19,18.0,3,,2,0.0,1,,1.0,1
0,0,190,0.0,1.0,12.0,40,1,52.0,6,11.0,18,17.0,4,3.0,1,1.0,0,0.0,1.0,1
1,2,144,0.0,2.0,5.0,40,3,45.0,6,62.0,23,18.0,3,2.0,1,0.0,1,0.0,2.0,1
0,0,202,0.0,,,35,1,,6,,28,16.0,3,,1,2.0,0,,,1
1,1,202,0.0,0.0,8.0,30,2,38.0,6,11.0,18,17.0,5,1.0,2,1.0,0,0.0,1.0,1
0,0,202,0.0,0.0,12.0,35,1,47.0,6,73.0,21,17.0,4,2.0,1,0.0,1,0.0,1.0,1
0,0,216,0.0,1.0,6.0,21,1,27.0,6,73.0,17,18.0,4,,1,0.0,0,0.0,1.0,1
0,0,101,1.0,,-3.0,33,96,30.0,6,82.0,28,20.0,5,2.0,2,0.0,0,0.0,1.0,1
0,1,3,0.0,,23.0,37,4,60.0,6,0.0,12,11.0,3,0.0,0,0.0,0,0.0,1.0,1
1,2,202,0.0,2.0,10.0,23,1,33.0,6,96.0,20,18.0,5,3.0,2,0.0,0,0.0,1.0,1
0,0,116,,2.0,9.0,26,2,35.0,8,11.0,18,13.0,1,0.0,1,4.0,0,1.0,1.0,2
1,4,116,,,9.0,18,2,27.0,8,11.0,15,15.0,1,2.0,0,0.0,0,0.0,1.0,2
0,0,116,,,19.0,20,2,39.0,8,11.0,10,11.0,1,1.0,1,0.0,0,0.0,1.0,2
1,2,116,,,7.0,24,2,31.0,8,11.0,19,,2,0.0,0,0.0,0,0.0,1.0,2
0,0,14,0.0,,3.0,30,2,33.0,8,11.0,12,12.0,1,1.0,0,0.0,0,0.0,1.0,2
0,0,10,0.0,,10.0,28,2,38.0,8,11.0,22,18.0,1,2.0,1,0.0,0,0.0,2.0,2
1,0,116,,1.0,13.0,16,2,29.0,8,11.0,14,13.0,1,1.0,1,2.0,0,0.0,1.0,2
0,0,173,0.0,,1.0,20,2,21.0,8,11.0,17,18.0,2,2.0,2,,0,0.0,1.0,2
1,0,101,0.0,2.0,3.0,31,1,34.0,5,11.0,17,16.0,1,,0,5.0,0,1.0,1.0,2
0,1,101,1.0,2.0,5.0,30,1,35.0,5,11.0,17,18.0,1,2.0,1,5.0,3,0.0,2.0,2
0,1,101,1.0,2.0,10.0,28,1,38.0,5,11.0,18,18.0,1,1.0,1,3.0,1,2.0,2.0,2
1,3,101,1.0,,4.0,28,5,32.0,5,42.0,16,16.0,1,2.0,0,0.0,0,0.0,1.0,2
0,0,101,0.0,2.0,1.0,27,1,28.0,5,11.0,20,14.0,1,2.0,2,0.0,1,0.0,1.0,2
1,1,101,1.0,2.0,0.0,30,1,30.0,5,62.0,18,18.0,1,2.0,0,2.0,0,1.0,1.0,2
1,0,101,1.0,0.0,9.0,19,1,28.0,5,11.0,17,17.0,1,2.0,2,0.0,0,0.0,1.0,2
1,1,101,0.0,2.0,14.0,31,1,45.0,5,,18,18.0,1,2.0,1,0.0,2,0.0,2.0,2
1,1,101,,,17.0,30,1,47.0,5,11.0,15,16.0,1,2.0,1,5.0,0,0.0,1.0,2
0,1,101,0.0,,12.0,21,5,33.0,5,11.0,16,16.0,1,2.0,1,4.0,0,0.0,1.0,2
1,1,101,1.0,2.0,7.0,43,5,50.0,5,11.0,14,15.0,1,1.0,0,0.0,0,1.0,1.0,2
0,0,101,1.0,2.0,14.0,36,1,50.0,5,11.0,14,15.0,1,1.0,0,3.0,0,0.0,1.0,2
0,0,101,1.0,2.0,5.0,20,2,25.0,5,11.0,17,18.0,1,2.0,2,0.0,0,0.0,1.0,2
1,2,185,0.0,0.0,3.0,38,1,41.0,9,62.0,19,17.0,5,2.0,2,1.0,3,0.0,2.0,1
0,1,185,0.0,,2.0,29,1,31.0,9,0.0,25,18.0,5,2.0,2,0.0,0,0.0,1.0,1
0,3,185,0.0,,3.0,39,2,42.0,9,62.0,14,17.0,4,2.0,1,0.0,0,0.0,1.0,1
0,0,185,1.0,0.0,14.0,21,1,35.0,9,32.0,20,17.0,5,3.0,2,1.0,2,1.0,2.0,1
0,0,186,0.0,1.0,13.0,25,1,38.0,9,11.0,20,18.0,4,,2,0.0,0,0.0,1.0,1
0,1,202,0.0,0.0,7.0,28,2,35.0,9,78.0,22,17.0,5,2.0,2,0.0,0,0.0,1.0,1
0,0,202,0.0,0.0,16.0,35,1,51.0,9,52.0,29,18.0,4,2.0,2,0.0,0,0.0,1.0,1
0,3,177,0.0,2.0,8.0,47,1,55.0,9,96.0,26,18.0,4,3.0,3,2.0,0,0.0,1.0,1
0,1,236,0.0,0.0,9.0,34,1,43.0,9,33.0,23,17.0,5,3.0,3,0.0,1,0.0,2.0,1
0,0,3,0.0,,5.0,20,4,25.0,1,12.0,16,16.0,2,0.0,0,0.0,0,0.0,1.0,2
0,1,202,0.0,,15.0,30,4,45.0,1,11.0,17,17.0,2,0.0,0,0.0,0,0.0,1.0,2
0,0,89,0.0,,4.0,34,4,38.0,1,11.0,17,16.0,2,0.0,0,0.0,0,0.0,1.0,2
0,3,89,0.0,,10.0,20,4,30.0,1,11.0,13,13.0,1,0.0,0,0.0,0,0.0,1.0,2
0,3,3,0.0,,10.0,49,4,59.0,1,12.0,15,16.0,1,0.0,0,0.0,0,0.0,1.0,2
0,0,3,0.0,,25.0,27,4,52.0,1,0.0,24,23.0,2,0.0,0,0.0,0,1.0,1.0,2
0,3,3,0.0,,7.0,18,4,25.0,1,12.0,14,15.0,2,0.0,0,0.0,0,0.0,1.0,2
0,0,3,0.0,,12.0,29,4,41.0,1,11.0,16,16.0,2,0.0,0,0.0,0,1.0,1.0,2
1,0,89,0.0,,9.0,30,4,39.0,1,11.0,16,16.0,1,0.0,0,0.0,0,0.0,1.0,2
0,0,89,0.0,,10.0,30,4,40.0,1,11.0,15,15.0,2,0.0,0,0.0,0,0.0,1.0,2
0,0,3,0.0,,11.0,33,4,44.0,1,11.0,17,17.0,1,1.0,0,0.0,0,0.0,1.0,2
0,3,89,0.0,,11.0,19,4,30.0,1,11.0,17,17.0,2,1.0,0,0.0,0,0.0,1.0,2
0,4,89,0.0,,30.0,19,4,49.0,1,62.0,15,14.0,2,1.0,0,2.0,0,1.0,1.0,2
1,3,176,0.0,0.0,,41,2,,3,,17,15.0,4,,1,0.0,0,,,1
0,3,232,0.0,,2.0,35,1,37.0,3,,15,19.0,4,,0,2.0,0,0.0,2.0,1
0,1,185,,1.0,4.0,33,1,37.0,3,62.0,28,23.0,4,2.0,1,0.0,0,0.0,1.0,1
1,0,996,0.0,2.0,8.0,34,96,42.0,3,66.0,16,19.0,5,3.0,1,0.0,0,0.0,1.0,1
0,2,202,0.0,2.0,,19,2,,3,,14,16.0,4,,2,0.0,0,,,1
0,0,202,0.0,1.0,4.0,39,1,43.0,3,72.0,22,19.0,5,3.0,2,0.0,2,0.0,1.0,1
0,0,155,0.0,,,40,96,,3,,38,15.0,4,,1,0.0,0,,,1
0,0,45,0.0,,,43,1,,5,,12,16.0,1,,0,0.0,0,,,2
0,0,45,0.0,,6.0,31,1,37.0,5,11.0,15,15.0,3,1.0,0,0.0,0,0.0,1.0,2
0,0,45,0.0,,,17,1,,5,,16,,1,,0,0.0,0,,,2
0,0,45,0.0,,30.0,40,4,70.0,5,11.0,21,15.0,1,0.0,0,0.0,0,0.0,1.0,2
1,0,45,0.0,,5.0,25,4,30.0,5,11.0,13,13.0,2,1.0,1,0.0,0,1.0,1.0,2
0,1,45,0.0,,5.0,28,4,33.0,5,72.0,25,13.0,2,1.0,0,0.0,0,0.0,1.0,2
0,0,45,0.0,,23.0,20,4,43.0,5,66.0,18,17.0,2,0.0,1,2.0,0,1.0,1.0,2
0,0,45,0.0,,8.0,25,1,33.0,5,11.0,15,14.0,2,1.0,0,0.0,0,0.0,1.0,2
1,0,45,0.0,,9.0,18,1,27.0,5,11.0,16,16.0,1,1.0,0,0.0,0,0.0,1.0,2
0,2,236,1.0,0.0,,23,1,,12,,17,15.0,5,,1,0.0,0,,,1
0,0,101,0.0,,11.0,28,1,39.0,12,21.0,24,22.0,5,3.0,3,0.0,0,0.0,1.0,1
0,0,236,0.0,0.0,10.0,30,1,40.0,12,52.0,23,19.0,5,3.0,3,0.0,0,0.0,1.0,1
0,0,186,0.0,0.0,7.0,38,1,45.0,12,96.0,25,21.0,5,3.0,3,0.0,2,,1.0,1
1,3,245,,1.0,1.0,34,2,35.0,12,43.0,23,15.0,5,3.0,2,0.0,3,1.0,2.0,1
0,0,232,0.0,1.0,5.0,37,1,42.0,12,33.0,30,18.0,5,3.0,3,0.0,2,0.0,1.0,1
0,3,232,0.0,,,49,2,,12,,23,17.0,5,,2,0.0,0,,,1
0,4,169,0.0,,8.0,24,2,32.0,12,36.0,23,19.0,5,3.0,3,0.0,0,0.0,1.0,1
0,0,996,1.0,,3.0,24,2,27.0,12,31.0,24,19.0,5,2.0,2,0.0,2,0.0,1.0,1
0,1,193,0.0,,10.0,40,2,50.0,12,62.0,22,22.0,3,0.0,2,3.0,1,0.0,1.0,1
0,1,202,0.0,,7.0,41,1,48.0,9,62.0,17,15.0,3,2.0,2,0.0,1,0.0,1.0,1
1,3,202,0.0,1.0,3.0,29,1,32.0,9,66.0,23,18.0,4,2.0,2,0.0,0,0.0,1.0,1
1,3,202,1.0,2.0,12.0,22,2,34.0,9,72.0,17,17.0,5,2.0,2,0.0,0,0.0,2.0,1
1,0,202,0.0,1.0,7.0,21,1,28.0,9,82.0,21,20.0,5,3.0,3,0.0,2,0.0,1.0,1
1,1,202,1.0,2.0,1.0,27,2,28.0,9,75.0,21,18.0,5,1.0,2,0.0,0,0.0,1.0,1
0,1,202,0.0,2.0,11.0,44,2,55.0,9,77.0,18,15.0,5,2.0,1,0.0,0,0.0,1.0,1
1,5,189,0.0,1.0,6.0,27,1,33.0,9,62.0,24,15.0,3,1.0,1,5.0,3,1.0,1.0,1
0,0,202,0.0,0.0,4.0,30,2,34.0,9,42.0,23,17.0,5,2.0,2,0.0,1,0.0,1.0,1
1,1,202,0.0,0.0,6.0,35,1,41.0,9,42.0,28,20.0,5,3.0,3,0.0,0,0.0,1.0,1
0,0,176,0.0,2.0,8.0,21,4,29.0,9,82.0,20,,5,2.0,2,0.0,0,0.0,2.0,1
1,1,235,0.0,,0.0,38,3,38.0,2,33.0,30,22.0,2,2.0,2,0.0,0,0.0,1.0,2
0,0,236,0.0,,,31,1,,2,,25,18.0,2,,2,0.0,0,,,2
1,2,235,0.0,1.0,-1.0,32,1,31.0,2,82.0,26,20.0,3,2.0,2,2.0,1,0.0,1.0,2
0,0,239,1.0,,5.0,18,1,23.0,2,66.0,17,13.0,3,2.0,1,0.0,0,0.0,1.0,2
1,3,236,0.0,0.0,,20,1,,2,,18,18.0,4,,2,0.0,0,,,2
1,3,236,0.0,,,21,3,,2,,20,17.0,3,,2,0.0,0,,,2
1,2,236,0.0,1.0,11.0,44,1,55.0,2,11.0,16,15.0,3,1.0,2,1.0,0,0.0,1.0,2
1,1,996,,2.0,14.0,16,2,30.0,2,11.0,14,12.0,3,1.0,1,3.0,0,1.0,1.0,2
0,0,236,0.0,,15.0,41,1,56.0,2,66.0,20,14.0,5,2.0,2,0.0,0,0.0,1.0,2
1,4,36,0.0,1.0,13.0,17,2,30.0,2,82.0,14,12.0,3,,1,5.0,0,0.0,1.0,2
1,5,216,0.0,2.0,,28,1,,6,,13,13.0,2,,1,0.0,0,,,2
0,2,155,0.0,1.0,12.0,27,2,39.0,6,11.0,14,13.0,2,1.0,1,0.0,0,0.0,1.0,2
1,3,229,1.0,0.0,3.0,39,2,42.0,6,11.0,31,15.0,2,1.0,2,3.0,0,0.0,1.0,2
0,0,144,0.0,0.0,13.0,36,2,49.0,6,11.0,18,18.0,2,1.0,1,0.0,1,1.0,1.0,2
0,0,996,0.0,,-2.0,39,2,37.0,6,11.0,36,,2,1.0,1,0.0,0,0.0,1.0,2
0,1,155,0.0,2.0,17.0,24,2,41.0,6,11.0,21,18.0,2,1.0,2,0.0,1,0.0,1.0,2
0,0,996,0.0,,10.0,26,2,36.0,6,11.0,20,16.0,2,1.0,1,0.0,0,0.0,1.0,2
0,3,202,1.0,1.0,31.0,35,1,66.0,6,11.0,25,16.0,2,1.0,1,0.0,0,0.0,1.0,2
0,0,138,0.0,2.0,7.0,21,3,28.0,6,11.0,21,19.0,2,2.0,2,0.0,0,0.0,1.0,2
1,2,158,1.0,,4.0,29,2,33.0,6,11.0,24,19.0,2,2.0,2,2.0,0,0.0,1.0,2
0,3,69,0.0,,6.0,28,4,34.0,1,11.0,18,15.0,2,1.0,1,0.0,0,1.0,1.0,2
0,3,103,0.0,,5.0,37,4,42.0,1,11.0,18,14.0,2,0.0,1,0.0,0,0.0,1.0,2
0,0,69,0.0,,19.0,32,4,51.0,1,11.0,24,15.0,1,0.0,0,0.0,0,1.0,1.0,2
0,5,996,0.0,,20.0,48,4,68.0,1,11.0,17,17.0,1,1.0,0,0.0,3,0.0,1.0,2
0,0,69,0.0,,12.0,28,4,40.0,1,62.0,16,17.0,2,1.0,0,0.0,0,1.0,1.0,2
1,2,69,,2.0,2.0,28,4,30.0,1,11.0,26,14.0,1,0.0,1,0.0,0,0.0,1.0,2
0,0,69,0.0,,9.0,31,4,40.0,1,33.0,29,16.0,2,2.0,0,0.0,0,0.0,1.0,2
1,5,69,0.0,,,37,4,,1,,16,17.0,1,,0,0.0,0,,,2
0,0,69,0.0,,10.0,33,4,43.0,1,42.0,21,19.0,2,2.0,2,0.0,0,0.0,1.0,2
0,5,69,0.0,,6.0,42,4,48.0,1,11.0,12,13.0,2,0.0,0,0.0,0,0.0,1.0,2
1,5,69,0.0,,6.0,19,4,25.0,1,11.0,14,14.0,2,0.0,1,0.0,0,0.0,1.0,2
0,2,69,0.0,,,45,4,,1,,22,20.0,1,,0,0.0,0,,,2
0,1,69,0.0,,13.0,18,4,31.0,1,11.0,18,15.0,2,1.0,2,0.0,0,2.0,1.0,2
1,4,79,0.0,1.0,1.0,38,3,39.0,4,11.0,16,15.0,1,1.0,0,0.0,0,0.0,1.0,2
0,1,79,0.0,,7.0,28,3,35.0,4,11.0,14,14.0,1,2.0,1,4.0,0,0.0,1.0,2
1,4,996,1.0,2.0,6.0,39,3,45.0,4,11.0,29,16.0,2,1.0,1,0.0,0,0.0,1.0,2
0,3,79,1.0,1.0,5.0,25,2,30.0,4,11.0,19,17.0,1,1.0,1,0.0,0,0.0,1.0,2
0,1,79,1.0,2.0,26.0,30,2,56.0,4,62.0,19,16.0,2,1.0,1,1.0,0,1.0,1.0,2
0,0,79,1.0,1.0,2.0,23,3,25.0,4,11.0,16,16.0,1,1.0,1,0.0,2,0.0,1.0,2
1,5,79,0.0,1.0,5.0,32,2,37.0,4,11.0,19,13.0,1,1.0,0,3.0,0,0.0,1.0,2
0,0,253,0.0,,9.0,43,3,52.0,4,11.0,13,15.0,2,1.0,1,0.0,0,0.0,1.0,2
0,0,253,0.0,,10.0,41,3,51.0,4,11.0,21,15.0,3,1.0,1,0.0,0,0.0,1.0,2
1,5,79,1.0,2.0,5.0,19,3,24.0,4,11.0,15,14.0,2,2.0,2,2.0,0,0.0,1.0,2
0,5,79,1.0,,9.0,36,2,45.0,4,11.0,12,12.0,2,1.0,0,0.0,0,2.0,1.0,2
0,0,79,1.0,1.0,8.0,30,3,38.0,4,11.0,14,13.0,1,1.0,1,0.0,0,0.0,1.0,2
0,0,14,0.0,,6.0,30,4,36.0,5,11.0,15,16.0,2,1.0,0,0.0,0,0.0,1.0,2
1,0,14,0.0,,15.0,30,4,45.0,5,11.0,15,15.0,2,1.0,0,0.0,0,2.0,1.0,2
0,0,14,0.0,,8.0,18,4,26.0,5,11.0,16,16.0,1,1.0,0,2.0,0,0.0,1.0,2
0,0,996,0.0,,13.0,48,4,61.0,5,11.0,16,15.0,2,0.0,0,2.0,0,4.0,1.0,2
1,4,14,0.0,1.0,,35,2,,5,,14,15.0,2,,1,0.0,0,,,2
0,0,14,0.0,,9.0,28,4,37.0,5,11.0,14,15.0,2,1.0,1,2.0,0,1.0,1.0,2
0,0,88,1.0,,4.0,26,4,30.0,5,11.0,20,18.0,1,1.0,0,2.0,0,0.0,1.0,2
1,0,14,0.0,,12.0,30,4,42.0,5,62.0,18,18.0,2,0.0,0,2.0,0,1.0,1.0,2
0,0,14,0.0,,23.0,21,4,44.0,5,11.0,19,20.0,3,1.0,2,0.0,0,2.0,1.0,2
0,0,14,0.0,,8.0,28,4,36.0,5,11.0,12,13.0,2,1.0,0,0.0,0,0.0,1.0,2
1,1,14,0.0,,20.0,40,4,60.0,5,11.0,16,15.0,2,0.0,0,3.0,0,2.0,1.0,2
0,1,14,0.0,,6.0,22,4,28.0,5,11.0,12,13.0,1,1.0,0,0.0,0,0.0,1.0,2
0,0,996,0.0,,0.0,38,4,38.0,5,11.0,19,14.0,2,0.0,0,1.0,0,0.0,1.0,2
1,0,14,0.0,,2.0,27,4,29.0,5,11.0,16,17.0,2,2.0,0,2.0,0,0.0,1.0,2
0,0,14,0.0,,,40,4,,5,,17,17.0,2,,0,0.0,0,,,2
1,3,236,1.0,1.0,8.0,33,1,41.0,2,11.0,18,15.0,3,1.0,2,2.0,0,0.0,1.0,2
0,0,236,0.0,,8.0,42,1,50.0,2,11.0,33,14.0,2,1.0,1,0.0,1,0.0,1.0,2
0,3,236,0.0,,6.0,35,1,41.0,2,11.0,16,15.0,2,1.0,1,0.0,0,0.0,1.0,2
1,5,236,0.0,2.0,19.0,41,1,60.0,2,21.0,39,15.0,5,2.0,2,0.0,0,0.0,1.0,2
1,2,236,,2.0,12.0,43,3,55.0,2,11.0,21,17.0,2,1.0,2,0.0,0,0.0,1.0,2
0,0,236,0.0,,,34,1,,2,,21,19.0,2,,1,0.0,0,,,2
0,2,3,,,30.0,42,4,72.0,2,12.0,16,13.0,3,0.0,0,0.0,0,0.0,1.0,2
0,0,236,0.0,,21.0,38,1,59.0,2,11.0,17,14.0,3,1.0,2,0.0,0,0.0,1.0,2
0,2,144,0.0,0.0,2.0,38,2,40.0,6,96.0,35,18.0,3,1.0,2,1.0,1,0.0,2.0,2
0,0,193,1.0,,5.0,26,3,31.0,6,66.0,19,14.0,3,1.0,1,0.0,0,0.0,1.0,2
1,3,182,1.0,2.0,-1.0,39,2,38.0,6,11.0,20,19.0,3,1.0,2,0.0,0,0.0,1.0,2
0,0,147,1.0,,2.0,48,3,50.0,6,82.0,15,13.0,3,1.0,1,2.0,3,0.0,2.0,2
0,3,202,0.0,,15.0,35,96,50.0,6,11.0,17,17.0,5,2.0,2,1.0,0,0.0,1.0,2
0,1,177,0.0,2.0,10.0,37,3,47.0,6,66.0,19,19.0,4,1.0,2,0.0,0,0.0,1.0,2
0,0,996,1.0,2.0,10.0,20,1,30.0,6,11.0,19,18.0,4,2.0,2,0.0,0,0.0,1.0,2
0,0,3,0.0,,33.0,19,4,52.0,3,62.0,18,18.0,5,1.0,1,0.0,0,1.0,1.0,1
0,2,3,,,25.0,17,4,42.0,3,61.0,15,15.0,4,1.0,0,0.0,0,0.0,1.0,1
0,0,185,0.0,1.0,,32,1,,3,,15,20.0,5,,2,0.0,0,,,1
0,2,176,0.0,,10.0,33,4,43.0,3,54.0,19,19.0,4,1.0,1,2.0,1,0.0,1.0,1
1,0,185,0.0,1.0,11.0,29,1,40.0,3,75.0,19,16.0,4,,2,2.0,2,0.0,1.0,1
0,2,193,0.0,,0.0,27,1,27.0,3,62.0,15,15.0,4,0.0,2,0.0,0,,1.0,1
0,1,146,0.0,2.0,7.0,28,2,35.0,3,72.0,21,19.0,5,2.0,2,0.0,0,,1.0,1
0,3,179,0.0,2.0,2.0,30,1,32.0,3,24.0,25,15.0,5,3.0,3,0.0,0,0.0,1.0,1
0,2,185,0.0,1.0,,37,1,,3,,18,20.0,4,,2,0.0,0,,,1
1,4,202,1.0,1.0,14.0,30,1,44.0,3,62.0,18,17.0,5,2.0,2,0.0,0,0.0,1.0,1
0,1,176,1.0,1.0,6.0,26,4,32.0,3,66.0,16,16.0,4,1.0,2,0.0,1,0.0,1.0,1
1,0,199,0.0,2.0,6.0,27,2,33.0,3,66.0,21,20.0,4,2.0,1,1.0,0,,1.0,1
0,0,202,0.0,,11.0,23,1,34.0,3,33.0,21,19.0,5,3.0,2,0.0,0,0.0,1.0,1
1,5,261,0.0,2.0,14.0,21,2,35.0,3,63.0,19,15.0,3,,0,1.0,3,0.0,1.0,1
1,2,202,0.0,,7.0,39,2,46.0,3,62.0,24,18.0,5,2.0,2,0.0,3,1.0,2.0,1
0,0,199,0.0,0.0,6.0,23,2,29.0,3,73.0,21,18.0,5,2.0,2,1.0,1,,1.0,1
0,1,3,0.0,2.0,7.0,28,2,35.0,3,66.0,19,16.0,5,2.0,2,0.0,1,0.0,1.0,1
1,5,253,1.0,1.0,,36,1,,4,,30,16.0,1,,1,0.0,0,,,2
1,5,253,0.0,1.0,,40,2,,4,,15,15.0,1,,1,0.0,0,,,2
1,5,253,1.0,1.0,6.0,34,2,40.0,4,11.0,20,14.0,1,1.0,1,0.0,0,0.0,1.0,2
0,3,253,0.0,,1.0,18,3,19.0,4,11.0,14,14.0,1,1.0,1,0.0,0,0.0,1.0,2
1,4,996,0.0,1.0,-9.0,34,2,25.0,4,66.0,18,12.0,1,,1,0.0,0,0.0,1.0,2
0,3,4,0.0,1.0,,40,4,,4,,16,16.0,2,,0,1.0,0,,,2
1,5,253,,,,41,3,,4,,31,13.0,1,,1,4.0,0,,,2
0,0,253,1.0,,9.0,36,3,45.0,4,54.0,24,13.0,1,2.0,1,2.0,0,0.0,2.0,2
0,5,253,1.0,1.0,5.0,22,3,27.0,4,77.0,17,12.0,2,1.0,1,0.0,3,0.0,2.0,2
1,5,253,1.0,1.0,2.0,33,3,35.0,4,11.0,18,18.0,2,1.0,1,0.0,0,0.0,1.0,2
1,3,253,0.0,1.0,3.0,18,1,21.0,4,11.0,16,15.0,1,2.0,1,0.0,0,0.0,1.0,2
1,2,78,0.0,,5.0,39,2,44.0,1,11.0,11,11.0,2,0.0,1,,1,0.0,1.0,1
0,3,78,1.0,2.0,4.0,20,2,24.0,1,66.0,19,16.0,4,2.0,2,0.0,0,0.0,1.0,1
0,0,78,0.0,,,40,2,,1,,19,17.0,3,,1,0.0,0,,,1
0,2,78,0.0,,14.0,31,1,45.0,1,66.0,13,14.0,3,0.0,1,0.0,3,0.0,2.0,1
0,1,78,0.0,,6.0,27,2,33.0,1,62.0,21,15.0,3,2.0,2,1.0,0,0.0,1.0,1
0,0,78,0.0,,3.0,29,2,32.0,1,42.0,23,24.0,4,2.0,2,0.0,0,0.0,1.0,1
0,0,78,0.0,,6.0,32,2,38.0,1,66.0,19,13.0,3,2.0,1,0.0,0,0.0,2.0,1
0,1,4,0.0,,23.0,21,4,44.0,1,66.0,12,17.0,3,0.0,1,0.0,0,1.0,1.0,1
0,0,78,0.0,,4.0,17,1,21.0,1,11.0,16,14.0,3,2.0,2,0.0,0,0.0,1.0,1
0,2,78,0.0,0.0,9.0,42,2,51.0,1,62.0,15,15.0,3,1.0,1,0.0,0,1.0,2.0,1
0,0,102,0.0,,6.0,23,4,29.0,1,82.0,17,17.0,3,2.0,2,0.0,0,0.0,2.0,1
0,4,3,0.0,,,46,4,,1,,19,18.0,3,,0,0.0,0,,,1
0,0,256,1.0,2.0,5.0,30,3,35.0,4,41.0,17,14.0,1,2.0,2,0.0,0,0.0,1.0,2
1,3,256,1.0,2.0,1.0,34,1,35.0,4,11.0,16,14.0,2,2.0,1,0.0,0,0.0,1.0,2
0,3,256,1.0,,5.0,21,2,26.0,4,11.0,19,14.0,1,2.0,2,0.0,0,0.0,1.0,2
0,0,256,0.0,1.0,27.0,22,2,49.0,4,62.0,14,13.0,2,2.0,1,0.0,0,0.0,2.0,2
1,2,256,0.0,1.0,1.0,34,2,35.0,4,11.0,25,13.0,2,2.0,2,2.0,0,0.0,1.0,2
0,3,256,1.0,1.0,4.0,28,2,32.0,4,11.0,12,12.0,3,2.0,2,4.0,0,0.0,1.0,2
1,2,256,,2.0,0.0,44,2,44.0,4,33.0,25,11.0,2,2.0,2,0.0,0,0.0,1.0,2
1,2,256,1.0,2.0,2.0,26,1,28.0,4,11.0,17,13.0,2,2.0,2,0.0,2,0.0,1.0,2
0,0,256,1.0,2.0,,33,2,,4,,21,14.0,2,,1,0.0,0,,,2
1,5,256,1.0,2.0,2.0,20,1,22.0,4,11.0,14,9.0,2,1.0,2,2.0,1,0.0,1.0,2
1,5,256,1.0,1.0,10.0,45,1,55.0,4,72.0,19,15.0,2,1.0,1,0.0,1,0.0,1.0,2
1,1,256,1.0,2.0,,22,2,,4,,15,14.0,2,,2,3.0,0,,,2
1,0,256,0.0,2.0,14.0,48,2,62.0,4,11.0,19,16.0,3,1.0,1,0.0,3,2.0,1.0,2
1,2,256,0.0,1.0,28.0,28,1,56.0,4,72.0,21,15.0,2,2.0,2,0.0,2,0.0,1.0,2
1,5,256,1.0,2.0,11.0,39,1,50.0,4,11.0,11,13.0,2,2.0,1,0.0,2,0.0,1.0,2
1,4,256,0.0,1.0,1.0,27,1,28.0,4,15.0,16,16.0,2,1.0,2,0.0,1,0.0,1.0,2
1,2,256,0.0,2.0,11.0,18,2,29.0,4,11.0,12,15.0,1,2.0,2,0.0,1,0.0,1.0,2
1,1,256,1.0,1.0,12.0,25,2,37.0,4,11.0,16,16.0,2,2.0,1,0.0,0,0.0,1.0,2
0,0,256,1.0,2.0,7.0,21,2,28.0,4,11.0,11,10.0,2,1.0,2,0.0,0,0.0,2.0,2
1,1,256,0.0,2.0,6.0,24,1,30.0,4,11.0,16,15.0,2,2.0,2,0.0,2,0.0,2.0,2
1,3,256,1.0,2.0,2.0,23,7,25.0,4,13.0,14,14.0,1,1.0,2,0.0,0,0.0,1.0,2
0,0,133,0.0,,9.0,42,1,51.0,8,62.0,20,15.0,2,2.0,1,0.0,0,0.0,2.0,2
0,1,133,0.0,2.0,15.0,41,1,56.0,8,72.0,14,14.0,2,2.0,1,0.0,0,0.0,1.0,2
0,4,996,,2.0,,36,4,,8,,17,15.0,1,,0,5.0,0,,,2
1,0,133,0.0,2.0,-2.0,39,1,37.0,8,62.0,21,16.0,2,2.0,1,0.0,0,0.0,1.0,2
0,0,133,,2.0,,45,1,,8,,12,,1,,0,0.0,0,,,2
0,2,133,0.0,,13.0,24,2,37.0,8,66.0,16,15.0,3,1.0,2,0.0,0,1.0,1.0,2
0,3,133,0.0,,7.0,19,4,26.0,8,66.0,18,12.0,2,2.0,1,1.0,0,0.0,1.0,2
1,0,133,0.0,,2.0,28,2,30.0,8,11.0,19,20.0,2,1.0,2,2.0,0,0.0,2.0,2
0,2,133,0.0,,,30,4,,8,,15,17.0,3,,1,1.0,0,,,2
0,0,3,0.0,,12.0,20,4,32.0,5,44.0,16,17.0,3,0.0,0,0.0,0,3.0,1.0,1
0,0,54,0.0,,30.0,33,4,63.0,5,11.0,16,14.0,1,0.0,0,5.0,0,2.0,1.0,1
0,0,61,0.0,,,25,4,,5,,20,21.0,2,,1,2.0,0,,,1
0,0,61,0.0,,9.0,25,4,34.0,5,62.0,16,15.0,4,0.0,1,3.0,0,2.0,1.0,1
0,0,61,0.0,,6.0,26,4,32.0,5,62.0,15,15.0,2,1.0,1,2.0,0,0.0,1.0,1
0,0,61,0.0,,9.0,18,4,27.0,5,73.0,18,18.0,3,1.0,1,0.0,0,0.0,1.0,1
0,0,61,0.0,,15.0,38,4,53.0,5,36.0,20,20.0,3,1.0,0,0.0,0,0.0,1.0,1
0,0,61,0.0,,,40,4,,5,,13,13.0,3,,0,1.0,0,,,1
0,0,4,0.0,1.0,7.0,18,2,25.0,5,62.0,18,18.0,2,0.0,1,0.0,0,0.0,1.0,1
0,0,61,0.0,,11.0,22,4,33.0,5,62.0,16,15.0,3,0.0,0,1.0,0,0.0,1.0,1
1,0,4,0.0,2.0,13.0,32,1,45.0,5,62.0,14,14.0,2,1.0,0,0.0,3,0.0,2.0,1
0,2,61,0.0,,6.0,46,4,52.0,5,11.0,25,20.0,2,0.0,0,3.0,0,0.0,1.0,1
1,2,61,0.0,,,27,4,,5,,18,14.0,3,,0,0.0,0,,,1
0,0,3,0.0,,17.0,16,4,33.0,5,62.0,14,15.0,2,1.0,0,1.0,0,0.0,1.0,1
1,5,225,1.0,,8.0,35,1,43.0,10,96.0,34,14.0,3,2.0,1,0.0,0,0.0,1.0,2
1,1,236,,,-1.0,32,2,31.0,10,11.0,18,15.0,3,1.0,1,1.0,0,0.0,1.0,2
1,2,256,0.0,,3.0,49,1,52.0,10,0.0,15,15.0,3,2.0,2,0.0,1,1.0,2.0,2
1,4,256,0.0,1.0,9.0,36,1,45.0,10,82.0,33,15.0,3,1.0,2,0.0,1,0.0,1.0,2
1,5,78,,2.0,7.0,47,2,54.0,10,96.0,24,15.0,3,2.0,1,5.0,0,1.0,1.0,2
0,0,236,0.0,,6.0,31,2,37.0,10,24.0,18,16.0,4,2.0,1,0.0,0,0.0,1.0,2
0,0,251,1.0,2.0,16.0,48,2,64.0,10,54.0,40,18.0,4,1.0,1,0.0,0,0.0,1.0,2
1,5,143,0.0,,,35,2,,10,,14,16.0,3,,2,5.0,0,,,2
1,4,47,,1.0,20.0,24,2,44.0,10,21.0,22,13.0,3,2.0,1,4.0,0,0.0,1.0,2
0,1,101,0.0,1.0,4.0,28,2,32.0,10,54.0,21,18.0,3,2.0,1,0.0,0,0.0,1.0,2
0,2,202,0.0,0.0,10.0,21,2,31.0,3,61.0,20,18.0,5,2.0,2,0.0,1,0.0,1.0,1
0,0,3,0.0,,6.0,34,4,40.0,3,73.0,19,19.0,5,1.0,1,0.0,0,1.0,1.0,1
0,3,996,0.0,2.0,10.0,35,2,45.0,3,41.0,21,16.0,5,2.0,2,0.0,0,0.0,1.0,1
0,0,102,0.0,,3.0,26,2,29.0,3,73.0,26,16.0,4,2.0,2,0.0,0,0.0,1.0,1
0,0,202,0.0,2.0,2.0,39,2,41.0,3,75.0,32,18.0,5,2.0,2,1.0,0,0.0,1.0,1
0,1,188,0.0,2.0,9.0,23,1,32.0,3,53.0,23,15.0,5,2.0,2,0.0,0,0.0,1.0,1
0,0,202,0.0,0.0,,44,2,,3,,26,18.0,4,,2,0.0,0,,,1
1,3,244,1.0,2.0,7.0,20,3,27.0,12,72.0,16,17.0,3,2.0,2,2.0,1,0.0,1.0,1
0,0,235,0.0,2.0,7.0,34,1,41.0,12,24.0,22,18.0,5,3.0,2,0.0,0,0.0,1.0,1
1,1,236,0.0,1.0,7.0,20,1,27.0,12,62.0,17,16.0,4,2.0,2,0.0,2,,1.0,1
1,2,236,1.0,1.0,,32,1,,12,,18,16.0,4,,2,0.0,0,,,1
1,2,236,0.0,2.0,1.0,29,1,30.0,12,54.0,19,13.0,4,,2,1.0,0,0.0,1.0,1
1,3,236,1.0,1.0,1.0,25,1,26.0,12,82.0,19,16.0,5,2.0,2,1.0,1,0.0,1.0,1
1,5,235,0.0,2.0,7.0,23,1,30.0,2,14.0,20,17.0,1,1.0,1,4.0,2,,1.0,2
0,1,235,1.0,,4.0,20,1,24.0,2,11.0,18,18.0,2,2.0,2,0.0,0,0.0,1.0,2
0,1,235,,2.0,,49,1,,2,,17,16.0,2,,1,0.0,0,,,2
1,1,235,0.0,2.0,6.0,41,1,47.0,2,11.0,17,12.0,2,1.0,2,2.0,0,0.0,1.0,2
0,1,235,,1.0,1.0,24,1,25.0,2,62.0,17,14.0,2,2.0,1,0.0,1,,1.0,2
0,3,235,1.0,,1.0,21,1,22.0,2,62.0,19,17.0,3,2.0,2,0.0,1,,1.0,2
0,1,235,,1.0,5.0,47,1,52.0,2,11.0,20,14.0,3,1.0,2,0.0,1,,1.0,2
1,2,235,0.0,1.0,,48,1,,2,,16,16.0,2,,1,0.0,0,,,2
1,5,235,1.0,2.0,2.0,23,7,25.0,2,62.0,17,15.0,3,3.0,2,0.0,1,,1.0,2
1,3,235,1.0,1.0,-2.0,36,3,34.0,2,14.0,29,15.0,2,2.0,2,0.0,1,,1.0,2
1,0,235,0.0,1.0,8.0,40,1,48.0,2,11.0,19,15.0,2,1.0,1,0.0,1,,1.0,2
1,4,235,1.0,,4.0,28,1,32.0,2,77.0,21,19.0,2,1.0,1,0.0,1,,1.0,2
1,1,235,1.0,1.0,-1.0,39,1,38.0,2,11.0,20,18.0,2,1.0,1,0.0,1,0.0,1.0,2
0,0,235,,,6.0,23,1,29.0,2,77.0,14,15.0,2,2.0,2,0.0,1,,1.0,2
0,2,202,0.0,0.0,10.0,46,2,56.0,9,62.0,23,22.0,4,2.0,2,0.0,0,1.0,2.0,1
1,4,202,0.0,2.0,,45,1,,9,,17,16.0,3,,2,0.0,0,,,1
0,1,144,0.0,1.0,-2.0,33,2,31.0,9,83.0,20,18.0,5,2.0,3,0.0,0,0.0,1.0,1
0,0,202,0.0,1.0,0.0,47,1,47.0,9,11.0,15,,4,1.0,0,0.0,0,1.0,1.0,1
0,1,202,0.0,,3.0,22,1,25.0,9,66.0,18,18.0,5,2.0,2,0.0,0,0.0,1.0,1
1,0,202,0.0,2.0,3.0,42,7,45.0,9,72.0,21,20.0,4,2.0,2,0.0,0,0.0,1.0,1
0,1,202,0.0,2.0,10.0,22,2,32.0,9,33.0,19,19.0,4,3.0,2,0.0,0,0.0,1.0,1
0,0,202,0.0,2.0,5.0,30,1,35.0,9,62.0,18,17.0,3,2.0,2,0.0,0,0.0,1.0,1
0,2,202,0.0,2.0,12.0,39,7,51.0,9,62.0,24,16.0,4,1.0,2,0.0,0,0.0,1.0,1
0,1,202,0.0,0.0,8.0,28,1,36.0,9,66.0,19,19.0,3,2.0,2,0.0,0,0.0,1.0,1
0,0,61,0.0,,11.0,28,2,39.0,6,11.0,22,20.0,3,0.0,1,0.0,0,0.0,1.0,2
0,0,227,0.0,,4.0,45,3,49.0,6,0.0,25,18.0,3,1.0,1,0.0,0,0.0,1.0,2
0,1,227,0.0,2.0,8.0,48,1,56.0,6,62.0,23,17.0,5,2.0,2,0.0,0,0.0,1.0,2
1,0,235,0.0,2.0,-1.0,28,1,27.0,6,96.0,12,16.0,3,,1,0.0,0,0.0,1.0,2
0,3,996,0.0,,0.0,36,3,36.0,4,11.0,24,13.0,1,1.0,1,4.0,0,0.0,1.0,2
0,0,253,0.0,,5.0,33,3,38.0,4,11.0,10,12.0,2,2.0,1,0.0,0,0.0,1.0,2
0,1,253,1.0,,,49,1,,4,,21,13.0,1,,0,4.0,0,,,2
1,4,253,1.0,1.0,-3.0,48,3,45.0,4,11.0,16,14.0,2,1.0,1,0.0,3,0.0,1.0,2
0,0,253,0.0,,1.0,28,3,29.0,4,11.0,15,11.0,1,1.0,1,4.0,0,0.0,1.0,2
1,3,253,1.0,1.0,7.0,30,3,37.0,4,11.0,15,15.0,2,2.0,1,0.0,3,0.0,2.0,2
0,0,996,1.0,,3.0,32,3,35.0,4,11.0,20,11.0,2,1.0,1,4.0,0,0.0,1.0,2
0,5,250,1.0,1.0,4.0,20,1,24.0,4,11.0,19,8.0,1,1.0,1,0.0,0,0.0,1.0,2
1,5,253,0.0,1.0,5.0,23,3,28.0,4,11.0,15,15.0,2,2.0,1,0.0,0,1.0,1.0,2
1,5,253,1.0,1.0,4.0,38,3,42.0,4,11.0,21,12.0,2,1.0,1,4.0,0,0.0,1.0,2
1,5,253,1.0,2.0,0.0,30,3,30.0,4,11.0,16,11.0,3,1.0,1,4.0,0,0.0,1.0,2
1,4,253,0.0,1.0,5.0,25,3,30.0,4,11.0,14,15.0,2,1.0,1,0.0,0,0.0,1.0,2
1,3,253,0.0,2.0,0.0,38,1,38.0,4,11.0,18,14.0,1,1.0,1,3.0,3,0.0,1.0,2
0,4,253,1.0,2.0,-2.0,30,1,28.0,4,11.0,14,12.0,2,1.0,2,0.0,3,0.0,1.0,2
0,2,253,0.0,2.0,4.0,23,1,27.0,4,11.0,14,12.0,2,1.0,0,0.0,1,0.0,1.0,2
0,4,253,1.0,,,37,3,,4,,18,18.0,3,,1,0.0,0,,,2
0,2,253,0.0,,12.0,16,3,28.0,4,11.0,15,13.0,1,1.0,1,4.0,0,0.0,1.0,2
0,5,252,1.0,,1.0,19,3,20.0,4,11.0,16,14.0,2,1.0,1,0.0,0,0.0,1.0,2
0,0,253,1.0,2.0,5.0,23,3,28.0,4,11.0,15,14.0,2,1.0,1,0.0,0,0.0,1.0,2
0,0,219,0.0,,,27,2,,12,,22,17.0,5,,2,0.0,0,,,1
1,1,261,0.0,2.0,49.0,46,2,95.0,12,61.0,12,11.0,3,,1,5.0,0,0.0,1.0,1
0,0,996,0.0,1.0,9.0,31,1,40.0,12,82.0,18,12.0,4,,0,2.0,0,0.0,1.0,1
0,0,235,0.0,,2.0,36,3,38.0,12,33.0,23,23.0,4,3.0,2,0.0,0,0.0,1.0,1
0,0,238,0.0,,,46,1,,12,,25,18.0,5,,2,0.0,0,,,1
0,0,38,1.0,2.0,5.0,49,2,54.0,12,14.0,33,14.0,3,0.0,0,0.0,0,0.0,2.0,1
0,1,235,1.0,1.0,10.0,32,1,42.0,12,36.0,24,17.0,5,3.0,3,0.0,2,0.0,1.0,1
0,3,193,0.0,0.0,13.0,33,1,46.0,3,96.0,20,16.0,5,2.0,2,0.0,0,0.0,1.0,1
0,2,235,0.0,1.0,5.0,38,1,43.0,3,72.0,30,15.0,4,2.0,2,0.0,0,0.0,1.0,1
0,0,193,0.0,,2.0,36,1,38.0,3,,23,18.0,5,1.0,1,0.0,0,0.0,1.0,1
0,2,996,,,8.0,27,1,35.0,3,96.0,19,18.0,5,2.0,2,2.0,0,0.0,1.0,1
1,3,236,0.0,2.0,17.0,23,3,40.0,3,66.0,16,16.0,5,1.0,1,5.0,0,0.0,1.0,1
0,0,185,0.0,,11.0,30,1,41.0,3,73.0,16,16.0,4,1.0,1,1.0,0,0.0,1.0,1
1,2,216,0.0,1.0,6.0,34,1,40.0,3,41.0,20,17.0,4,2.0,1,0.0,2,0.0,1.0,1
0,0,185,0.0,2.0,4.0,31,1,35.0,3,62.0,22,17.0,5,,2,0.0,2,0.0,1.0,1
0,0,199,,2.0,5.0,26,1,31.0,3,73.0,17,16.0,5,1.0,2,0.0,0,0.0,1.0,1
1,1,191,0.0,2.0,-2.0,36,1,34.0,3,0.0,20,17.0,2,1.0,2,0.0,0,0.0,1.0,1
1,3,202,0.0,2.0,5.0,44,1,49.0,3,33.0,22,,4,1.0,2,0.0,2,0.0,1.0,1
1,3,238,1.0,1.0,0.0,32,1,32.0,2,66.0,22,17.0,3,2.0,2,0.0,0,,1.0,1
0,1,244,1.0,2.0,3.0,28,1,31.0,2,66.0,19,17.0,4,1.0,2,0.0,2,0.0,1.0,1
0,2,235,0.0,2.0,7.0,39,3,46.0,2,11.0,27,15.0,3,,1,0.0,1,0.0,2.0,1
0,2,244,1.0,2.0,13.0,37,1,50.0,2,11.0,17,17.0,3,1.0,2,0.0,3,1.0,2.0,1
0,0,241,1.0,0.0,2.0,38,1,40.0,2,21.0,29,18.0,4,2.0,2,3.0,2,1.0,2.0,1
0,2,3,1.0,,12.0,20,4,32.0,2,62.0,15,15.0,4,1.0,1,0.0,0,0.0,1.0,1
1,1,235,1.0,0.0,,36,1,,2,,17,18.0,4,,2,2.0,0,,,1
0,0,235,,,-3.0,42,1,39.0,2,62.0,18,15.0,3,2.0,1,5.0,0,0.0,1.0,1
1,1,235,1.0,0.0,1.0,21,1,22.0,2,54.0,19,18.0,2,2.0,1,1.0,1,0.0,1.0,1
0,1,3,0.0,,3.0,28,4,31.0,2,66.0,22,22.0,5,2.0,2,0.0,1,0.0,2.0,1
0,2,235,1.0,2.0,,33,1,,2,,17,18.0,3,,2,5.0,0,,,1
1,4,244,1.0,2.0,3.0,27,1,30.0,2,66.0,24,17.0,5,2.0,2,0.0,1,0.0,1.0,1
1,5,235,0.0,0.0,,19,1,,2,,18,15.0,3,,1,5.0,0,,,1
0,2,193,0.0,0.0,4.0,28,1,32.0,2,62.0,21,22.0,4,2.0,1,3.0,1,0.0,1.0,1
1,4,235,0.0,,8.0,31,1,39.0,2,96.0,19,22.0,4,1.0,1,1.0,0,0.0,1.0,1
1,1,202,0.0,2.0,2.0,23,1,25.0,2,72.0,21,15.0,4,2.0,2,0.0,0,0.0,1.0,1
1,2,31,1.0,1.0,22.0,38,2,60.0,7,11.0,21,18.0,1,0.0,0,0.0,1,2.0,1.0,2
1,2,996,0.0,2.0,,37,2,,7,,19,20.0,1,,0,0.0,0,,,2
0,0,996,0.0,,12.0,30,1,42.0,7,11.0,18,18.0,2,1.0,1,0.0,0,0.0,2.0,2
1,2,63,0.0,1.0,39.0,40,1,79.0,7,11.0,21,16.0,1,0.0,0,0.0,0,1.0,1.0,2
1,4,63,,1.0,15.0,45,2,60.0,7,11.0,14,13.0,1,1.0,0,0.0,0,0.0,1.0,2
1,2,996,,1.0,3.0,34,2,37.0,7,11.0,15,15.0,1,1.0,1,5.0,0,0.0,1.0,2
0,3,996,1.0,1.0,25.0,20,4,45.0,7,42.0,17,18.0,1,2.0,1,0.0,0,2.0,1.0,2
1,0,996,0.0,,5.0,36,2,41.0,7,11.0,17,17.0,1,1.0,1,0.0,0,0.0,1.0,2
1,1,996,1.0,2.0,13.0,18,1,31.0,7,33.0,16,16.0,1,2.0,2,0.0,0,0.0,2.0,2
0,0,996,0.0,,9.0,31,1,40.0,7,96.0,17,18.0,1,2.0,1,0.0,0,0.0,1.0,2
0,0,996,0.0,,4.0,22,2,26.0,7,11.0,13,14.0,2,1.0,1,0.0,0,0.0,1.0,2
0,1,18,1.0,1.0,,31,1,,7,,14,13.0,1,,0,0.0,0,,,2
1,3,166,1.0,1.0,10.0,28,1,38.0,7,11.0,23,15.0,1,2.0,1,0.0,0,0.0,1.0,2
0,0,202,0.0,1.0,-1.0,39,1,38.0,9,71.0,20,17.0,2,2.0,0,0.0,0,0.0,2.0,2
0,1,188,1.0,,1.0,38,1,39.0,9,61.0,36,24.0,2,1.0,2,0.0,0,0.0,1.0,2
0,1,176,0.0,,13.0,29,4,42.0,9,72.0,26,17.0,5,1.0,2,0.0,0,0.0,1.0,2
0,0,202,0.0,,9.0,28,1,37.0,9,62.0,23,20.0,5,2.0,3,0.0,0,0.0,1.0,2
0,0,202,0.0,,9.0,37,1,46.0,9,62.0,13,19.0,2,2.0,1,0.0,2,0.0,2.0,2
0,1,202,0.0,2.0,9.0,40,2,49.0,9,62.0,19,16.0,3,1.0,2,0.0,0,0.0,1.0,2
1,2,202,0.0,0.0,1.0,37,1,38.0,12,0.0,24,15.0,5,2.0,2,0.0,1,0.0,1.0,1
0,1,236,1.0,2.0,0.0,24,1,24.0,12,77.0,21,20.0,4,2.0,2,0.0,1,0.0,1.0,1
0,1,203,0.0,,-1.0,30,3,29.0,12,33.0,28,26.0,5,3.0,3,0.0,0,0.0,1.0,1
0,1,193,,2.0,5.0,41,2,46.0,12,77.0,14,14.0,4,,2,1.0,1,,1.0,1
1,5,202,0.0,2.0,8.0,45,1,53.0,12,54.0,33,18.0,4,1.0,2,0.0,3,,1.0,1
0,0,996,0.0,,18.0,31,3,49.0,12,75.0,31,19.0,3,,2,0.0,1,0.0,1.0,1
1,5,202,0.0,2.0,5.0,35,1,40.0,12,62.0,18,17.0,4,2.0,1,0.0,2,,1.0,1
1,5,236,1.0,1.0,5.0,43,3,48.0,12,82.0,23,12.0,3,1.0,1,0.0,1,0.0,1.0,1
1,3,242,0.0,1.0,10.0,26,3,36.0,12,72.0,22,15.0,4,2.0,2,2.0,0,0.0,1.0,1
0,1,216,0.0,1.0,1.0,39,1,40.0,6,73.0,26,16.0,2,2.0,2,0.0,0,1.0,1.0,2
0,4,216,0.0,,,33,2,,6,,20,22.0,4,,2,3.0,0,,,2
0,2,216,0.0,2.0,5.0,27,2,32.0,6,72.0,25,19.0,2,,1,0.0,0,0.0,2.0,2
0,1,216,0.0,0.0,8.0,27,2,35.0,6,96.0,21,17.0,4,2.0,2,0.0,0,0.0,2.0,2
1,2,182,1.0,2.0,14.0,33,1,47.0,6,73.0,17,15.0,3,2.0,2,3.0,0,0.0,1.0,2
1,2,216,,2.0,24.0,37,2,61.0,6,11.0,21,20.0,2,2.0,1,1.0,1,,1.0,2
0,1,202,0.0,,9.0,34,2,43.0,6,82.0,21,16.0,5,1.0,1,0.0,0,0.0,1.0,2
1,1,244,0.0,2.0,10.0,33,1,43.0,6,66.0,12,15.0,4,1.0,2,2.0,0,0.0,1.0,2
1,4,202,0.0,0.0,8.0,29,1,37.0,6,24.0,21,17.0,4,2.0,2,0.0,1,0.0,2.0,2
1,2,155,1.0,1.0,,42,3,,6,,13,,2,,0,4.0,0,,,2
0,0,232,0.0,,4.0,25,1,29.0,6,62.0,23,19.0,4,2.0,2,0.0,0,0.0,1.0,1
1,4,202,1.0,1.0,3.0,23,1,26.0,6,72.0,21,15.0,3,2.0,2,0.0,1,0.0,1.0,1
1,4,185,0.0,1.0,5.0,42,1,47.0,6,41.0,18,18.0,3,2.0,1,0.0,0,0.0,1.0,1
1,2,254,1.0,1.0,,38,2,,6,,19,18.0,4,,2,0.0,0,,,1
0,3,232,0.0,1.0,,27,2,,6,,18,16.0,4,,2,0.0,0,,,1
0,0,185,0.0,,12.0,38,1,50.0,6,41.0,15,,4,2.0,2,0.0,0,0.0,1.0,1
0,0,199,0.0,,34.0,46,2,80.0,6,0.0,10,,4,1.0,1,0.0,0,0.0,1.0,1
1,1,179,0.0,2.0,5.0,30,1,35.0,6,11.0,20,18.0,5,,2,0.0,0,1.0,1.0,1
0,0,202,0.0,2.0,9.0,41,1,50.0,6,11.0,19,16.0,3,,1,0.0,0,0.0,1.0,1
0,0,179,0.0,2.0,0.0,29,7,29.0,6,11.0,22,18.0,3,0.0,1,0.0,0,0.0,1.0,1
0,1,255,1.0,1.0,5.0,18,3,23.0,4,15.0,10,,2,2.0,2,4.0,0,0.0,1.0,2
1,2,49,0.0,2.0,9.0,28,1,37.0,4,15.0,19,15.0,1,1.0,1,0.0,0,0.0,1.0,2
0,5,49,1.0,0.0,6.0,18,1,24.0,4,77.0,14,13.0,2,2.0,2,2.0,1,0.0,1.0,2
0,3,49,1.0,2.0,5.0,20,1,25.0,4,77.0,19,15.0,1,2.0,2,0.0,0,1.0,1.0,2
1,5,260,1.0,,0.0,22,1,22.0,4,15.0,16,14.0,2,1.0,1,4.0,0,0.0,1.0,2
0,0,49,0.0,,,30,2,,4,,13,14.0,3,,1,3.0,0,,,2
1,3,49,0.0,1.0,4.0,27,1,31.0,4,15.0,18,13.0,1,1.0,1,0.0,1,0.0,1.0,2
0,3,49,1.0,0.0,10.0,18,2,28.0,4,66.0,18,14.0,1,1.0,2,0.0,0,0.0,1.0,2
0,1,255,0.0,2.0,12.0,30,1,42.0,4,36.0,15,12.0,2,2.0,1,0.0,0,0.0,1.0,2
1,4,49,1.0,0.0,11.0,28,1,39.0,4,73.0,12,12.0,3,2.0,1,0.0,3,0.0,2.0,2
0,3,49,1.0,0.0,6.0,29,1,35.0,4,42.0,22,15.0,1,2.0,1,0.0,3,0.0,2.0,2
1,4,49,,,10.0,35,1,45.0,4,11.0,32,15.0,3,,1,0.0,0,0.0,2.0,2
0,4,202,0.0,,2.0,38,3,40.0,11,66.0,32,18.0,4,2.0,2,0.0,1,0.0,1.0,1
0,3,996,0.0,2.0,,38,2,,11,,21,16.0,4,,2,0.0,0,,,1
1,3,213,0.0,,4.0,41,2,45.0,11,66.0,12,19.0,4,2.0,2,1.0,1,,1.0,1
0,1,177,1.0,0.0,,34,3,,11,,21,19.0,4,,2,0.0,0,,,1
0,0,107,1.0,,4.0,31,1,35.0,11,62.0,24,16.0,5,3.0,3,0.0,0,0.0,1.0,1
0,0,149,0.0,0.0,5.0,30,2,35.0,11,72.0,23,17.0,4,2.0,2,0.0,0,0.0,1.0,1
0,2,195,1.0,,12.0,23,2,35.0,11,42.0,12,16.0,4,2.0,2,3.0,0,0.0,1.0,1
0,1,146,0.0,,4.0,30,1,34.0,11,,11,17.0,4,2.0,2,0.0,2,,2.0,1
0,0,151,0.0,0.0,10.0,40,2,50.0,11,,18,16.0,5,1.0,2,0.0,3,,2.0,1
1,5,176,0.0,2.0,,31,3,,11,,20,15.0,5,,1,0.0,0,,,1
0,1,195,1.0,2.0,,35,3,,11,,28,18.0,4,,2,2.0,0,,,1
0,2,179,0.0,2.0,5.0,44,1,49.0,9,73.0,27,15.0,4,2.0,2,0.0,0,0.0,2.0,1
1,3,179,1.0,1.0,20.0,41,1,61.0,9,62.0,22,15.0,3,2.0,2,0.0,0,0.0,1.0,1
0,0,202,0.0,,20.0,20,1,40.0,9,54.0,14,15.0,3,0.0,0,0.0,1,0.0,1.0,1
0,2,202,0.0,1.0,16.0,37,1,53.0,9,33.0,18,18.0,5,3.0,2,0.0,1,0.0,1.0,1
1,1,202,0.0,1.0,7.0,28,1,35.0,9,66.0,21,18.0,4,1.0,1,0.0,3,0.0,2.0,1
0,1,3,0.0,,5.0,20,4,25.0,9,62.0,16,16.0,4,0.0,0,3.0,0,0.0,1.0,1
1,4,179,0.0,0.0,,28,7,,9,,22,12.0,4,,2,0.0,0,,,1
0,0,179,0.0,,6.0,49,1,55.0,9,66.0,19,13.0,4,1.0,1,0.0,2,0.0,2.0,1
0,1,202,0.0,1.0,6.0,24,1,30.0,9,75.0,18,18.0,5,2.0,1,0.0,1,0.0,2.0,1
0,5,179,,2.0,10.0,30,1,40.0,9,62.0,25,16.0,5,2.0,2,0.0,0,0.0,1.0,1
0,2,176,0.0,2.0,7.0,18,4,25.0,12,66.0,15,15.0,4,1.0,2,3.0,0,0.0,1.0,1
0,2,261,1.0,1.0,,22,2,,12,,20,19.0,3,,2,1.0,0,,,1
1,2,244,0.0,,5.0,34,1,39.0,12,75.0,15,16.0,4,2.0,2,0.0,0,0.0,1.0,1
1,3,176,0.0,,,32,4,,12,,16,15.0,3,,1,0.0,0,,,1
0,0,191,0.0,,9.0,28,2,37.0,12,66.0,26,16.0,4,2.0,2,0.0,1,0.0,1.0,1
0,2,176,0.0,,8.0,28,4,36.0,12,66.0,15,15.0,3,2.0,1,0.0,0,0.0,1.0,1
1,2,232,0.0,2.0,,32,2,,12,,24,18.0,4,,2,0.0,0,,,1
1,2,244,0.0,2.0,7.0,42,1,49.0,12,66.0,22,16.0,4,2.0,2,0.0,0,0.0,1.0,1
1,0,244,0.0,,7.0,48,1,55.0,12,66.0,29,19.0,4,2.0,2,0.0,3,0.0,1.0,1
0,3,261,0.0,,10.0,16,2,26.0,12,63.0,13,14.0,3,0.0,1,1.0,0,0.0,2.0,1
1,4,261,1.0,,,26,3,,12,,20,18.0,3,,1,0.0,0,,,1
0,0,3,0.0,,,28,4,,1,,15,15.0,3,,0,0.0,0,,,1
0,5,4,0.0,,10.0,30,4,40.0,1,62.0,16,14.0,4,1.0,1,0.0,3,0.0,1.0,1
0,1,3,,,15.0,20,4,35.0,1,62.0,18,16.0,4,1.0,1,0.0,0,0.0,1.0,1
0,1,174,,,2.0,21,2,23.0,1,44.0,21,17.0,3,1.0,2,0.0,3,0.0,1.0,1
1,3,185,0.0,1.0,,44,1,,1,,17,14.0,5,,2,0.0,0,,,1
1,3,5,,,9.0,31,4,40.0,1,66.0,11,14.0,3,0.0,0,1.0,0,2.0,1.0,1
1,5,173,0.0,1.0,,32,1,,1,,20,18.0,4,,1,0.0,0,,,1
0,1,167,0.0,,29.0,23,1,52.0,1,11.0,17,14.0,3,2.0,1,0.0,0,0.0,1.0,1
0,0,996,0.0,,6.0,30,1,36.0,1,96.0,22,22.0,3,1.0,1,3.0,0,0.0,1.0,1
0,0,173,0.0,,,37,1,,1,,18,18.0,3,,1,0.0,0,,,1
0,4,176,1.0,,3.0,31,4,34.0,1,46.0,16,16.0,5,3.0,2,0.0,0,0.0,1.0,1
0,0,3,0.0,,9.0,19,4,28.0,1,66.0,18,17.0,4,1.0,0,0.0,0,0.0,1.0,1
0,0,237,0.0,,3.0,34,2,37.0,10,72.0,17,15.0,3,2.0,2,0.0,0,0.0,1.0,2
1,1,237,1.0,2.0,3.0,49,1,52.0,10,11.0,31,15.0,3,2.0,1,0.0,0,0.0,1.0,2
1,3,237,1.0,2.0,4.0,36,1,40.0,10,62.0,33,18.0,3,2.0,2,0.0,0,,2.0,2
1,3,78,0.0,2.0,8.0,22,2,30.0,10,66.0,20,17.0,4,,2,0.0,0,0.0,1.0,2
0,2,237,1.0,,21.0,29,1,50.0,10,24.0,22,16.0,3,2.0,2,0.0,0,0.0,2.0,2
1,2,244,0.0,2.0,-4.0,39,1,35.0,10,11.0,21,15.0,2,2.0,2,0.0,0,0.0,1.0,2
1,1,236,0.0,2.0,4.0,49,2,53.0,10,11.0,18,14.0,2,2.0,2,3.0,0,0.0,1.0,2
0,0,245,1.0,,10.0,18,2,28.0,10,0.0,16,12.0,2,2.0,2,0.0,0,0.0,1.0,2
1,0,245,1.0,,-3.0,45,3,42.0,10,11.0,34,17.0,3,2.0,2,0.0,0,1.0,1.0,2
1,0,158,0.0,0.0,4.0,38,1,42.0,10,11.0,22,16.0,3,1.0,2,1.0,0,0.0,1.0,2
1,2,237,1.0,1.0,4.0,19,2,23.0,10,96.0,16,15.0,3,2.0,2,1.0,0,0.0,1.0,2
1,1,158,0.0,,12.0,30,1,42.0,10,33.0,17,13.0,4,2.0,1,2.0,0,0.0,2.0,2
0,3,237,1.0,1.0,8.0,27,1,35.0,10,82.0,18,15.0,3,2.0,2,2.0,0,0.0,1.0,2
1,3,237,1.0,,11.0,27,1,38.0,10,11.0,16,13.0,3,2.0,2,3.0,0,0.0,1.0,2
1,0,245,0.0,2.0,9.0,43,1,52.0,10,11.0,25,15.0,3,1.0,2,0.0,0,0.0,2.0,2
1,5,237,1.0,1.0,7.0,33,2,40.0,10,11.0,23,18.0,2,1.0,1,3.0,0,0.0,1.0,2
0,1,158,0.0,0.0,4.0,28,2,32.0,10,11.0,19,17.0,3,3.0,2,3.0,0,0.0,1.0,2
0,2,237,1.0,,12.0,49,2,61.0,10,11.0,18,14.0,3,1.0,2,0.0,0,0.0,1.0,2
0,0,188,0.0,,10.0,48,2,58.0,3,51.0,21,20.0,4,2.0,2,0.0,0,0.0,1.0,1
0,0,188,0.0,1.0,8.0,26,1,34.0,3,96.0,18,16.0,5,,2,0.0,0,0.0,1.0,1
0,2,197,0.0,2.0,-3.0,33,1,30.0,3,77.0,27,23.0,5,3.0,2,0.0,2,0.0,1.0,1
0,1,232,0.0,1.0,6.0,24,3,30.0,3,0.0,19,17.0,4,3.0,2,0.0,0,0.0,1.0,1
1,2,189,1.0,2.0,2.0,41,1,43.0,3,62.0,38,23.0,4,2.0,3,0.0,3,,2.0,1
0,0,196,0.0,1.0,52.0,43,7,95.0,3,0.0,18,18.0,3,1.0,1,4.0,1,,1.0,1
0,0,203,0.0,,5.0,24,2,29.0,3,77.0,17,16.0,5,2.0,2,0.0,0,0.0,1.0,1
0,1,179,0.0,0.0,8.0,46,1,54.0,3,43.0,17,15.0,5,3.0,2,0.0,0,0.0,1.0,1
0,0,185,0.0,,16.0,28,1,44.0,3,,16,,4,2.0,2,0.0,0,0.0,1.0,1
0,4,245,0.0,,11.0,29,2,40.0,3,62.0,25,15.0,5,2.0,2,2.0,0,0.0,1.0,1
0,3,195,1.0,1.0,10.0,26,2,36.0,3,72.0,26,19.0,5,1.0,3,0.0,3,0.0,1.0,1
1,2,202,0.0,2.0,8.0,25,2,33.0,3,66.0,17,17.0,5,1.0,2,2.0,2,0.0,1.0,1
0,0,193,0.0,,14.0,40,1,54.0,3,0.0,10,,5,0.0,1,0.0,0,0.0,1.0,1
1,1,101,0.0,2.0,8.0,18,7,26.0,7,11.0,14,14.0,1,1.0,1,4.0,0,1.0,1.0,2
0,5,37,0.0,,11.0,32,7,43.0,7,11.0,20,15.0,1,0.0,0,0.0,0,1.0,1.0,2
0,0,18,1.0,1.0,11.0,25,2,36.0,7,11.0,15,15.0,1,0.0,0,0.0,0,0.0,1.0,2
0,1,31,0.0,,5.0,25,2,30.0,7,62.0,17,17.0,1,0.0,0,0.0,0,0.0,1.0,2
0,4,14,0.0,,,38,2,,7,,17,17.0,1,,0,0.0,0,,,2
0,0,5,0.0,,17.0,20,4,37.0,7,11.0,16,14.0,1,0.0,0,1.0,0,0.0,2.0,2
1,0,98,0.0,,36.0,25,4,61.0,7,11.0,16,16.0,1,0.0,0,0.0,0,2.0,1.0,2
1,1,37,0.0,,8.0,24,2,32.0,7,11.0,15,14.0,1,1.0,1,4.0,0,1.0,1.0,2
0,0,77,0.0,,18.0,47,4,65.0,7,11.0,14,14.0,1,0.0,0,0.0,0,3.0,1.0,2
0,0,18,1.0,1.0,-2.0,32,2,30.0,7,11.0,16,16.0,1,0.0,1,0.0,0,0.0,1.0,2
0,0,18,1.0,1.0,12.0,24,1,36.0,7,11.0,14,15.0,1,0.0,0,2.0,0,1.0,1.0,2
0,0,101,0.0,2.0,5.0,28,7,33.0,7,11.0,11,12.0,1,2.0,1,0.0,0,1.0,1.0,2
0,0,31,0.0,,5.0,26,2,31.0,7,11.0,18,18.0,1,0.0,1,2.0,0,0.0,1.0,2
0,0,3,0.0,,15.0,18,4,33.0,7,11.0,14,14.0,1,0.0,0,0.0,0,0.0,1.0,2
0,1,77,0.0,,38.0,32,7,70.0,7,11.0,16,16.0,1,0.0,0,0.0,0,1.0,1.0,2
0,0,77,0.0,0.0,20.0,20,2,40.0,7,11.0,19,12.0,1,0.0,0,3.0,0,2.0,1.0,2
0,1,77,0.0,,14.0,30,7,44.0,7,11.0,17,17.0,1,,0,0.0,0,1.0,1.0,2
1,5,3,,,6.0,49,4,55.0,7,66.0,20,15.0,3,0.0,1,0.0,0,1.0,1.0,2
0,2,18,0.0,2.0,16.0,22,2,38.0,7,11.0,18,19.0,3,2.0,2,3.0,0,0.0,1.0,2
1,1,36,0.0,2.0,16.0,21,1,37.0,7,11.0,17,17.0,1,0.0,0,0.0,0,1.0,1.0,2
1,0,31,0.0,2.0,5.0,33,1,38.0,7,62.0,13,13.0,2,1.0,1,0.0,0,0.0,1.0,2
0,0,77,0.0,,8.0,22,1,30.0,7,11.0,17,18.0,1,1.0,1,0.0,0,0.0,1.0,2
1,0,18,0.0,1.0,29.0,46,1,75.0,7,11.0,14,15.0,1,0.0,0,0.0,0,0.0,1.0,2
1,3,36,0.0,1.0,3.0,37,1,40.0,7,11.0,12,15.0,1,1.0,1,1.0,0,2.0,1.0,2
1,1,18,1.0,,10.0,35,1,45.0,7,11.0,16,16.0,1,0.0,1,0.0,0,1.0,1.0,2
1,5,36,0.0,2.0,20.0,25,1,45.0,7,11.0,15,14.0,2,1.0,0,0.0,0,0.0,1.0,2
0,0,18,0.0,,12.0,18,1,30.0,7,66.0,18,18.0,3,1.0,1,0.0,0,0.0,1.0,2
0,0,36,1.0,2.0,10.0,45,2,55.0,7,11.0,18,16.0,3,0.0,0,0.0,0,3.0,1.0,2
1,5,36,0.0,,,38,2,,7,,18,17.0,3,,0,0.0,0,,,2
1,0,31,1.0,1.0,6.0,30,1,36.0,7,11.0,15,16.0,1,1.0,0,0.0,0,2.0,1.0,2
1,2,996,0.0,2.0,,37,1,,7,,17,,1,,0,0.0,0,,,2
1,0,36,1.0,1.0,10.0,45,1,55.0,7,11.0,19,19.0,2,1.0,0,0.0,0,3.0,1.0,2
1,0,18,0.0,2.0,14.0,37,1,51.0,7,11.0,28,25.0,1,1.0,0,0.0,0,1.0,1.0,2
1,5,996,0.0,1.0,13.0,32,7,45.0,7,96.0,12,12.0,1,2.0,0,0.0,0,0.0,1.0,2
0,1,3,0.0,,25.0,46,4,71.0,7,11.0,14,14.0,1,0.0,0,0.0,0,1.0,1.0,2
1,2,102,0.0,,6.0,18,1,24.0,7,11.0,16,16.0,2,2.0,2,0.0,0,0.0,1.0,2
0,0,3,0.0,,10.0,15,4,25.0,7,11.0,14,14.0,1,0.0,2,0.0,0,0.0,1.0,2
1,2,102,1.0,1.0,5.0,39,2,44.0,7,11.0,17,15.0,1,1.0,0,0.0,0,0.0,1.0,2
1,0,102,0.0,,13.0,27,1,40.0,7,11.0,13,13.0,1,0.0,0,0.0,0,0.0,1.0,2
0,0,102,0.0,,8.0,17,1,25.0,7,62.0,16,17.0,2,1.0,1,0.0,0,1.0,1.0,2
0,0,102,0.0,,15.0,24,4,39.0,7,62.0,14,15.0,3,1.0,2,0.0,0,0.0,1.0,2
0,1,102,1.0,,4.0,45,2,49.0,7,11.0,15,15.0,1,0.0,0,0.0,0,0.0,1.0,2
1,2,102,1.0,1.0,12.0,43,2,55.0,7,11.0,15,15.0,1,1.0,0,0.0,0,0.0,1.0,2
1,2,102,0.0,2.0,,40,1,,7,,24,18.0,1,,1,0.0,0,,,2
1,1,3,0.0,,18.0,25,4,43.0,7,11.0,16,16.0,2,0.0,0,0.0,0,0.0,1.0,2
0,1,3,,,22.0,29,4,51.0,7,62.0,15,16.0,1,1.0,0,0.0,0,0.0,1.0,2
1,1,996,,1.0,6.0,26,2,32.0,7,11.0,16,15.0,1,0.0,0,1.0,0,1.0,1.0,2
0,1,3,0.0,,7.0,18,4,25.0,7,62.0,17,17.0,1,0.0,0,0.0,0,0.0,1.0,2
1,2,5,0.0,,13.0,22,4,35.0,7,11.0,14,13.0,1,0.0,0,1.0,0,1.0,1.0,2
0,0,102,0.0,,,20,1,,7,,13,13.0,1,,0,0.0,0,,,2
1,2,102,1.0,,5.0,45,2,50.0,7,62.0,25,20.0,1,0.0,1,0.0,0,0.0,2.0,2
0,2,4,0.0,,2.0,18,4,20.0,7,11.0,15,14.0,2,0.0,0,4.0,0,0.0,1.0,2
0,3,3,0.0,,9.0,27,4,36.0,7,11.0,15,16.0,1,0.0,0,0.0,0,1.0,1.0,2
1,0,103,0.0,,12.0,40,2,52.0,7,11.0,13,13.0,1,0.0,0,0.0,0,0.0,1.0,2
1,1,4,0.0,,18.0,45,4,63.0,7,13.0,11,11.0,3,0.0,1,0.0,0,0.0,2.0,2
0,0,4,0.0,,31.0,19,4,50.0,7,11.0,15,15.0,2,0.0,0,1.0,0,2.0,1.0,2
0,0,4,0.0,,16.0,19,4,35.0,7,11.0,17,17.0,2,0.0,0,0.0,0,0.0,1.0,2
1,1,996,0.0,1.0,10.0,29,1,39.0,7,11.0,14,14.0,1,0.0,0,0.0,0,0.0,1.0,2
0,1,3,0.0,,9.0,16,4,25.0,7,66.0,15,14.0,1,1.0,1,0.0,0,0.0,1.0,2
0,0,3,0.0,,19.0,34,4,53.0,7,11.0,15,15.0,1,0.0,0,0.0,0,0.0,1.0,2
0,0,4,0.0,,18.0,25,4,43.0,7,11.0,12,13.0,1,0.0,0,0.0,0,1.0,1.0,2
0,1,996,1.0,,9.0,18,4,27.0,7,11.0,17,16.0,2,1.0,0,0.0,0,0.0,1.0,2
1,0,3,0.0,,21.0,34,4,55.0,7,11.0,18,16.0,1,0.0,0,0.0,0,0.0,1.0,2
0,0,3,0.0,,22.0,25,4,47.0,7,11.0,14,14.0,3,1.0,0,2.0,0,1.0,1.0,2
0,2,3,0.0,,43.0,25,4,68.0,7,21.0,10,11.0,2,0.0,0,0.0,0,2.0,1.0,2
0,1,4,1.0,,17.0,30,4,47.0,7,11.0,26,27.0,2,0.0,0,0.0,0,0.0,1.0,2
0,1,4,0.0,,3.0,33,4,36.0,7,11.0,18,19.0,2,0.0,0,0.0,0,1.0,1.0,2
1,3,4,0.0,,15.0,25,4,40.0,7,62.0,16,16.0,1,0.0,0,0.0,0,1.0,1.0,2
0,0,78,0.0,,11.0,39,4,50.0,7,11.0,20,15.0,1,0.0,0,5.0,0,2.0,1.0,2
0,0,3,0.0,,9.0,21,4,30.0,7,11.0,13,13.0,2,0.0,0,0.0,0,1.0,1.0,2
1,1,33,1.0,2.0,-2.0,28,1,26.0,7,11.0,22,18.0,1,1.0,0,0.0,0,0.0,1.0,2
1,1,996,0.0,,7.0,20,4,27.0,7,11.0,14,14.0,1,0.0,0,3.0,0,0.0,1.0,2
1,2,208,1.0,2.0,7.0,30,2,37.0,3,96.0,29,17.0,5,3.0,3,0.0,0,0.0,1.0,1
1,5,216,0.0,2.0,,31,2,,3,,26,13.0,5,,2,0.0,0,,,1
1,2,208,1.0,0.0,1.0,49,2,50.0,3,24.0,22,20.0,5,2.0,2,1.0,0,0.0,1.0,1
0,0,208,0.0,1.0,,36,2,,3,,24,20.0,5,,2,0.0,0,,,1
0,2,232,0.0,,,35,2,,3,,26,19.0,5,,2,0.0,0,,,1
1,2,208,,1.0,3.0,33,1,36.0,3,62.0,26,18.0,5,2.0,2,1.0,1,0.0,1.0,1
0,0,55,0.0,,,25,2,,3,,21,16.0,5,,2,0.0,0,,,1
0,0,261,0.0,2.0,2.0,31,1,33.0,3,62.0,14,18.0,5,2.0,3,0.0,0,0.0,1.0,1
1,2,208,1.0,1.0,10.0,35,2,45.0,3,0.0,21,18.0,5,2.0,2,0.0,3,0.0,1.0,1
0,0,176,0.0,,12.0,25,4,37.0,3,62.0,18,17.0,4,2.0,2,0.0,0,0.0,1.0,1
0,3,193,1.0,2.0,3.0,27,3,30.0,3,73.0,18,19.0,4,2.0,2,0.0,0,0.0,1.0,1
1,3,232,0.0,,10.0,28,1,38.0,3,36.0,21,20.0,4,2.0,1,0.0,1,0.0,1.0,1
0,0,261,,0.0,2.0,38,3,40.0,3,,28,14.0,5,,2,0.0,2,0.0,1.0,1
1,0,232,0.0,1.0,10.0,25,2,35.0,6,15.0,19,15.0,2,2.0,1,0.0,0,0.0,1.0,2
0,0,232,0.0,,16.0,38,1,54.0,6,11.0,12,12.0,3,,1,0.0,0,0.0,1.0,2
0,0,232,0.0,,4.0,38,3,42.0,6,11.0,21,18.0,3,2.0,1,0.0,0,0.0,2.0,2
0,1,996,1.0,2.0,4.0,44,2,48.0,6,11.0,25,15.0,3,1.0,2,0.0,2,0.0,1.0,2
0,0,235,0.0,,13.0,20,2,33.0,6,0.0,16,17.0,3,2.0,2,0.0,0,0.0,1.0,2
0,0,232,0.0,,15.0,24,2,39.0,6,42.0,17,17.0,2,2.0,2,0.0,0,0.0,1.0,2
1,1,232,1.0,1.0,4.0,48,2,52.0,6,11.0,21,12.0,2,,1,0.0,0,0.0,1.0,2
0,0,232,0.0,1.0,7.0,45,2,52.0,6,11.0,20,16.0,3,2.0,2,0.0,0,0.0,1.0,2
0,0,232,0.0,,1.0,26,2,27.0,6,11.0,21,14.0,3,2.0,2,0.0,0,0.0,1.0,2
1,3,232,,1.0,4.0,26,1,30.0,6,11.0,22,15.0,2,1.0,2,0.0,0,0.0,1.0,2
1,2,238,,,8.0,29,3,37.0,6,11.0,22,16.0,1,1.0,1,0.0,2,0.0,1.0,2
0,1,232,1.0,2.0,15.0,31,2,46.0,6,11.0,22,17.0,2,1.0,2,0.0,0,0.0,1.0,2
0,0,232,0.0,1.0,5.0,48,2,53.0,6,62.0,28,15.0,2,1.0,1,0.0,0,0.0,1.0,2
0,1,3,0.0,,11.0,25,4,36.0,12,62.0,18,18.0,5,2.0,2,0.0,0,0.0,1.0,1
1,5,5,0.0,,,30,4,,12,,15,14.0,5,,1,2.0,0,,,1
1,2,246,0.0,2.0,,46,1,,12,,21,19.0,5,,3,0.0,0,,,1
0,0,232,0.0,,6.0,32,1,38.0,12,62.0,26,26.0,5,2.0,2,0.0,0,0.0,1.0,1
0,0,4,0.0,,8.0,18,4,26.0,12,62.0,18,16.0,5,2.0,2,0.0,1,0.0,1.0,1
0,0,216,0.0,,10.0,35,2,45.0,12,82.0,25,26.0,5,3.0,3,0.0,0,0.0,1.0,1
0,2,3,0.0,,16.0,44,4,60.0,12,21.0,12,12.0,5,3.0,1,0.0,1,0.0,1.0,1
0,0,996,0.0,,9.0,21,4,30.0,5,11.0,14,15.0,2,1.0,0,0.0,0,1.0,1.0,2
0,0,996,0.0,,4.0,30,4,34.0,5,11.0,15,15.0,1,1.0,0,0.0,0,1.0,1.0,2
0,0,996,0.0,2.0,18.0,32,4,50.0,5,11.0,14,15.0,1,1.0,0,0.0,0,1.0,1.0,2
0,0,996,0.0,,6.0,20,1,26.0,5,11.0,15,14.0,1,1.0,0,2.0,0,0.0,1.0,2
0,0,996,0.0,,9.0,21,4,30.0,5,42.0,14,14.0,2,2.0,1,0.0,0,0.0,1.0,2
0,1,996,0.0,,4.0,28,4,32.0,5,11.0,18,17.0,2,2.0,1,4.0,0,1.0,1.0,2
0,0,996,0.0,,41.0,19,4,60.0,5,11.0,15,16.0,2,0.0,0,2.0,0,2.0,1.0,2
0,0,996,0.0,,5.0,21,4,26.0,5,11.0,15,16.0,1,0.0,0,0.0,0,0.0,1.0,2
0,0,996,0.0,,12.0,18,4,30.0,5,41.0,16,16.0,2,0.0,0,0.0,0,0.0,1.0,2
0,0,996,0.0,,20.0,40,4,60.0,5,11.0,13,13.0,2,0.0,0,1.0,0,2.0,1.0,2
0,0,996,0.0,,7.0,22,4,29.0,5,11.0,18,19.0,2,1.0,0,2.0,0,0.0,1.0,2
0,1,996,0.0,,33.0,30,1,63.0,5,11.0,20,17.0,1,0.0,0,0.0,0,2.0,1.0,2
1,0,996,1.0,,2.0,38,4,40.0,5,11.0,17,16.0,2,1.0,1,2.0,0,0.0,1.0,2
0,0,996,0.0,,7.0,45,2,52.0,5,11.0,15,15.0,2,0.0,0,0.0,0,0.0,1.0,2
1,5,257,0.0,1.0,3.0,32,1,35.0,4,66.0,28,16.0,4,1.0,1,0.0,3,0.0,2.0,1
1,2,257,1.0,2.0,4.0,40,1,44.0,4,11.0,19,18.0,5,2.0,2,0.0,0,1.0,1.0,1
1,4,255,0.0,2.0,3.0,18,1,21.0,4,11.0,14,14.0,3,1.0,1,0.0,0,0.0,1.0,1
0,1,255,1.0,,11.0,21,1,32.0,4,62.0,18,13.0,5,2.0,2,0.0,0,0.0,1.0,1
0,0,193,1.0,,8.0,28,2,36.0,4,62.0,12,17.0,4,1.0,1,0.0,0,0.0,1.0,1
1,2,3,1.0,,19.0,22,4,41.0,4,62.0,17,16.0,3,1.0,0,0.0,0,0.0,1.0,1
0,3,3,0.0,,18.0,42,4,60.0,4,62.0,16,16.0,3,0.0,0,4.0,0,1.0,1.0,1
0,0,176,0.0,,2.0,30,3,32.0,4,62.0,16,16.0,4,2.0,2,0.0,0,0.0,1.0,1
0,3,3,0.0,,9.0,19,4,28.0,4,66.0,17,17.0,3,1.0,0,0.0,0,0.0,1.0,1
0,2,3,0.0,,17.0,18,4,35.0,4,66.0,12,12.0,4,1.0,1,0.0,0,0.0,1.0,1
1,0,143,1.0,1.0,0.0,25,1,25.0,6,46.0,17,15.0,2,1.0,2,3.0,0,0.0,1.0,2
0,2,185,0.0,2.0,5.0,23,1,28.0,6,82.0,21,18.0,2,2.0,2,0.0,0,0.0,1.0,2
1,0,232,1.0,2.0,8.0,31,1,39.0,6,11.0,20,18.0,3,1.0,1,0.0,0,0.0,1.0,2
0,0,199,0.0,1.0,6.0,38,1,44.0,6,11.0,19,17.0,3,2.0,1,0.0,0,0.0,1.0,2
1,2,193,0.0,0.0,6.0,34,1,40.0,6,11.0,16,14.0,2,1.0,1,0.0,0,0.0,1.0,2
0,1,996,0.0,2.0,7.0,29,1,36.0,6,46.0,18,19.0,1,1.0,1,0.0,0,0.0,1.0,2
1,0,232,,1.0,13.0,35,1,48.0,6,11.0,15,15.0,2,2.0,1,0.0,0,0.0,1.0,2
0,3,244,0.0,,4.0,34,1,38.0,6,11.0,26,23.0,2,1.0,2,2.0,0,0.0,1.0,2
1,2,996,1.0,0.0,7.0,29,3,36.0,6,14.0,17,18.0,2,2.0,2,4.0,0,1.0,1.0,2
1,3,202,0.0,1.0,7.0,25,1,32.0,12,75.0,17,15.0,5,1.0,2,0.0,0,0.0,1.0,1
0,0,202,,,0.0,38,4,38.0,12,31.0,19,18.0,5,3.0,2,0.0,0,,1.0,1
0,1,193,0.0,2.0,6.0,32,2,38.0,12,34.0,29,22.0,5,3.0,3,0.0,3,0.0,2.0,1
0,0,232,0.0,1.0,7.0,19,1,26.0,12,62.0,19,18.0,4,2.0,3,0.0,0,0.0,1.0,1
1,3,229,0.0,1.0,10.0,28,1,38.0,12,73.0,24,17.0,5,1.0,1,0.0,2,0.0,1.0,1
1,5,202,1.0,,2.0,32,3,34.0,12,62.0,23,17.0,4,2.0,2,0.0,0,0.0,1.0,1
0,2,166,0.0,,9.0,29,3,38.0,12,66.0,21,22.0,5,2.0,2,0.0,1,0.0,1.0,1
1,0,179,0.0,2.0,4.0,25,2,29.0,12,62.0,20,18.0,3,2.0,2,0.0,1,,1.0,1
0,0,3,0.0,,12.0,31,4,43.0,12,62.0,21,20.0,4,2.0,1,0.0,0,0.0,1.0,1
0,1,183,,2.0,5.0,28,1,33.0,12,36.0,21,19.0,5,3.0,3,0.0,0,0.0,1.0,1
0,1,236,0.0,2.0,4.0,26,3,30.0,12,75.0,22,17.0,5,2.0,2,0.0,0,0.0,1.0,1
0,0,78,0.0,,7.0,23,1,30.0,4,62.0,14,14.0,1,2.0,1,0.0,0,0.0,1.0,2
0,0,78,0.0,,2.0,26,1,28.0,4,11.0,19,15.0,2,1.0,1,0.0,0,0.0,1.0,2
0,1,3,0.0,,3.0,23,4,26.0,4,62.0,14,14.0,2,0.0,0,0.0,0,0.0,1.0,2
0,0,78,0.0,,1.0,37,2,38.0,4,11.0,33,16.0,2,2.0,1,0.0,0,0.0,1.0,2
0,5,78,1.0,1.0,3.0,47,1,50.0,4,62.0,14,14.0,1,2.0,2,0.0,0,1.0,2.0,2
0,2,3,0.0,,39.0,15,4,54.0,4,11.0,13,13.0,1,0.0,0,0.0,0,1.0,1.0,2
0,3,3,0.0,,,22,4,,4,,16,16.0,1,,0,5.0,0,,,2
1,2,78,0.0,1.0,4.0,22,2,26.0,4,11.0,13,13.0,2,2.0,1,0.0,0,0.0,2.0,2
0,1,14,0.0,,4.0,22,3,26.0,4,62.0,16,16.0,1,2.0,1,0.0,0,0.0,1.0,2
0,0,3,0.0,,10.0,30,4,40.0,4,62.0,16,16.0,2,0.0,0,0.0,0,1.0,1.0,2
0,1,78,0.0,,-6.0,45,4,39.0,4,62.0,13,14.0,1,0.0,0,0.0,0,0.0,1.0,2
1,1,78,0.0,1.0,8.0,23,2,31.0,4,62.0,19,15.0,1,2.0,1,0.0,0,0.0,1.0,2
0,1,3,0.0,,25.0,15,4,40.0,4,62.0,14,15.0,1,0.0,0,4.0,0,1.0,1.0,2
0,0,232,0.0,,8.0,41,2,49.0,6,0.0,18,19.0,3,1.0,2,0.0,0,0.0,1.0,2
0,0,232,0.0,,10.0,28,2,38.0,6,66.0,18,17.0,3,2.0,2,0.0,0,0.0,1.0,2
1,2,996,0.0,2.0,9.0,45,7,54.0,6,33.0,20,16.0,3,1.0,1,0.0,2,0.0,1.0,2
0,0,996,0.0,0.0,12.0,22,1,34.0,6,41.0,18,17.0,4,0.0,2,0.0,2,0.0,1.0,2
0,0,232,1.0,2.0,9.0,49,1,58.0,6,11.0,20,15.0,3,1.0,1,0.0,0,0.0,1.0,2
1,2,232,1.0,2.0,-1.0,40,3,39.0,6,72.0,26,16.0,3,2.0,2,0.0,0,0.0,1.0,2
0,4,256,0.0,,5.0,24,3,29.0,4,72.0,21,15.0,2,,1,0.0,0,0.0,1.0,2
1,3,256,,2.0,5.0,24,1,29.0,4,11.0,16,13.0,2,2.0,2,0.0,0,0.0,1.0,2
1,1,256,0.0,1.0,18.0,34,2,52.0,4,11.0,15,15.0,2,,2,0.0,0,1.0,1.0,2
0,1,256,0.0,,0.0,28,1,28.0,4,11.0,16,16.0,1,2.0,2,3.0,0,0.0,1.0,2
0,4,256,1.0,2.0,3.0,31,3,34.0,4,11.0,14,15.0,1,2.0,1,0.0,0,0.0,1.0,2
1,4,256,0.0,2.0,,41,3,,4,,20,17.0,2,,2,0.0,0,,,2
0,0,256,1.0,,3.0,48,3,51.0,4,11.0,19,19.0,1,1.0,2,0.0,0,0.0,1.0,2
1,2,10,0.0,0.0,8.0,25,2,33.0,11,43.0,25,18.0,5,2.0,2,0.0,1,0.0,1.0,1
0,1,143,0.0,0.0,10.0,35,2,45.0,11,36.0,20,19.0,5,2.0,2,0.0,0,0.0,1.0,1
0,1,232,1.0,2.0,4.0,32,1,36.0,11,62.0,26,19.0,5,2.0,2,0.0,0,0.0,2.0,1
0,0,174,0.0,1.0,6.0,26,1,32.0,11,73.0,21,19.0,5,1.0,2,0.0,0,0.0,1.0,1
1,4,227,1.0,2.0,1.0,49,1,50.0,11,82.0,31,18.0,5,2.0,2,0.0,1,1.0,1.0,1
1,3,158,1.0,2.0,10.0,34,1,44.0,11,42.0,24,16.0,5,3.0,2,1.0,0,0.0,1.0,1
1,2,236,0.0,2.0,10.0,30,2,40.0,6,62.0,14,16.0,5,2.0,2,0.0,0,0.0,1.0,1
0,0,174,0.0,,6.0,44,3,50.0,6,44.0,28,20.0,5,3.0,3,0.0,0,0.0,1.0,1
0,0,193,0.0,,5.0,22,1,27.0,6,0.0,16,17.0,4,2.0,2,0.0,0,0.0,1.0,1
1,2,189,0.0,0.0,2.0,33,2,35.0,6,33.0,16,17.0,5,2.0,2,0.0,1,0.0,1.0,1
1,1,202,0.0,1.0,6.0,34,1,40.0,6,83.0,15,15.0,4,1.0,2,0.0,2,0.0,1.0,1
1,1,233,0.0,2.0,11.0,28,3,39.0,6,11.0,21,16.0,4,,2,0.0,0,0.0,2.0,1
0,0,196,0.0,,0.0,44,1,44.0,6,54.0,24,16.0,5,2.0,2,0.0,0,0.0,1.0,1
0,0,197,,2.0,15.0,34,2,49.0,6,11.0,19,16.0,4,1.0,1,0.0,0,0.0,1.0,1
0,0,213,0.0,,5.0,36,2,41.0,6,33.0,20,19.0,5,3.0,3,0.0,0,0.0,1.0,1
0,2,62,0.0,,6.0,29,4,35.0,7,62.0,18,18.0,5,2.0,2,0.0,0,0.0,1.0,1
0,0,49,0.0,,11.0,24,4,35.0,7,54.0,17,18.0,4,3.0,1,0.0,0,0.0,1.0,1
1,2,55,,1.0,10.0,40,2,50.0,7,62.0,27,15.0,2,0.0,0,4.0,0,0.0,1.0,1
1,1,77,0.0,,11.0,32,4,43.0,7,42.0,16,16.0,3,2.0,1,0.0,0,0.0,1.0,1
1,2,102,0.0,,8.0,46,4,54.0,7,11.0,16,15.0,5,2.0,1,0.0,1,2.0,1.0,1
1,4,98,1.0,,12.0,30,4,42.0,7,51.0,20,20.0,4,2.0,2,0.0,0,0.0,1.0,1
0,2,49,0.0,,8.0,27,4,35.0,7,44.0,17,17.0,4,1.0,1,0.0,0,0.0,1.0,1
0,3,54,0.0,2.0,10.0,20,2,30.0,7,33.0,19,19.0,4,3.0,2,0.0,0,0.0,1.0,1
0,0,3,1.0,,4.0,29,4,33.0,7,62.0,17,18.0,3,0.0,1,0.0,0,0.0,1.0,1
0,2,55,1.0,0.0,23.0,19,3,42.0,7,24.0,17,15.0,4,1.0,2,4.0,0,0.0,1.0,1
0,2,47,1.0,,4.0,21,1,25.0,7,82.0,19,20.0,4,2.0,2,0.0,0,0.0,1.0,1
0,0,101,0.0,,10.0,24,1,34.0,7,11.0,18,18.0,3,2.0,2,0.0,0,0.0,1.0,1
0,3,62,0.0,,10.0,17,4,27.0,7,72.0,14,15.0,2,2.0,2,0.0,0,0.0,1.0,1
0,0,3,0.0,,7.0,48,4,55.0,5,62.0,28,20.0,4,1.0,0,0.0,0,0.0,1.0,1
0,0,47,0.0,,6.0,39,5,45.0,5,41.0,19,17.0,4,2.0,2,0.0,0,0.0,1.0,1
0,0,5,0.0,,14.0,31,4,45.0,5,62.0,14,13.0,4,1.0,1,0.0,0,0.0,1.0,1
1,0,101,1.0,1.0,4.0,40,1,44.0,5,21.0,17,18.0,4,2.0,2,1.0,0,0.0,1.0,1
0,0,4,0.0,,5.0,27,4,32.0,5,62.0,16,16.0,4,2.0,1,2.0,0,1.0,1.0,1
0,0,47,0.0,,17.0,29,4,46.0,5,76.0,11,,3,3.0,0,0.0,1,0.0,1.0,1
0,1,31,0.0,2.0,10.0,24,2,34.0,5,21.0,19,19.0,4,0.0,2,1.0,0,0.0,2.0,1
0,3,21,0.0,,10.0,30,4,40.0,5,11.0,28,16.0,4,0.0,0,1.0,0,0.0,2.0,1
0,3,1,0.0,,14.0,30,4,44.0,5,96.0,18,18.0,4,2.0,0,0.0,0,0.0,1.0,1
0,1,3,0.0,1.0,18.0,25,4,43.0,5,73.0,12,13.0,3,2.0,1,5.0,0,0.0,1.0,1
0,0,996,0.0,,9.0,26,4,35.0,5,66.0,18,17.0,2,1.0,1,0.0,0,0.0,1.0,1
0,1,18,0.0,,9.0,23,4,32.0,5,62.0,17,17.0,4,2.0,2,4.0,0,0.0,1.0,1
0,0,4,0.0,,14.0,17,4,31.0,5,21.0,15,15.0,5,2.0,1,0.0,0,0.0,1.0,1
0,0,3,0.0,,7.0,20,4,27.0,5,66.0,14,15.0,5,1.0,0,0.0,0,0.0,1.0,1
0,1,202,0.0,,4.0,36,1,40.0,9,72.0,22,18.0,3,2.0,1,0.0,0,0.0,1.0,2
0,2,3,0.0,,5.0,29,4,34.0,9,63.0,11,14.0,3,0.0,0,0.0,0,0.0,1.0,2
0,0,202,0.0,,8.0,36,2,44.0,9,33.0,20,18.0,3,3.0,2,0.0,0,0.0,1.0,2
0,1,173,0.0,2.0,6.0,27,2,33.0,9,11.0,20,22.0,3,1.0,2,0.0,0,0.0,1.0,2
0,4,188,0.0,,8.0,42,1,50.0,9,43.0,32,17.0,4,3.0,2,0.0,0,0.0,1.0,2
0,3,188,0.0,2.0,31.0,40,2,71.0,9,24.0,12,11.0,3,1.0,1,1.0,0,0.0,2.0,2
0,5,202,0.0,1.0,4.0,34,1,38.0,9,73.0,22,18.0,3,1.0,2,0.0,0,0.0,1.0,2
0,2,188,0.0,0.0,,20,2,,9,,19,19.0,2,,2,1.0,0,,,2
1,2,3,0.0,1.0,3.0,27,4,30.0,1,81.0,12,14.0,3,2.0,1,0.0,0,0.0,2.0,1
0,0,3,0.0,,7.0,22,4,29.0,1,78.0,21,21.0,4,1.0,2,0.0,0,0.0,1.0,1
1,3,5,1.0,,8.0,30,4,38.0,1,62.0,19,18.0,3,0.0,0,0.0,0,0.0,1.0,1
0,2,3,0.0,,2.0,27,4,29.0,1,66.0,16,10.0,4,1.0,0,0.0,0,0.0,1.0,1
0,3,3,0.0,,4.0,32,4,36.0,1,62.0,17,16.0,3,1.0,1,2.0,1,0.0,1.0,1
0,0,4,0.0,,7.0,25,4,32.0,1,62.0,19,19.0,4,1.0,0,0.0,0,1.0,1.0,1
0,1,31,,,7.0,20,3,27.0,1,61.0,11,14.0,3,1.0,1,0.0,0,0.0,1.0,1
0,1,202,0.0,2.0,3.0,29,1,32.0,1,62.0,22,21.0,3,1.0,2,0.0,0,0.0,2.0,1
0,2,78,0.0,1.0,20.0,30,4,50.0,1,0.0,17,12.0,4,,0,0.0,0,0.0,1.0,1
0,2,3,,,13.0,37,4,50.0,1,62.0,14,,4,1.0,1,0.0,0,1.0,1.0,1
0,0,996,0.0,,10.0,48,4,58.0,1,96.0,16,17.0,4,1.0,0,0.0,0,0.0,1.0,1
0,1,89,0.0,,20.0,19,4,39.0,1,66.0,16,16.0,4,1.0,1,4.0,0,0.0,1.0,1
0,1,5,0.0,,20.0,44,4,64.0,1,62.0,20,,4,0.0,1,4.0,3,1.0,2.0,1
1,4,252,0.0,1.0,,37,2,,4,,16,13.0,2,,1,0.0,0,,,2
1,3,252,1.0,1.0,4.0,37,1,41.0,4,11.0,18,14.0,2,1.0,1,0.0,0,0.0,1.0,2
0,0,252,0.0,2.0,3.0,49,1,52.0,4,11.0,19,12.0,3,2.0,1,0.0,2,0.0,1.0,2
1,4,252,1.0,1.0,3.0,44,1,47.0,4,11.0,19,15.0,2,1.0,1,0.0,3,0.0,1.0,2
1,3,252,1.0,1.0,10.0,26,2,36.0,4,11.0,22,13.0,1,1.0,1,0.0,0,0.0,1.0,2
0,0,252,0.0,,9.0,48,1,57.0,4,11.0,18,16.0,2,2.0,1,3.0,0,0.0,1.0,2
1,5,252,1.0,2.0,2.0,22,1,24.0,4,14.0,19,12.0,2,1.0,1,3.0,0,0.0,1.0,2
0,3,187,1.0,2.0,26.0,35,2,61.0,4,11.0,20,18.0,3,2.0,2,0.0,0,1.0,1.0,2
1,4,252,1.0,1.0,-1.0,41,1,40.0,4,11.0,20,14.0,1,1.0,1,0.0,3,0.0,1.0,2
1,3,252,0.0,1.0,12.0,36,1,48.0,4,11.0,18,14.0,2,1.0,1,3.0,0,0.0,1.0,2
0,0,252,1.0,1.0,4.0,19,1,23.0,4,11.0,17,15.0,2,2.0,1,4.0,0,0.0,1.0,2
0,3,252,0.0,,20.0,45,1,65.0,4,11.0,38,14.0,3,1.0,2,5.0,0,1.0,1.0,2
1,4,252,1.0,1.0,2.0,26,1,28.0,4,11.0,18,12.0,1,1.0,1,0.0,0,0.0,1.0,2
1,5,252,0.0,1.0,-1.0,41,1,40.0,4,11.0,23,12.0,3,1.0,1,0.0,0,0.0,1.0,2
0,4,252,1.0,1.0,6.0,26,3,32.0,4,11.0,12,12.0,2,1.0,0,0.0,0,0.0,1.0,2
1,3,252,1.0,1.0,8.0,19,1,27.0,4,62.0,13,13.0,1,1.0,1,0.0,0,1.0,1.0,2
0,2,78,0.0,,8.0,22,3,30.0,4,11.0,17,11.0,1,1.0,0,3.0,0,0.0,1.0,2
0,4,252,0.0,1.0,1.0,24,2,25.0,4,11.0,22,14.0,3,2.0,2,0.0,0,0.0,1.0,2
0,2,252,0.0,2.0,7.0,44,1,51.0,4,34.0,15,13.0,2,3.0,2,0.0,0,0.0,1.0,2
0,0,3,0.0,,7.0,29,4,36.0,5,11.0,17,17.0,1,1.0,1,5.0,0,0.0,1.0,2
0,0,3,0.0,,4.0,27,4,31.0,5,11.0,23,23.0,1,0.0,0,0.0,0,0.0,1.0,2
0,0,3,0.0,,15.0,36,4,51.0,5,11.0,20,13.0,1,0.0,0,1.0,1,0.0,1.0,2
0,0,3,0.0,,17.0,36,4,53.0,5,11.0,17,17.0,1,0.0,0,5.0,0,,1.0,2
0,0,3,0.0,,8.0,30,4,38.0,5,11.0,14,14.0,1,0.0,0,0.0,1,0.0,2.0,2
0,0,3,0.0,,5.0,25,4,30.0,5,11.0,16,16.0,1,1.0,0,0.0,0,0.0,1.0,2
0,0,3,0.0,,10.0,35,4,45.0,5,11.0,14,14.0,1,0.0,0,0.0,0,0.0,1.0,2
0,0,3,0.0,,34.0,20,4,54.0,5,11.0,17,17.0,3,0.0,0,5.0,0,1.0,1.0,2
0,0,3,0.0,,10.0,34,4,44.0,5,11.0,16,14.0,1,0.0,0,1.0,1,0.0,1.0,2
0,0,3,0.0,,14.0,24,4,38.0,5,11.0,16,16.0,1,0.0,1,3.0,0,0.0,1.0,2
0,1,101,0.0,,7.0,23,4,30.0,5,11.0,15,16.0,1,1.0,1,3.0,0,0.0,1.0,2
0,0,3,0.0,,14.0,36,4,50.0,5,11.0,14,14.0,1,0.0,0,0.0,0,0.0,1.0,2
0,0,3,0.0,,9.0,21,4,30.0,5,11.0,15,15.0,1,0.0,1,0.0,0,0.0,1.0,2
0,1,3,0.0,,10.0,25,4,35.0,5,11.0,14,,1,0.0,0,2.0,2,0.0,1.0,2
0,0,3,0.0,,10.0,18,4,28.0,5,11.0,15,14.0,1,0.0,0,0.0,0,0.0,1.0,2
0,0,3,0.0,,9.0,22,4,31.0,5,11.0,16,16.0,1,1.0,0,1.0,0,0.0,1.0,2
0,1,246,0.0,,,40,2,,10,,19,14.0,2,,2,0.0,0,,,2
1,5,236,1.0,1.0,22.0,45,2,67.0,10,11.0,11,12.0,2,1.0,1,2.0,0,0.0,1.0,2
1,4,246,0.0,2.0,7.0,35,1,42.0,10,46.0,18,15.0,2,1.0,2,0.0,0,0.0,1.0,2
1,3,246,1.0,2.0,7.0,15,1,22.0,10,0.0,14,14.0,3,2.0,2,4.0,0,0.0,1.0,2
1,1,246,0.0,1.0,3.0,43,2,46.0,10,11.0,19,16.0,2,2.0,1,0.0,0,0.0,1.0,2
1,2,246,1.0,2.0,-7.0,31,1,24.0,10,11.0,17,17.0,1,2.0,1,0.0,0,0.0,1.0,2
1,1,262,1.0,1.0,6.0,33,3,39.0,10,11.0,18,14.0,1,,1,2.0,0,0.0,1.0,2
1,2,246,1.0,1.0,,45,2,,10,,27,14.0,2,,0,3.0,0,,,2
1,3,260,0.0,1.0,9.0,20,5,29.0,10,15.0,17,13.0,1,1.0,0,4.0,0,0.0,1.0,2
0,5,202,0.0,0.0,5.0,33,2,38.0,9,66.0,26,16.0,2,2.0,2,1.0,0,0.0,1.0,2
0,1,202,0.0,1.0,23.0,47,2,70.0,9,62.0,16,15.0,2,1.0,1,3.0,0,0.0,1.0,2
0,1,202,1.0,0.0,7.0,18,2,25.0,9,33.0,17,16.0,2,3.0,2,0.0,0,0.0,1.0,2
0,2,202,1.0,2.0,11.0,21,2,32.0,9,11.0,15,14.0,2,1.0,1,0.0,0,0.0,1.0,2
0,1,202,0.0,,22.0,25,2,47.0,9,33.0,18,17.0,4,3.0,2,2.0,0,1.0,1.0,2
0,0,202,0.0,2.0,6.0,21,2,27.0,9,11.0,18,12.0,2,2.0,2,0.0,0,0.0,2.0,2
0,0,202,0.0,1.0,9.0,31,2,40.0,9,11.0,17,18.0,2,1.0,1,0.0,0,0.0,1.0,2
1,3,202,1.0,2.0,,27,2,,9,,25,19.0,2,,2,0.0,0,,,2
0,3,202,1.0,2.0,30.0,33,2,63.0,9,44.0,19,15.0,2,2.0,1,0.0,0,0.0,1.0,2
0,0,202,0.0,0.0,,46,5,,9,,18,14.0,2,,1,0.0,0,,,2
0,2,202,1.0,1.0,34.0,34,2,68.0,9,62.0,21,15.0,2,1.0,1,0.0,2,2.0,1.0,2
1,3,202,1.0,1.0,,39,2,,9,,17,18.0,3,,1,0.0,0,,,2
0,0,244,0.0,1.0,-2.0,40,1,38.0,2,11.0,40,14.0,1,2.0,2,0.0,3,0.0,1.0,2
1,3,4,1.0,2.0,1.0,23,1,24.0,2,66.0,15,14.0,4,1.0,1,0.0,0,0.0,1.0,2
1,3,235,0.0,0.0,,34,1,,2,,16,17.0,3,,2,0.0,0,,,2
0,2,3,1.0,2.0,3.0,37,4,40.0,2,12.0,19,14.0,3,0.0,0,3.0,0,0.0,1.0,2
0,1,3,0.0,,10.0,28,4,38.0,2,11.0,13,13.0,1,1.0,0,0.0,0,0.0,1.0,2
1,0,235,1.0,,6.0,29,1,35.0,2,11.0,25,14.0,3,2.0,1,0.0,0,0.0,1.0,2
0,2,235,1.0,0.0,3.0,30,1,33.0,2,72.0,18,12.0,3,2.0,1,1.0,0,0.0,1.0,2
0,1,84,0.0,,3.0,25,4,28.0,2,62.0,10,15.0,3,1.0,2,0.0,0,0.0,1.0,2
0,0,235,1.0,2.0,2.0,37,1,39.0,2,11.0,14,14.0,2,2.0,1,0.0,0,0.0,1.0,2
1,3,174,1.0,2.0,5.0,40,2,45.0,2,11.0,10,12.0,2,1.0,1,0.0,1,0.0,1.0,2
0,0,235,1.0,,8.0,37,1,45.0,2,11.0,21,14.0,2,1.0,2,0.0,0,0.0,1.0,2
0,0,235,1.0,1.0,0.0,45,1,45.0,2,11.0,33,15.0,2,1.0,1,0.0,0,0.0,1.0,2
1,3,174,1.0,1.0,20.0,42,1,62.0,2,11.0,36,18.0,3,3.0,2,0.0,1,0.0,1.0,2
1,3,244,0.0,2.0,12.0,29,1,41.0,2,73.0,22,15.0,3,1.0,1,0.0,2,0.0,1.0,2
1,2,244,1.0,1.0,14.0,47,1,61.0,2,11.0,18,14.0,2,1.0,1,0.0,2,0.0,1.0,2
0,1,3,0.0,,26.0,36,4,62.0,2,11.0,18,14.0,1,0.0,0,0.0,1,0.0,1.0,2
0,0,235,0.0,,,43,1,,2,,15,19.0,3,,2,4.0,0,,,2
0,2,996,1.0,,-4.0,47,4,43.0,1,76.0,31,18.0,3,0.0,0,2.0,0,0.0,1.0,2
1,2,3,1.0,,7.0,25,4,32.0,1,66.0,15,15.0,3,1.0,0,0.0,0,0.0,1.0,2
0,2,3,0.0,,8.0,28,4,36.0,1,66.0,14,14.0,3,0.0,0,0.0,0,0.0,1.0,2
1,1,4,0.0,,2.0,34,4,36.0,1,62.0,18,16.0,3,0.0,0,0.0,0,0.0,1.0,2
0,1,4,0.0,,30.0,26,4,56.0,1,62.0,15,,2,0.0,0,0.0,1,0.0,1.0,2
0,1,78,1.0,2.0,18.0,17,2,35.0,1,96.0,14,15.0,3,0.0,1,2.0,0,0.0,2.0,2
1,3,3,0.0,,8.0,16,4,24.0,1,11.0,14,15.0,3,0.0,0,2.0,0,0.0,1.0,2
1,2,55,1.0,1.0,9.0,36,2,45.0,1,11.0,26,18.0,1,1.0,0,2.0,0,0.0,1.0,2
0,1,3,0.0,,13.0,39,4,52.0,1,24.0,18,15.0,3,1.0,0,0.0,0,1.0,2.0,2
0,1,1,0.0,,17.0,30,4,47.0,1,73.0,10,11.0,3,0.0,0,0.0,0,1.0,1.0,2
0,0,176,,,20.0,20,4,40.0,3,54.0,18,14.0,5,3.0,2,0.0,1,0.0,1.0,1
1,3,208,0.0,,12.0,25,1,37.0,3,96.0,19,19.0,5,2.0,2,0.0,0,0.0,1.0,1
0,4,185,0.0,,23.0,42,1,65.0,3,0.0,22,18.0,5,3.0,3,0.0,0,0.0,1.0,1
1,1,232,1.0,,5.0,28,1,33.0,3,66.0,27,15.0,5,1.0,1,1.0,3,1.0,1.0,1
0,1,185,0.0,,7.0,25,1,32.0,3,66.0,24,17.0,5,3.0,3,0.0,0,0.0,1.0,1
0,0,150,0.0,,-1.0,33,3,32.0,3,44.0,28,21.0,4,0.0,2,0.0,0,0.0,1.0,1
1,2,232,1.0,0.0,5.0,29,1,34.0,3,66.0,20,14.0,5,2.0,3,1.0,0,0.0,1.0,1
0,0,256,1.0,,9.0,44,1,53.0,3,33.0,38,15.0,5,3.0,3,0.0,0,0.0,1.0,1
0,1,62,0.0,,17.0,44,4,61.0,1,11.0,21,21.0,3,1.0,1,1.0,0,1.0,1.0,2
0,0,47,0.0,,8.0,22,2,30.0,1,11.0,10,10.0,1,1.0,1,0.0,0,0.0,1.0,2
1,0,62,0.0,,8.0,40,2,48.0,1,11.0,31,30.0,2,2.0,1,0.0,0,0.0,1.0,2
0,1,62,0.0,,8.0,35,4,43.0,1,11.0,14,15.0,2,2.0,0,3.0,0,0.0,1.0,2
0,2,62,0.0,2.0,6.0,26,2,32.0,1,11.0,16,16.0,2,2.0,1,0.0,0,0.0,1.0,2
1,2,62,1.0,1.0,10.0,25,1,35.0,1,11.0,23,17.0,2,1.0,0,0.0,0,0.0,1.0,2
1,2,62,0.0,1.0,-4.0,34,2,30.0,1,11.0,17,16.0,1,2.0,1,2.0,0,0.0,1.0,2
1,3,62,,2.0,7.0,33,4,40.0,1,11.0,17,16.0,2,2.0,1,1.0,0,1.0,1.0,2
0,0,62,0.0,,-17.0,39,2,22.0,1,11.0,13,15.0,2,2.0,0,0.0,0,0.0,1.0,2
1,0,62,,2.0,6.0,30,2,36.0,1,11.0,27,17.0,2,2.0,2,0.0,1,0.0,1.0,2
1,3,996,0.0,1.0,29.0,39,2,68.0,1,82.0,19,14.0,2,2.0,0,0.0,0,0.0,2.0,2
0,1,176,0.0,0.0,9.0,31,2,40.0,3,62.0,21,15.0,5,2.0,1,2.0,0,0.0,1.0,1
0,2,193,0.0,0.0,2.0,27,2,29.0,3,41.0,26,20.0,4,2.0,2,0.0,0,0.0,1.0,1
0,2,202,0.0,2.0,,49,1,,3,,15,15.0,5,,2,0.0,0,,,1
0,0,176,0.0,,4.0,42,2,46.0,3,44.0,23,20.0,5,2.0,2,0.0,0,0.0,1.0,1
0,0,3,0.0,,,47,4,,3,,29,18.0,5,,1,0.0,0,,,1
0,0,216,0.0,,9.0,29,2,38.0,3,42.0,20,18.0,5,3.0,2,0.0,0,0.0,1.0,1
0,0,167,1.0,2.0,0.0,28,1,28.0,3,61.0,19,16.0,5,1.0,1,3.0,2,,1.0,1
0,2,202,0.0,0.0,11.0,26,1,37.0,3,62.0,24,19.0,5,3.0,3,3.0,1,0.0,1.0,1
0,0,101,0.0,,9.0,32,1,41.0,3,62.0,15,15.0,3,2.0,0,0.0,0,0.0,1.0,1
1,3,173,0.0,2.0,4.0,35,2,39.0,3,62.0,22,19.0,5,1.0,1,3.0,0,0.0,1.0,1
0,0,193,,,5.0,27,2,32.0,3,75.0,18,18.0,5,2.0,2,0.0,0,0.0,1.0,1
1,4,996,1.0,,10.0,24,4,34.0,8,11.0,17,16.0,5,2.0,1,2.0,0,0.0,1.0,2
1,3,173,0.0,2.0,16.0,43,2,59.0,8,24.0,18,17.0,4,1.0,2,3.0,2,2.0,2.0,2
0,0,173,1.0,,13.0,40,2,53.0,8,11.0,15,15.0,2,1.0,1,5.0,0,0.0,1.0,2
0,4,173,0.0,0.0,6.0,32,2,38.0,8,11.0,18,18.0,2,1.0,1,4.0,0,0.0,1.0,2
0,1,104,0.0,0.0,,45,2,,8,,21,12.0,3,,2,4.0,0,,,2
1,0,173,0.0,,5.0,42,2,47.0,8,72.0,24,20.0,1,1.0,1,3.0,0,0.0,1.0,2
0,4,168,1.0,0.0,15.0,28,2,43.0,8,42.0,21,20.0,3,3.0,2,1.0,0,0.0,2.0,2
0,0,173,0.0,0.0,4.0,38,2,42.0,8,73.0,20,19.0,2,1.0,1,0.0,0,0.0,2.0,2
0,3,173,0.0,0.0,5.0,35,2,40.0,8,11.0,19,18.0,4,1.0,1,2.0,0,0.0,1.0,2
0,0,996,0.0,,6.0,37,2,43.0,8,0.0,31,22.0,1,1.0,1,0.0,0,0.0,2.0,2
0,0,235,,1.0,8.0,28,3,36.0,6,21.0,24,16.0,5,3.0,2,0.0,1,0.0,1.0,1
1,3,216,0.0,0.0,,37,1,,6,,31,18.0,3,,2,0.0,0,,,1
0,1,169,0.0,,3.0,29,1,32.0,6,62.0,21,20.0,4,1.0,2,2.0,0,0.0,1.0,1
1,1,202,0.0,,8.0,23,2,31.0,6,33.0,19,20.0,4,2.0,3,2.0,2,0.0,1.0,1
0,0,216,0.0,0.0,,39,2,,6,,26,16.0,4,,3,0.0,0,,,1
0,0,996,0.0,,12.0,38,2,50.0,6,11.0,17,17.0,3,1.0,1,0.0,0,0.0,2.0,1
0,0,245,0.0,1.0,4.0,46,2,50.0,10,62.0,20,16.0,3,2.0,1,0.0,0,0.0,1.0,2
0,0,245,1.0,2.0,12.0,36,2,48.0,10,11.0,18,13.0,1,2.0,1,3.0,0,0.0,1.0,2
0,2,144,0.0,2.0,-2.0,35,3,33.0,10,66.0,30,19.0,1,1.0,2,1.0,0,0.0,1.0,2
0,2,236,0.0,,5.0,18,1,23.0,10,72.0,15,16.0,2,2.0,2,0.0,1,0.0,1.0,2
0,1,245,0.0,2.0,9.0,18,1,27.0,10,0.0,15,13.0,2,2.0,2,3.0,0,0.0,1.0,2
1,3,245,0.0,1.0,,38,2,,10,,23,18.0,3,,2,1.0,0,,,2
0,0,245,0.0,,5.0,25,2,30.0,10,66.0,22,20.0,2,1.0,1,0.0,0,0.0,1.0,2
1,0,202,1.0,1.0,20.0,46,7,66.0,9,0.0,22,18.0,2,2.0,1,0.0,3,2.0,2.0,2
0,3,179,0.0,,34.0,35,2,69.0,9,0.0,10,15.0,2,0.0,0,2.0,0,1.0,1.0,2
0,2,179,1.0,0.0,20.0,39,7,59.0,9,12.0,19,16.0,2,1.0,2,1.0,0,1.0,1.0,2
0,4,202,0.0,1.0,17.0,28,2,45.0,9,12.0,25,15.0,3,1.0,2,0.0,0,0.0,2.0,2
0,3,179,0.0,,5.0,48,2,53.0,9,42.0,28,17.0,2,2.0,2,1.0,0,2.0,2.0,2
0,0,174,0.0,0.0,,40,1,,9,,24,19.0,2,,2,0.0,0,,,2
0,0,202,0.0,0.0,19.0,26,2,45.0,9,12.0,21,22.0,2,0.0,1,4.0,1,0.0,1.0,2
0,0,18,0.0,,3.0,33,2,36.0,7,96.0,31,22.0,5,3.0,2,0.0,0,0.0,1.0,2
0,0,10,0.0,,30.0,25,4,55.0,7,11.0,15,17.0,3,0.0,0,0.0,0,1.0,1.0,2
0,1,14,0.0,,5.0,25,4,30.0,7,11.0,14,15.0,2,0.0,1,0.0,0,0.0,1.0,2
0,1,77,0.0,,7.0,30,4,37.0,7,66.0,17,15.0,2,0.0,0,0.0,0,0.0,1.0,2
0,1,77,0.0,,13.0,27,4,40.0,7,62.0,16,16.0,4,1.0,0,0.0,0,1.0,1.0,2
0,0,222,0.0,,12.0,18,4,30.0,7,62.0,15,16.0,3,1.0,0,0.0,0,0.0,1.0,2
0,0,4,0.0,,10.0,35,4,45.0,7,62.0,17,14.0,2,1.0,0,4.0,0,1.0,1.0,2
1,5,77,0.0,,16.0,31,4,47.0,7,82.0,13,14.0,3,2.0,2,0.0,0,1.0,2.0,2
0,0,77,0.0,,13.0,25,4,38.0,7,61.0,16,17.0,3,0.0,1,0.0,0,1.0,1.0,2
0,0,18,0.0,,10.0,27,2,37.0,7,21.0,17,17.0,3,3.0,1,2.0,0,1.0,1.0,2
0,0,8,0.0,,18.0,33,4,51.0,7,75.0,15,17.0,3,2.0,0,0.0,0,1.0,1.0,2
0,4,33,0.0,,10.0,30,1,40.0,7,11.0,20,17.0,1,0.0,1,0.0,0,0.0,1.0,2
0,1,101,0.0,,4.0,31,1,35.0,7,11.0,22,19.0,1,2.0,2,0.0,0,0.0,1.0,2
1,3,222,0.0,,1.0,29,4,30.0,7,66.0,15,16.0,1,0.0,0,0.0,0,0.0,1.0,2
1,5,3,0.0,,,30,4,,7,,19,22.0,3,,2,0.0,0,,,1
0,3,98,0.0,,,38,4,,7,,16,17.0,3,,1,5.0,0,,,1
1,2,236,1.0,0.0,7.0,33,1,40.0,7,61.0,27,13.0,5,3.0,3,0.0,0,0.0,1.0,1
0,0,3,0.0,,6.0,37,4,43.0,7,72.0,17,15.0,3,0.0,0,1.0,0,0.0,1.0,1
0,2,3,0.0,,5.0,34,4,39.0,7,44.0,18,16.0,5,0.0,0,0.0,0,0.0,1.0,1
0,0,261,0.0,,,28,2,,7,,18,16.0,4,,1,0.0,0,,,1
0,1,5,0.0,,10.0,18,4,28.0,7,66.0,15,15.0,3,1.0,0,0.0,0,0.0,1.0,1
1,4,4,0.0,,11.0,27,4,38.0,7,41.0,21,18.0,4,,2,0.0,2,0.0,1.0,1
0,1,3,0.0,,5.0,35,4,40.0,7,62.0,19,16.0,5,2.0,1,0.0,0,0.0,1.0,1
0,1,3,0.0,,9.0,41,4,50.0,7,62.0,16,14.0,4,0.0,0,4.0,0,0.0,1.0,1
1,4,256,0.0,0.0,2.0,36,3,38.0,4,66.0,25,14.0,4,2.0,2,1.0,1,0.0,1.0,1
0,0,256,0.0,,4.0,26,2,30.0,4,33.0,18,13.0,4,2.0,2,0.0,2,0.0,1.0,1
1,2,253,1.0,0.0,6.0,20,2,26.0,4,44.0,20,14.0,3,2.0,1,0.0,1,0.0,1.0,1
0,0,256,1.0,,3.0,18,1,21.0,4,62.0,16,16.0,3,2.0,2,0.0,0,0.0,1.0,1
1,3,256,1.0,1.0,2.0,25,1,27.0,4,62.0,15,14.0,4,,2,0.0,3,0.0,1.0,1
0,3,256,0.0,0.0,6.0,33,2,39.0,4,77.0,22,17.0,3,2.0,2,0.0,0,0.0,1.0,1
0,0,256,,,,48,2,,4,,29,16.0,4,,2,0.0,0,,,1
1,1,256,1.0,0.0,4.0,49,1,53.0,4,42.0,21,17.0,3,2.0,1,0.0,1,0.0,2.0,1
0,0,256,1.0,,2.0,24,2,26.0,4,72.0,13,13.0,3,2.0,2,0.0,0,0.0,1.0,1
1,1,256,1.0,1.0,9.0,26,1,35.0,4,72.0,16,12.0,4,2.0,2,1.0,0,0.0,1.0,1
0,0,235,1.0,0.0,2.0,45,1,47.0,4,33.0,32,18.0,4,2.0,2,0.0,1,0.0,2.0,1
0,0,235,0.0,,8.0,33,1,41.0,2,42.0,18,14.0,4,2.0,2,0.0,0,0.0,1.0,2
0,1,235,1.0,2.0,,22,1,,2,,11,,3,,1,3.0,0,,,2
1,5,244,1.0,2.0,20.0,39,3,59.0,2,82.0,16,15.0,3,2.0,2,0.0,1,0.0,1.0,2
1,2,235,0.0,0.0,8.0,46,1,54.0,2,11.0,24,17.0,2,1.0,1,2.0,0,0.0,1.0,2
1,3,235,1.0,1.0,,45,1,,2,,12,14.0,2,,1,0.0,0,,,2
0,0,236,1.0,,,48,1,,2,,19,16.0,2,,1,0.0,0,,,2
1,5,235,0.0,2.0,3.0,30,3,33.0,2,66.0,19,16.0,3,1.0,1,0.0,0,0.0,1.0,2
1,2,244,1.0,,11.0,49,1,60.0,2,11.0,16,14.0,3,1.0,1,0.0,0,0.0,1.0,2
0,0,235,1.0,,1.0,19,2,20.0,2,66.0,16,15.0,3,1.0,0,0.0,2,0.0,1.0,2
1,3,244,0.0,1.0,17.0,31,3,48.0,2,33.0,15,15.0,4,3.0,1,0.0,1,0.0,1.0,2
0,3,238,1.0,1.0,22.0,30,96,52.0,2,11.0,23,14.0,2,1.0,1,0.0,0,0.0,1.0,2
0,3,244,,2.0,6.0,20,1,26.0,2,11.0,20,17.0,3,2.0,2,1.0,1,0.0,1.0,2
0,2,202,1.0,0.0,1.0,30,2,31.0,9,66.0,24,18.0,4,2.0,2,3.0,1,0.0,1.0,2
0,0,202,0.0,2.0,35.0,39,2,74.0,9,11.0,20,17.0,3,1.0,1,0.0,0,0.0,1.0,2
0,0,202,0.0,1.0,6.0,36,2,42.0,9,71.0,18,15.0,2,1.0,1,0.0,0,0.0,1.0,2
0,4,202,0.0,2.0,4.0,27,1,31.0,9,73.0,25,18.0,2,2.0,2,0.0,1,0.0,1.0,2
1,2,202,0.0,2.0,,44,2,,9,,17,17.0,2,,1,0.0,0,,,2
0,1,202,0.0,1.0,,30,3,,9,,20,19.0,1,,1,0.0,0,,,2
1,2,202,0.0,0.0,2.0,34,2,36.0,9,66.0,24,18.0,2,1.0,1,0.0,1,0.0,1.0,2
0,0,202,1.0,0.0,11.0,25,2,36.0,9,44.0,22,22.0,5,3.0,2,0.0,0,0.0,1.0,2
1,4,202,0.0,2.0,7.0,36,2,43.0,9,62.0,21,21.0,3,1.0,2,3.0,1,0.0,1.0,2
0,0,202,0.0,1.0,20.0,47,2,67.0,9,31.0,20,17.0,3,3.0,2,2.0,0,4.0,2.0,2
0,0,33,0.0,,,47,4,,5,,16,16.0,3,,0,3.0,0,,,1
0,0,45,1.0,,,29,1,,5,,17,18.0,4,,2,0.0,0,,,1
0,0,33,0.0,,2.0,23,4,25.0,5,82.0,15,15.0,2,2.0,2,0.0,0,0.0,1.0,1
1,3,33,1.0,1.0,4.0,36,1,40.0,5,72.0,14,14.0,1,0.0,1,1.0,0,0.0,1.0,1
0,0,996,0.0,,,45,2,,5,,18,18.0,2,,0,5.0,0,,,1
0,5,45,0.0,,9.0,24,4,33.0,5,62.0,13,14.0,2,2.0,2,5.0,0,0.0,1.0,1
0,0,33,1.0,,9.0,49,1,58.0,5,11.0,14,14.0,2,0.0,0,0.0,0,0.0,1.0,1
1,2,33,0.0,,12.0,17,1,29.0,5,72.0,15,15.0,3,2.0,2,1.0,0,0.0,1.0,1
1,3,33,1.0,1.0,5.0,31,1,36.0,5,11.0,19,19.0,2,1.0,1,1.0,0,0.0,1.0,1
0,2,3,0.0,,6.0,29,4,35.0,5,81.0,23,12.0,4,0.0,0,0.0,0,3.0,2.0,1
0,0,61,0.0,,9.0,24,4,33.0,5,62.0,14,14.0,3,1.0,1,0.0,0,0.0,1.0,1
0,0,45,0.0,,4.0,35,2,39.0,5,11.0,21,20.0,4,2.0,2,2.0,0,0.0,1.0,1
0,1,33,0.0,,,41,1,,5,,20,15.0,2,,1,0.0,0,,,1
0,3,33,0.0,,7.0,26,4,33.0,5,72.0,16,17.0,3,0.0,2,5.0,0,0.0,1.0,1
0,2,33,0.0,2.0,6.0,26,1,32.0,5,62.0,16,15.0,2,1.0,2,0.0,0,0.0,1.0,1
0,0,33,0.0,,,48,1,,5,,17,15.0,2,,0,0.0,0,,,1
0,0,261,0.0,0.0,8.0,32,1,40.0,12,62.0,25,17.0,4,2.0,2,0.0,0,0.0,1.0,1
1,3,159,0.0,2.0,,30,1,,12,,20,18.0,4,,2,0.0,0,,,1
1,3,202,0.0,2.0,0.0,29,2,29.0,12,61.0,22,20.0,4,2.0,2,0.0,0,0.0,1.0,1
0,1,235,1.0,1.0,,24,1,,12,,16,16.0,3,,2,0.0,0,,,1
0,0,179,0.0,0.0,4.0,36,2,40.0,12,62.0,15,16.0,4,2.0,2,0.0,2,0.0,1.0,1
0,1,244,0.0,2.0,10.0,38,1,48.0,12,41.0,17,,4,2.0,2,4.0,2,0.0,1.0,1
0,0,202,1.0,2.0,14.0,48,1,62.0,12,72.0,23,17.0,4,2.0,2,1.0,1,1.0,1.0,1
1,4,176,0.0,1.0,10.0,20,4,30.0,12,62.0,12,14.0,5,2.0,1,1.0,0,0.0,1.0,1
0,0,235,0.0,,6.0,22,1,28.0,12,66.0,15,17.0,4,2.0,2,1.0,0,0.0,1.0,1
1,0,179,0.0,,-1.0,32,1,31.0,12,96.0,31,20.0,4,3.0,2,0.0,0,0.0,2.0,1
0,1,3,0.0,,0.0,30,4,30.0,1,12.0,14,14.0,1,0.0,0,0.0,0,1.0,1.0,2
0,0,3,0.0,,18.0,30,4,48.0,1,11.0,19,18.0,2,0.0,0,0.0,0,1.0,1.0,2
0,0,87,0.0,,6.0,46,2,52.0,1,11.0,28,29.0,2,1.0,1,0.0,0,0.0,1.0,2
0,0,3,0.0,,27.0,20,4,47.0,1,11.0,15,15.0,1,0.0,0,0.0,0,1.0,1.0,2
0,0,174,0.0,,20.0,25,2,45.0,1,11.0,15,15.0,1,1.0,1,0.0,0,0.0,1.0,2
1,5,174,0.0,2.0,,20,2,,1,,13,13.0,3,,2,0.0,0,,,2
0,2,3,0.0,,11.0,23,4,34.0,1,62.0,18,18.0,2,0.0,0,2.0,0,0.0,1.0,2
0,0,174,0.0,1.0,5.0,49,1,54.0,1,11.0,31,16.0,2,0.0,0,1.0,0,0.0,1.0,2
1,5,248,1.0,1.0,8.0,42,2,50.0,10,11.0,15,15.0,3,1.0,2,3.0,1,0.0,1.0,2
0,3,248,0.0,2.0,13.0,22,2,35.0,10,11.0,20,16.0,3,2.0,2,1.0,0,0.0,1.0,2
1,3,248,,2.0,5.0,25,2,30.0,10,62.0,16,13.0,3,2.0,2,3.0,0,0.0,1.0,2
0,1,248,0.0,2.0,,42,1,,10,,22,16.0,3,,2,2.0,0,,,2
0,0,248,0.0,,3.0,20,2,23.0,10,66.0,12,14.0,3,2.0,2,0.0,0,0.0,1.0,2
1,5,236,1.0,2.0,8.0,46,2,54.0,10,11.0,30,17.0,2,1.0,1,1.0,2,0.0,1.0,2
0,2,248,1.0,2.0,17.0,47,2,64.0,10,11.0,14,13.0,3,2.0,2,3.0,2,0.0,1.0,2
0,3,248,0.0,2.0,14.0,40,2,54.0,10,11.0,38,16.0,3,2.0,2,0.0,0,0.0,1.0,2
0,1,248,,2.0,5.0,45,2,50.0,10,11.0,21,16.0,2,2.0,1,4.0,0,0.0,1.0,2
1,5,248,1.0,2.0,7.0,25,2,32.0,10,66.0,13,12.0,2,1.0,1,0.0,0,0.0,1.0,2
0,0,245,0.0,,2.0,36,2,38.0,10,62.0,22,15.0,3,1.0,1,0.0,0,0.0,1.0,2
0,0,47,0.0,,33.0,34,4,67.0,7,11.0,19,13.0,4,1.0,1,0.0,0,1.0,1.0,1
0,0,14,0.0,,0.0,37,4,37.0,7,43.0,14,15.0,5,2.0,0,1.0,0,1.0,1.0,1
0,0,14,0.0,,,40,4,,7,,15,16.0,5,,1,0.0,0,,,1
0,0,996,0.0,,21.0,45,4,66.0,7,73.0,14,14.0,4,1.0,0,0.0,0,0.0,1.0,1
0,0,14,0.0,,11.0,49,4,60.0,7,11.0,17,17.0,3,1.0,0,0.0,0,0.0,1.0,1
0,1,3,0.0,,,18,4,,7,,16,17.0,3,,1,0.0,0,,,1
0,1,18,0.0,,14.0,18,4,32.0,7,21.0,15,16.0,3,2.0,0,0.0,0,2.0,1.0,1
0,0,14,0.0,,28.0,20,4,48.0,7,11.0,17,18.0,3,1.0,2,0.0,0,1.0,1.0,1
0,0,77,0.0,,12.0,35,4,47.0,7,11.0,18,18.0,3,0.0,0,0.0,0,0.0,1.0,1
1,4,101,0.0,,7.0,41,4,48.0,7,0.0,17,16.0,3,1.0,1,0.0,0,1.0,2.0,1
0,4,98,0.0,,,22,4,,7,,19,19.0,3,,1,3.0,0,,,1
0,1,95,0.0,,,28,4,,7,,17,18.0,4,,2,1.0,0,,,1
0,0,55,0.0,,,49,2,,7,,16,16.0,4,,2,3.0,0,,,1
0,1,216,0.0,,9.0,25,1,34.0,11,72.0,15,17.0,4,2.0,1,0.0,0,0.0,1.0,1
0,1,158,0.0,2.0,5.0,29,1,34.0,11,62.0,18,18.0,5,2.0,2,0.0,1,0.0,1.0,1
0,1,203,,,10.0,40,2,50.0,11,72.0,16,,5,1.0,1,0.0,0,0.0,1.0,1
0,4,149,0.0,,6.0,24,2,30.0,11,54.0,19,17.0,4,2.0,2,0.0,3,0.0,2.0,1
0,0,203,0.0,,8.0,22,2,30.0,11,72.0,19,20.0,3,1.0,1,5.0,0,0.0,1.0,1
1,1,146,1.0,0.0,13.0,25,2,38.0,11,42.0,22,13.0,4,2.0,2,0.0,0,0.0,2.0,1
0,2,195,0.0,,3.0,26,2,29.0,11,72.0,23,17.0,4,2.0,2,2.0,1,0.0,1.0,1
0,0,167,0.0,,10.0,40,2,50.0,11,11.0,12,18.0,4,2.0,2,5.0,0,0.0,1.0,1
1,1,195,1.0,2.0,12.0,30,1,42.0,11,62.0,23,21.0,4,2.0,2,0.0,0,0.0,2.0,1
1,1,107,0.0,,3.0,40,3,43.0,11,62.0,23,16.0,3,1.0,1,0.0,0,0.0,1.0,1
1,4,202,0.0,,10.0,30,1,40.0,11,72.0,20,15.0,3,1.0,2,5.0,0,0.0,1.0,1
1,4,996,1.0,2.0,25.0,45,1,70.0,11,0.0,17,,3,1.0,2,4.0,3,0.0,1.0,1
1,3,229,1.0,0.0,7.0,23,2,30.0,3,96.0,19,17.0,4,,1,1.0,0,0.0,1.0,1
0,4,180,0.0,2.0,8.0,37,1,45.0,3,96.0,23,18.0,4,2.0,2,3.0,0,0.0,1.0,1
0,4,244,0.0,0.0,9.0,26,1,35.0,3,66.0,20,19.0,4,1.0,2,0.0,0,0.0,1.0,1
0,2,202,0.0,0.0,14.0,33,2,47.0,3,72.0,27,17.0,4,1.0,2,1.0,0,0.0,1.0,1
0,2,202,1.0,0.0,7.0,24,1,31.0,3,72.0,17,16.0,5,1.0,2,0.0,0,0.0,1.0,1
0,3,179,0.0,2.0,,40,1,,3,,25,17.0,5,,2,0.0,0,,,1
0,2,202,0.0,,3.0,24,1,27.0,3,73.0,16,14.0,4,2.0,2,0.0,0,0.0,1.0,1
1,5,202,0.0,0.0,3.0,40,1,43.0,3,62.0,22,20.0,4,2.0,2,1.0,2,0.0,1.0,1
1,2,155,0.0,0.0,14.0,29,2,43.0,3,66.0,22,18.0,4,1.0,2,0.0,0,0.0,1.0,1
0,0,202,0.0,0.0,30.0,32,1,62.0,3,11.0,28,21.0,5,3.0,2,1.0,0,0.0,1.0,1
1,4,202,0.0,1.0,10.0,39,1,49.0,3,33.0,16,18.0,5,3.0,2,0.0,2,,1.0,1
1,0,232,,1.0,8.0,24,2,32.0,3,72.0,18,18.0,5,2.0,3,0.0,0,0.0,2.0,1
1,0,179,0.0,2.0,14.0,28,1,42.0,3,62.0,16,14.0,3,2.0,1,0.0,0,0.0,1.0,1
0,0,202,0.0,2.0,7.0,43,2,50.0,9,11.0,22,18.0,3,1.0,2,1.0,3,0.0,2.0,2
0,0,202,,1.0,11.0,36,2,47.0,9,72.0,17,16.0,3,1.0,1,0.0,0,0.0,1.0,2
0,0,202,0.0,2.0,5.0,49,1,54.0,9,21.0,15,16.0,5,3.0,3,0.0,0,0.0,1.0,2
0,1,202,0.0,2.0,2.0,25,2,27.0,9,66.0,19,18.0,4,1.0,2,0.0,1,0.0,1.0,2
0,1,202,0.0,2.0,3.0,46,1,49.0,9,62.0,16,16.0,2,2.0,1,0.0,1,0.0,1.0,2
1,3,202,0.0,,,30,1,,9,,22,16.0,2,,1,1.0,0,,,2
0,1,202,0.0,1.0,46.0,47,2,93.0,9,32.0,15,16.0,4,0.0,2,1.0,0,2.0,1.0,2
0,0,202,0.0,2.0,8.0,37,7,45.0,9,62.0,21,20.0,2,2.0,1,0.0,0,0.0,1.0,2
1,3,202,1.0,1.0,2.0,39,1,41.0,9,61.0,36,18.0,2,1.0,1,0.0,1,0.0,1.0,2
0,0,202,0.0,2.0,9.0,41,1,50.0,9,66.0,18,19.0,5,2.0,2,0.0,0,1.0,1.0,2
0,2,173,0.0,,7.0,17,2,24.0,8,75.0,16,16.0,3,2.0,2,5.0,0,0.0,2.0,2
0,3,173,0.0,0.0,,40,2,,8,,18,15.0,2,,1,4.0,0,,,2
0,0,173,0.0,0.0,10.0,32,2,42.0,8,66.0,17,17.0,4,1.0,1,0.0,0,0.0,1.0,2
0,3,254,0.0,0.0,12.0,16,2,28.0,8,72.0,14,,1,2.0,2,3.0,0,0.0,1.0,2
0,1,173,0.0,0.0,12.0,28,2,40.0,8,11.0,17,12.0,2,1.0,1,4.0,0,0.0,1.0,2
0,1,173,0.0,,17.0,40,2,57.0,8,11.0,30,25.0,1,1.0,1,0.0,0,0.0,1.0,2
0,1,173,,0.0,8.0,40,2,48.0,8,72.0,19,16.0,2,2.0,2,2.0,1,0.0,2.0,2
0,1,173,1.0,,14.0,31,2,45.0,8,72.0,22,18.0,2,1.0,1,4.0,0,0.0,2.0,2
1,3,173,1.0,2.0,9.0,21,2,30.0,8,72.0,19,15.0,2,1.0,2,2.0,0,0.0,1.0,2
0,3,173,0.0,0.0,,40,2,,8,,15,,2,,1,5.0,0,,,2
0,3,173,1.0,2.0,7.0,21,2,28.0,8,73.0,17,16.0,4,2.0,2,3.0,1,0.0,1.0,2
0,1,173,0.0,2.0,3.0,29,2,32.0,8,11.0,19,20.0,2,1.0,1,2.0,1,0.0,2.0,2
0,0,173,0.0,1.0,5.0,43,2,48.0,8,71.0,17,18.0,3,1.0,1,0.0,0,0.0,1.0,2
0,1,173,1.0,2.0,,41,2,,8,,15,16.0,2,,2,2.0,0,,,2
0,1,173,0.0,,6.0,44,2,50.0,8,42.0,25,,2,,1,5.0,3,1.0,2.0,2
0,0,78,0.0,,2.0,24,3,26.0,8,66.0,17,16.0,3,1.0,1,3.0,0,0.0,1.0,2
0,0,166,,,25.0,39,2,64.0,8,11.0,24,17.0,3,0.0,2,2.0,1,0.0,1.0,2
1,3,996,1.0,2.0,,46,2,,8,,17,16.0,2,,1,0.0,0,,,2
1,2,996,0.0,,,41,2,,8,,20,18.0,3,,1,3.0,0,,,2
0,3,996,0.0,0.0,7.0,24,2,31.0,8,96.0,21,18.0,2,3.0,3,0.0,2,0.0,1.0,2
0,0,166,0.0,,10.0,28,3,38.0,8,62.0,16,16.0,3,3.0,2,1.0,0,0.0,2.0,2
0,4,144,0.0,,6.0,20,4,26.0,9,11.0,16,15.0,3,3.0,2,0.0,0,0.0,2.0,1
0,1,202,1.0,,7.0,20,1,27.0,9,73.0,18,15.0,4,2.0,1,2.0,0,0.0,1.0,1
0,1,176,0.0,,2.0,48,4,50.0,9,62.0,23,14.0,4,2.0,1,1.0,0,0.0,1.0,1
0,2,202,0.0,,3.0,30,1,33.0,9,33.0,24,16.0,4,3.0,3,0.0,0,0.0,2.0,1
0,2,176,0.0,,11.0,26,4,37.0,9,11.0,14,14.0,4,1.0,2,0.0,0,0.0,1.0,1
0,4,176,0.0,,,38,4,,9,,19,17.0,4,,1,4.0,0,,,1
1,2,176,0.0,1.0,0.0,48,4,48.0,9,11.0,13,15.0,3,1.0,1,5.0,0,1.0,1.0,1
0,0,202,0.0,,3.0,26,2,29.0,9,73.0,20,16.0,3,1.0,1,0.0,0,0.0,2.0,1
1,1,176,0.0,2.0,11.0,24,2,35.0,9,51.0,16,16.0,3,2.0,2,0.0,0,0.0,1.0,1
1,2,176,0.0,,12.0,38,4,50.0,9,11.0,31,15.0,3,1.0,1,0.0,1,0.0,1.0,1
0,3,176,0.0,,2.0,28,2,30.0,9,96.0,20,20.0,3,2.0,2,1.0,0,0.0,1.0,1
1,4,144,0.0,1.0,8.0,26,1,34.0,9,11.0,22,15.0,3,2.0,2,4.0,0,0.0,2.0,1
1,5,202,,2.0,9.0,44,1,53.0,9,42.0,20,13.0,4,2.0,2,0.0,0,0.0,1.0,1
0,1,3,0.0,,7.0,33,4,40.0,5,62.0,14,,5,2.0,1,0.0,0,0.0,1.0,1
1,0,5,0.0,,,22,4,,5,,14,15.0,3,,0,0.0,0,,,1
0,3,3,0.0,,5.0,40,4,45.0,5,21.0,11,,4,1.0,1,0.0,1,2.0,1.0,1
0,3,18,0.0,2.0,12.0,31,1,43.0,5,96.0,27,25.0,5,3.0,3,0.0,1,0.0,1.0,1
1,0,4,0.0,,15.0,18,4,33.0,5,62.0,15,15.0,4,1.0,2,0.0,0,1.0,1.0,1
0,1,3,0.0,,,40,4,,5,,18,17.0,4,,2,0.0,0,,,1
0,0,199,0.0,,20.0,37,2,57.0,5,62.0,16,14.0,5,2.0,2,0.0,3,0.0,2.0,1
0,0,3,0.0,,20.0,45,4,65.0,5,11.0,14,,3,0.0,0,0.0,1,1.0,1.0,1
0,4,31,0.0,,13.0,17,4,30.0,5,66.0,16,16.0,4,1.0,1,0.0,0,0.0,1.0,1
0,3,3,0.0,,6.0,31,4,37.0,5,62.0,16,16.0,4,2.0,0,5.0,0,0.0,1.0,1
1,5,5,0.0,,,30,4,,5,,16,13.0,3,,0,1.0,0,,,1
1,4,3,0.0,,,45,4,,5,,12,12.0,3,,0,5.0,0,,,1
0,0,248,1.0,0.0,13.0,29,2,42.0,10,11.0,15,14.0,2,1.0,1,4.0,0,1.0,1.0,2
0,5,248,1.0,2.0,,18,2,,10,,11,14.0,3,,2,0.0,0,,,2
0,1,248,0.0,1.0,8.0,42,2,50.0,10,11.0,17,,3,2.0,2,0.0,1,0.0,1.0,2
0,0,248,0.0,1.0,3.0,31,2,34.0,10,11.0,25,14.0,2,0.0,2,2.0,0,0.0,2.0,2
1,3,248,0.0,1.0,7.0,38,2,45.0,10,11.0,17,,2,2.0,2,0.0,2,0.0,1.0,2
0,3,248,1.0,2.0,4.0,27,2,31.0,10,73.0,22,18.0,3,3.0,3,0.0,0,0.0,1.0,2
0,0,248,0.0,,3.0,25,1,28.0,10,81.0,13,15.0,3,2.0,2,0.0,0,0.0,1.0,2
1,5,248,1.0,1.0,8.0,24,2,32.0,10,11.0,22,19.0,3,2.0,2,0.0,0,0.0,2.0,2
0,0,248,0.0,,6.0,36,1,42.0,10,62.0,20,16.0,4,2.0,1,0.0,0,0.0,1.0,2
1,2,232,0.0,2.0,5.0,37,2,42.0,12,41.0,18,16.0,5,2.0,2,0.0,2,,1.0,1
1,1,202,0.0,2.0,,40,1,,12,,18,18.0,4,,1,0.0,0,,,1
0,0,101,,,6.0,19,4,25.0,12,66.0,12,13.0,4,,0,0.0,0,0.0,1.0,1
1,3,202,1.0,2.0,,38,1,,12,,16,17.0,4,,2,0.0,0,,,1
0,4,190,0.0,,6.0,22,4,28.0,12,66.0,21,18.0,5,2.0,2,0.0,0,0.0,1.0,1
1,4,236,0.0,2.0,3.0,27,1,30.0,12,72.0,10,,4,0.0,1,1.0,3,0.0,1.0,1
0,2,244,0.0,1.0,4.0,32,1,36.0,12,21.0,22,18.0,5,3.0,2,0.0,0,0.0,2.0,1
0,1,232,1.0,0.0,,33,2,,12,,20,20.0,4,,2,0.0,0,,,1
0,3,245,1.0,1.0,9.0,29,2,38.0,12,33.0,23,21.0,5,3.0,2,0.0,0,0.0,1.0,1
0,3,236,0.0,2.0,12.0,40,3,52.0,12,82.0,20,15.0,4,2.0,2,0.0,2,0.0,1.0,1
0,0,232,0.0,,6.0,47,1,53.0,12,82.0,18,15.0,5,2.0,2,0.0,0,0.0,1.0,1
0,1,47,0.0,2.0,11.0,20,1,31.0,1,54.0,14,15.0,3,2.0,1,1.0,0,0.0,1.0,2
0,1,47,0.0,2.0,5.0,25,1,30.0,7,11.0,16,14.0,1,2.0,0,0.0,0,0.0,1.0,2
0,1,101,0.0,2.0,8.0,16,1,24.0,7,11.0,15,15.0,1,2.0,1,0.0,0,0.0,1.0,2
1,0,47,0.0,,12.0,28,4,40.0,7,11.0,14,15.0,1,0.0,1,0.0,0,0.0,2.0,2
0,2,4,0.0,,,43,4,,7,,18,18.0,1,,0,1.0,0,,,2
0,2,101,1.0,2.0,11.0,42,1,53.0,7,11.0,14,15.0,1,1.0,0,0.0,0,0.0,1.0,2
0,1,101,1.0,2.0,31.0,36,1,67.0,7,11.0,15,16.0,1,1.0,0,0.0,0,1.0,1.0,2
1,5,47,0.0,1.0,12.0,28,1,40.0,7,11.0,15,14.0,1,0.0,1,0.0,0,0.0,1.0,2
1,1,101,0.0,1.0,9.0,24,2,33.0,7,11.0,18,19.0,1,1.0,1,0.0,0,0.0,1.0,2
1,0,101,0.0,2.0,15.0,42,2,57.0,7,11.0,24,23.0,1,1.0,0,0.0,0,1.0,2.0,2
0,1,47,1.0,,27.0,18,4,45.0,7,11.0,14,13.0,1,0.0,1,0.0,0,2.0,1.0,2
0,0,47,0.0,1.0,,37,3,,7,,13,14.0,1,,0,0.0,0,,,2
0,1,101,0.0,2.0,18.0,35,2,53.0,7,11.0,16,15.0,1,1.0,1,3.0,0,0.0,1.0,2
1,5,101,1.0,1.0,27.0,28,1,55.0,7,11.0,16,15.0,1,0.0,0,0.0,0,1.0,1.0,2
0,3,138,0.0,2.0,2.0,38,1,40.0,11,31.0,22,19.0,4,2.0,2,0.0,0,0.0,1.0,1
0,3,225,1.0,2.0,6.0,24,1,30.0,2,11.0,23,18.0,3,2.0,2,0.0,0,0.0,1.0,2
1,4,238,0.0,2.0,16.0,27,1,43.0,2,66.0,15,15.0,2,1.0,2,0.0,2,0.0,1.0,2
1,2,238,0.0,2.0,12.0,22,1,34.0,2,11.0,14,15.0,2,2.0,2,3.0,1,0.0,1.0,2
1,0,235,1.0,2.0,7.0,43,1,50.0,2,11.0,17,18.0,5,2.0,2,2.0,0,0.0,1.0,2
0,0,235,0.0,1.0,0.0,42,1,42.0,2,11.0,18,17.0,3,1.0,1,5.0,1,0.0,1.0,2
0,1,235,1.0,1.0,1.0,18,1,19.0,2,0.0,16,16.0,2,2.0,2,0.0,0,0.0,2.0,2
1,4,235,1.0,,5.0,28,1,33.0,2,11.0,13,12.0,2,3.0,2,5.0,0,,1.0,2
1,0,235,0.0,1.0,15.0,38,1,53.0,2,11.0,19,16.0,4,1.0,1,2.0,0,0.0,1.0,2
0,2,199,1.0,1.0,2.0,23,2,25.0,2,73.0,20,17.0,4,2.0,2,0.0,0,0.0,1.0,2
1,5,205,1.0,,,47,2,,10,,33,16.0,5,,2,0.0,0,,,1
0,2,232,0.0,2.0,4.0,28,2,32.0,10,43.0,24,14.0,5,3.0,2,0.0,0,0.0,1.0,1
1,4,256,0.0,1.0,13.0,34,3,47.0,10,62.0,18,15.0,5,2.0,2,0.0,0,,1.0,1
0,0,202,0.0,,6.0,49,1,55.0,10,33.0,23,16.0,5,2.0,2,0.0,0,0.0,1.0,1
1,2,179,0.0,1.0,7.0,25,1,32.0,10,33.0,16,16.0,3,3.0,2,0.0,0,0.0,1.0,1
1,3,155,0.0,2.0,5.0,27,3,32.0,10,62.0,23,18.0,4,3.0,2,0.0,0,0.0,1.0,1
1,1,202,1.0,,4.0,37,1,41.0,10,62.0,22,15.0,5,1.0,2,0.0,0,0.0,1.0,1
0,0,202,0.0,1.0,9.0,23,2,32.0,10,62.0,18,16.0,4,2.0,2,0.0,1,0.0,1.0,1
1,3,245,,2.0,10.0,32,1,42.0,10,31.0,16,16.0,5,2.0,2,1.0,0,0.0,1.0,1
0,0,232,0.0,,,23,1,,10,,13,18.0,5,,2,0.0,0,,,1
1,5,232,,2.0,,36,2,,10,,25,18.0,5,,2,1.0,0,,,1
0,0,996,0.0,,7.0,28,1,35.0,10,62.0,22,19.0,5,2.0,2,0.0,0,0.0,1.0,1
0,2,232,0.0,2.0,7.0,23,2,30.0,10,75.0,21,14.0,5,3.0,2,0.0,0,0.0,2.0,1
0,1,98,0.0,1.0,0.0,32,1,32.0,12,96.0,30,22.0,5,3.0,3,0.0,1,0.0,1.0,1
1,3,232,0.0,,3.0,20,1,23.0,12,42.0,20,18.0,4,3.0,2,0.0,1,0.0,1.0,1
1,3,101,0.0,2.0,5.0,32,2,37.0,12,72.0,18,18.0,4,2.0,1,0.0,0,0.0,1.0,1
0,0,996,0.0,,14.0,21,7,35.0,12,43.0,18,17.0,4,2.0,1,1.0,0,0.0,1.0,1
0,0,144,1.0,0.0,15.0,27,2,42.0,12,62.0,21,,4,2.0,2,0.0,0,0.0,1.0,1
0,3,202,0.0,,14.0,19,1,33.0,12,62.0,19,18.0,4,,2,5.0,0,0.0,1.0,1
0,0,202,0.0,,7.0,23,1,30.0,12,76.0,17,17.0,4,1.0,2,0.0,0,0.0,1.0,1
0,1,202,0.0,2.0,,35,2,,12,,15,16.0,5,,2,0.0,0,,,1
0,3,155,1.0,,10.0,29,2,39.0,12,62.0,19,15.0,4,2.0,3,0.0,0,0.0,2.0,1
0,1,166,0.0,0.0,8.0,26,1,34.0,12,62.0,24,24.0,5,3.0,3,0.0,0,0.0,2.0,1
1,1,31,,,11.0,38,4,49.0,7,11.0,13,14.0,2,1.0,0,1.0,0,2.0,1.0,2
0,3,62,1.0,1.0,-2.0,24,4,22.0,7,11.0,16,16.0,1,2.0,1,0.0,0,0.0,1.0,2
0,0,62,0.0,,16.0,22,4,38.0,7,66.0,19,16.0,4,1.0,1,0.0,0,1.0,1.0,2
0,0,62,0.0,,,32,4,,7,,11,16.0,1,,1,0.0,0,,,2
0,1,47,1.0,,18.0,27,2,45.0,7,21.0,26,15.0,2,2.0,2,5.0,0,1.0,1.0,2
0,1,62,0.0,,12.0,19,4,31.0,7,11.0,17,16.0,2,1.0,2,0.0,0,1.0,1.0,2
1,0,62,0.0,,34.0,30,4,64.0,7,11.0,14,14.0,1,0.0,1,0.0,0,0.0,1.0,2
0,1,62,0.0,1.0,9.0,37,4,46.0,7,82.0,22,18.0,2,1.0,1,0.0,0,0.0,1.0,2
0,0,62,0.0,,,42,2,,7,,34,20.0,1,,1,0.0,0,,,2
1,0,62,0.0,,6.0,37,4,43.0,7,62.0,15,15.0,2,2.0,1,0.0,0,1.0,1.0,2
0,4,245,1.0,,13.0,19,1,32.0,10,82.0,17,15.0,4,2.0,2,1.0,0,0.0,1.0,1
0,0,4,0.0,,9.0,36,4,45.0,10,62.0,20,14.0,4,1.0,1,0.0,0,0.0,1.0,1
0,4,245,0.0,2.0,4.0,26,1,30.0,10,66.0,22,17.0,3,1.0,1,0.0,0,0.0,1.0,1
0,0,245,0.0,,0.0,38,1,38.0,10,66.0,20,16.0,3,2.0,1,0.0,0,0.0,1.0,1
1,2,245,0.0,2.0,9.0,21,2,30.0,10,75.0,18,17.0,4,2.0,2,1.0,0,0.0,1.0,1
1,2,245,1.0,2.0,12.0,33,2,45.0,10,42.0,16,14.0,3,2.0,1,2.0,0,0.0,1.0,1
0,3,176,,,9.0,34,4,43.0,3,62.0,17,17.0,5,2.0,1,2.0,0,0.0,1.0,1
0,0,3,0.0,,7.0,31,4,38.0,3,62.0,21,21.0,5,2.0,1,0.0,0,0.0,1.0,1
0,0,262,0.0,,11.0,44,4,55.0,3,33.0,17,17.0,5,2.0,2,3.0,0,0.0,1.0,1
0,0,996,0.0,,11.0,36,4,47.0,3,62.0,18,20.0,4,2.0,1,0.0,0,0.0,1.0,1
0,0,3,0.0,,12.0,26,4,38.0,3,62.0,21,18.0,4,0.0,0,0.0,0,0.0,1.0,1
0,0,176,0.0,,5.0,41,4,46.0,3,62.0,13,15.0,5,2.0,1,0.0,0,1.0,2.0,1
1,5,176,0.0,1.0,,45,4,,3,,19,20.0,4,,1,0.0,0,,,1
0,1,179,0.0,,4.0,29,1,33.0,9,72.0,26,18.0,4,2.0,2,0.0,0,0.0,1.0,1
0,4,202,1.0,0.0,4.0,28,2,32.0,9,72.0,18,18.0,3,1.0,1,0.0,1,0.0,1.0,1
0,2,189,1.0,1.0,4.0,30,1,34.0,9,41.0,24,20.0,5,2.0,1,0.0,0,0.0,1.0,1
0,3,198,,2.0,8.0,47,1,55.0,9,42.0,45,16.0,4,2.0,2,0.0,2,,1.0,1
0,0,180,1.0,0.0,13.0,35,1,48.0,9,78.0,19,15.0,3,2.0,2,0.0,1,0.0,1.0,1
0,1,202,0.0,1.0,0.0,33,2,33.0,9,62.0,31,29.0,4,1.0,1,3.0,0,0.0,1.0,1
0,1,179,0.0,,0.0,30,1,30.0,9,73.0,24,20.0,3,1.0,2,1.0,1,0.0,1.0,1
0,3,189,0.0,,4.0,31,2,35.0,9,62.0,19,16.0,3,2.0,2,0.0,0,0.0,1.0,1
0,2,179,0.0,,6.0,27,2,33.0,9,62.0,21,22.0,5,2.0,2,0.0,0,0.0,1.0,1
0,1,176,0.0,,4.0,22,4,26.0,9,66.0,15,15.0,3,2.0,1,2.0,0,1.0,1.0,1
0,1,176,1.0,,-5.0,39,1,34.0,9,66.0,16,18.0,2,1.0,1,1.0,0,0.0,1.0,1
0,3,176,0.0,,6.0,24,4,30.0,9,66.0,16,15.0,3,2.0,1,1.0,0,0.0,2.0,1
0,2,176,0.0,,26.0,26,4,52.0,9,11.0,14,15.0,4,1.0,1,4.0,0,2.0,1.0,1
1,0,176,0.0,,,30,4,,9,,18,18.0,3,,1,3.0,0,,,1
1,1,176,0.0,,5.0,16,4,21.0,9,72.0,15,14.0,3,2.0,2,0.0,0,0.0,1.0,1
0,2,176,1.0,,20.0,22,4,42.0,9,11.0,14,15.0,3,1.0,2,1.0,0,1.0,1.0,1
0,1,176,0.0,,25.0,42,4,67.0,9,11.0,17,17.0,4,,1,5.0,0,4.0,1.0,1
1,2,176,0.0,,17.0,48,4,65.0,9,96.0,25,15.0,4,2.0,1,2.0,0,1.0,1.0,1
1,0,176,0.0,,7.0,28,4,35.0,9,11.0,17,18.0,3,1.0,1,3.0,0,0.0,1.0,1
0,0,144,0.0,2.0,6.0,49,2,55.0,9,11.0,19,18.0,3,2.0,0,0.0,3,0.0,1.0,1
1,1,176,0.0,,13.0,37,4,50.0,9,33.0,18,19.0,3,3.0,2,0.0,0,0.0,1.0,1
1,1,176,0.0,,8.0,22,4,30.0,9,11.0,14,12.0,4,0.0,1,0.0,0,0.0,1.0,1
1,5,176,1.0,,15.0,21,4,36.0,9,62.0,13,14.0,5,2.0,2,4.0,0,3.0,2.0,1
1,3,176,1.0,,4.0,23,4,27.0,9,31.0,15,15.0,4,2.0,2,3.0,0,1.0,1.0,1
0,3,176,0.0,,0.0,40,4,40.0,9,66.0,14,15.0,4,2.0,1,5.0,0,1.0,1.0,1
1,2,176,0.0,,7.0,22,4,29.0,9,62.0,18,17.0,2,2.0,2,4.0,0,1.0,2.0,1
0,2,176,0.0,,5.0,21,4,26.0,9,66.0,20,19.0,4,2.0,1,1.0,0,0.0,2.0,1
1,1,202,1.0,2.0,14.0,25,2,39.0,12,41.0,24,17.0,5,2.0,2,0.0,0,0.0,1.0,1
0,0,62,0.0,2.0,19.0,19,4,38.0,12,66.0,15,16.0,4,1.0,1,0.0,0,,1.0,1
1,3,3,0.0,,18.0,20,4,38.0,12,62.0,18,18.0,4,,1,0.0,0,0.0,1.0,1
0,2,219,,,7.0,22,1,29.0,12,72.0,16,16.0,4,2.0,2,0.0,0,0.0,1.0,1
1,4,236,1.0,1.0,3.0,26,1,29.0,12,43.0,23,18.0,5,3.0,2,0.0,0,0.0,1.0,1
0,2,18,0.0,,8.0,28,2,36.0,12,82.0,23,20.0,5,2.0,2,1.0,0,0.0,1.0,1
0,0,167,0.0,2.0,7.0,24,1,31.0,8,66.0,18,15.0,3,2.0,1,0.0,0,0.0,1.0,1
0,0,167,0.0,,-5.0,47,2,42.0,8,62.0,20,19.0,3,1.0,1,0.0,0,0.0,1.0,1
0,2,167,0.0,0.0,,28,1,,8,,21,17.0,3,,2,2.0,0,,,1
0,2,173,1.0,0.0,7.0,27,1,34.0,8,66.0,20,18.0,4,2.0,2,1.0,0,0.0,1.0,1
0,2,167,0.0,0.0,,18,2,,8,,17,16.0,4,,1,3.0,0,,,1
0,0,218,1.0,,6.0,40,2,46.0,8,44.0,13,15.0,4,2.0,1,0.0,0,0.0,1.0,1
0,2,88,0.0,1.0,,38,2,,8,,28,25.0,3,,2,0.0,0,,,1
1,2,167,0.0,0.0,,40,1,,8,,22,17.0,4,,2,2.0,0,,,1
1,5,167,0.0,0.0,4.0,30,1,34.0,8,11.0,25,20.0,4,1.0,2,0.0,1,0.0,1.0,1
0,1,173,0.0,0.0,4.0,28,2,32.0,8,33.0,26,25.0,4,2.0,2,0.0,0,0.0,1.0,1
1,2,167,0.0,2.0,,44,1,,8,,16,16.0,4,,2,0.0,0,,,1
1,4,167,0.0,0.0,17.0,28,1,45.0,8,78.0,22,12.0,3,1.0,1,4.0,1,0.0,1.0,1
1,5,167,0.0,2.0,6.0,37,1,43.0,8,73.0,19,17.0,3,2.0,1,0.0,1,,2.0,1
0,1,996,0.0,1.0,0.0,28,1,28.0,8,73.0,28,17.0,4,1.0,1,0.0,0,0.0,1.0,1
0,0,167,1.0,,2.0,40,1,42.0,8,61.0,21,17.0,4,1.0,2,0.0,0,0.0,1.0,1
0,3,167,1.0,0.0,4.0,28,1,32.0,8,73.0,20,13.0,3,1.0,2,4.0,0,0.0,1.0,1
0,4,155,0.0,0.0,11.0,29,3,40.0,6,77.0,22,17.0,4,2.0,1,0.0,0,0.0,2.0,1
0,1,185,0.0,0.0,5.0,43,1,48.0,6,11.0,24,16.0,4,2.0,1,0.0,0,0.0,1.0,1
1,4,216,,2.0,8.0,23,2,31.0,6,11.0,18,13.0,4,1.0,2,0.0,0,0.0,1.0,1
0,0,202,0.0,,14.0,48,7,62.0,6,0.0,15,15.0,3,1.0,1,0.0,0,1.0,1.0,1
0,4,202,0.0,0.0,1.0,48,2,49.0,6,11.0,20,19.0,3,1.0,2,0.0,0,0.0,1.0,1
0,0,216,,0.0,3.0,47,1,50.0,6,11.0,25,16.0,2,2.0,2,0.0,1,0.0,1.0,1
0,0,202,0.0,,9.0,22,1,31.0,6,11.0,21,21.0,3,2.0,2,0.0,0,0.0,1.0,1
0,0,155,0.0,,21.0,35,2,56.0,6,66.0,17,19.0,2,2.0,0,1.0,0,0.0,1.0,1
1,0,202,0.0,1.0,,32,1,,6,,22,,2,,2,0.0,0,,,1
1,0,193,0.0,,-2.0,30,2,28.0,6,42.0,25,15.0,3,2.0,2,0.0,0,0.0,1.0,1
1,3,219,1.0,1.0,2.0,34,1,36.0,2,62.0,16,15.0,4,2.0,1,0.0,0,,1.0,1
0,1,202,0.0,,14.0,26,2,40.0,2,62.0,21,16.0,5,2.0,2,0.0,0,0.0,1.0,1
0,2,202,1.0,,,36,2,,2,,16,16.0,4,,2,0.0,0,,,1
1,0,193,1.0,1.0,4.0,30,1,34.0,2,66.0,19,14.0,3,2.0,2,0.0,0,,1.0,1
1,3,174,1.0,2.0,3.0,31,2,34.0,2,73.0,19,16.0,3,1.0,1,3.0,0,0.0,1.0,1
0,0,202,0.0,1.0,11.0,49,1,60.0,2,11.0,20,17.0,3,1.0,1,0.0,0,0.0,1.0,1
0,0,193,0.0,2.0,3.0,41,2,44.0,2,11.0,20,17.0,4,2.0,2,0.0,0,,1.0,1
1,4,185,0.0,1.0,4.0,30,1,34.0,2,42.0,14,17.0,3,2.0,1,0.0,0,,1.0,1
1,3,197,0.0,,7.0,43,1,50.0,2,11.0,21,19.0,4,2.0,2,2.0,2,0.0,1.0,1
1,2,185,0.0,1.0,15.0,27,3,42.0,2,11.0,17,14.0,4,2.0,1,0.0,0,0.0,1.0,1
0,1,3,0.0,,8.0,27,4,35.0,1,66.0,14,13.0,3,0.0,0,3.0,0,0.0,1.0,1
0,5,3,0.0,,10.0,25,4,35.0,1,62.0,15,15.0,4,1.0,1,0.0,0,1.0,1.0,1
0,0,3,0.0,,10.0,30,4,40.0,1,66.0,17,17.0,4,1.0,0,0.0,0,1.0,1.0,1
0,3,3,0.0,,15.0,29,4,44.0,1,24.0,17,18.0,3,0.0,0,0.0,0,3.0,1.0,1
0,0,3,0.0,,40.0,44,4,84.0,1,11.0,15,15.0,2,0.0,0,0.0,0,1.0,1.0,1
1,2,3,0.0,,16.0,30,4,46.0,1,96.0,14,15.0,2,1.0,0,0.0,0,0.0,1.0,1
0,1,3,0.0,,13.0,42,4,55.0,1,11.0,13,13.0,3,0.0,0,0.0,0,0.0,1.0,1
0,2,3,0.0,,23.0,40,4,63.0,1,62.0,14,14.0,3,0.0,0,0.0,0,1.0,1.0,1
0,0,3,0.0,,21.0,29,4,50.0,1,66.0,24,23.0,3,2.0,2,0.0,0,3.0,1.0,1
0,0,3,0.0,,18.0,32,4,50.0,1,11.0,26,28.0,4,1.0,0,0.0,0,0.0,2.0,1
0,0,3,0.0,,38.0,22,4,60.0,1,62.0,15,16.0,4,2.0,0,0.0,0,1.0,1.0,1
0,0,996,0.0,,10.0,30,4,40.0,1,62.0,19,18.0,3,1.0,1,2.0,1,0.0,1.0,1
1,0,232,0.0,2.0,3.0,47,2,50.0,2,0.0,29,14.0,4,2.0,1,0.0,1,0.0,2.0,1
0,2,232,0.0,,5.0,25,1,30.0,2,62.0,18,16.0,5,2.0,2,0.0,0,0.0,1.0,1
1,5,236,1.0,1.0,10.0,23,7,33.0,2,96.0,16,17.0,4,1.0,1,0.0,0,0.0,1.0,1
1,2,236,0.0,,9.0,29,1,38.0,2,42.0,21,16.0,4,2.0,1,0.0,0,0.0,1.0,1
0,0,232,0.0,,8.0,26,2,34.0,2,11.0,17,15.0,4,1.0,2,0.0,0,0.0,1.0,1
0,4,232,0.0,2.0,16.0,34,1,50.0,2,77.0,15,15.0,3,2.0,2,0.0,1,,1.0,1
1,1,232,1.0,,3.0,35,1,38.0,2,11.0,26,16.0,4,2.0,1,0.0,0,0.0,1.0,1
0,4,232,0.0,2.0,-1.0,42,1,41.0,2,41.0,40,,5,2.0,2,0.0,0,,1.0,1
0,1,101,0.0,2.0,14.0,25,5,39.0,5,66.0,20,20.0,1,1.0,0,5.0,0,0.0,1.0,2
1,1,101,1.0,2.0,13.0,31,5,44.0,5,11.0,22,22.0,1,1.0,2,5.0,1,0.0,1.0,2
1,0,101,0.0,2.0,8.0,30,2,38.0,5,11.0,13,13.0,1,2.0,1,5.0,0,0.0,1.0,2
0,1,101,0.0,1.0,3.0,23,1,26.0,5,66.0,21,21.0,3,3.0,2,0.0,0,0.0,1.0,2
0,0,101,1.0,2.0,-5.0,33,5,28.0,5,11.0,33,18.0,1,2.0,0,4.0,2,2.0,1.0,2
1,4,101,1.0,,18.0,37,5,55.0,5,11.0,25,14.0,1,0.0,0,4.0,3,0.0,1.0,2
0,3,101,0.0,,15.0,30,1,45.0,5,11.0,14,15.0,1,2.0,1,2.0,0,0.0,1.0,2
1,1,101,0.0,2.0,8.0,33,5,41.0,5,62.0,16,16.0,1,1.0,0,5.0,0,0.0,1.0,2
0,0,101,1.0,0.0,31.0,29,2,60.0,5,66.0,25,18.0,1,0.0,2,5.0,0,2.0,2.0,2
0,0,101,1.0,1.0,44.0,41,5,85.0,5,11.0,24,16.0,1,0.0,0,1.0,1,1.0,1.0,2
0,0,101,0.0,2.0,8.0,26,2,34.0,5,11.0,20,19.0,1,1.0,1,5.0,0,0.0,1.0,2
1,1,101,0.0,1.0,33.0,30,5,63.0,5,11.0,14,16.0,1,1.0,0,5.0,0,0.0,1.0,2
0,1,199,1.0,,10.0,26,3,36.0,12,96.0,23,16.0,4,2.0,2,0.0,0,0.0,1.0,1
1,3,208,0.0,,1.0,24,1,25.0,12,75.0,18,15.0,5,2.0,2,1.0,2,0.0,1.0,1
1,3,236,1.0,2.0,12.0,28,1,40.0,12,96.0,17,17.0,5,3.0,2,0.0,0,,1.0,1
1,4,167,0.0,2.0,,33,2,,12,,22,16.0,5,,2,0.0,0,,,1
0,0,236,0.0,,3.0,49,3,52.0,12,72.0,20,16.0,4,1.0,2,0.0,1,0.0,1.0,1
0,2,244,0.0,2.0,3.0,32,2,35.0,12,72.0,31,16.0,5,3.0,2,0.0,0,0.0,1.0,1
1,2,254,,,3.0,39,7,42.0,12,14.0,20,15.0,5,2.0,1,0.0,0,0.0,1.0,1
0,2,38,0.0,,,19,2,,12,,16,16.0,3,,2,2.0,0,,,1
0,1,101,1.0,,2.0,30,1,32.0,5,54.0,25,16.0,4,1.0,2,0.0,0,0.0,1.0,1
1,5,98,0.0,,12.0,19,2,31.0,5,54.0,19,18.0,4,2.0,2,0.0,0,0.0,1.0,1
0,4,101,0.0,,,37,3,,5,,13,14.0,4,,2,0.0,0,,,1
0,0,36,0.0,,,49,1,,5,,14,15.0,2,,0,3.0,0,,,1
1,4,78,0.0,2.0,4.0,21,2,25.0,5,31.0,20,19.0,5,3.0,3,0.0,0,0.0,1.0,1
0,1,47,0.0,2.0,12.0,24,1,36.0,5,21.0,17,,5,3.0,3,0.0,0,0.0,1.0,1
1,4,33,,1.0,-3.0,34,3,31.0,5,34.0,15,16.0,5,3.0,1,0.0,0,0.0,1.0,1
0,3,31,0.0,,11.0,41,4,52.0,5,66.0,16,16.0,3,1.0,1,5.0,0,0.0,1.0,1
0,5,3,0.0,,17.0,28,4,45.0,5,62.0,18,14.0,4,2.0,1,0.0,0,0.0,1.0,1
1,3,28,0.0,2.0,4.0,28,1,32.0,5,42.0,21,21.0,4,2.0,2,0.0,0,0.0,1.0,1
0,0,133,0.0,,3.0,36,1,39.0,5,31.0,19,17.0,5,2.0,2,0.0,0,0.0,2.0,1
1,4,256,1.0,2.0,9.0,29,1,38.0,4,31.0,25,17.0,5,3.0,3,0.0,0,0.0,1.0,1
0,0,255,1.0,,6.0,22,3,28.0,4,61.0,22,16.0,4,2.0,2,2.0,3,0.0,1.0,1
0,0,256,1.0,2.0,4.0,28,2,32.0,4,33.0,24,17.0,5,2.0,2,0.0,0,0.0,1.0,1
1,1,188,0.0,0.0,6.0,43,1,49.0,4,24.0,27,20.0,5,2.0,3,0.0,0,0.0,1.0,1
1,5,78,1.0,,9.0,23,1,32.0,4,62.0,17,17.0,4,1.0,2,4.0,0,0.0,1.0,1
1,5,253,1.0,,4.0,21,2,25.0,4,82.0,14,14.0,3,2.0,2,3.0,0,0.0,1.0,1
0,0,176,1.0,,5.0,20,4,25.0,4,82.0,18,18.0,5,2.0,2,4.0,0,0.0,1.0,1
0,4,253,0.0,1.0,,39,1,,4,,24,15.0,3,,0,0.0,0,,,1
0,0,996,0.0,0.0,10.0,28,1,38.0,4,11.0,20,15.0,4,2.0,2,0.0,0,0.0,1.0,1
0,4,234,1.0,2.0,13.0,33,1,46.0,4,82.0,19,16.0,5,2.0,2,0.0,3,1.0,2.0,1
0,4,188,0.0,,5.0,33,1,38.0,4,24.0,22,17.0,4,2.0,2,0.0,0,0.0,1.0,1
0,0,194,0.0,2.0,4.0,30,1,34.0,4,62.0,27,19.0,4,2.0,2,0.0,0,0.0,1.0,1
0,2,236,1.0,2.0,0.0,38,1,38.0,2,33.0,20,16.0,4,3.0,2,0.0,1,0.0,2.0,2
1,2,202,0.0,1.0,7.0,31,1,38.0,2,62.0,22,9.0,3,3.0,1,0.0,0,0.0,1.0,2
0,0,236,1.0,1.0,10.0,21,1,31.0,2,62.0,20,,4,2.0,2,0.0,0,0.0,1.0,2
1,5,236,1.0,1.0,,23,1,,2,,15,18.0,4,,1,0.0,0,,,2
1,3,236,1.0,,21.0,30,1,51.0,2,0.0,23,17.0,4,1.0,1,0.0,0,0.0,1.0,2
1,1,236,1.0,2.0,,45,1,,2,,16,,3,,1,0.0,0,,,2
0,0,996,0.0,,,20,4,,2,,16,14.0,3,,1,0.0,0,,,2
1,4,236,0.0,2.0,,25,1,,2,,18,16.0,2,,2,0.0,0,,,2
1,5,996,1.0,1.0,11.0,40,1,51.0,2,11.0,19,15.0,3,1.0,1,0.0,1,0.0,1.0,2
0,0,236,0.0,,0.0,47,3,47.0,2,11.0,25,16.0,3,1.0,1,0.0,0,0.0,1.0,2
0,3,236,0.0,1.0,1.0,39,1,40.0,2,36.0,16,16.0,3,,2,0.0,3,0.0,2.0,2
1,5,236,1.0,,2.0,18,1,20.0,2,62.0,16,17.0,4,2.0,2,2.0,1,0.0,1.0,2
0,0,236,,2.0,6.0,49,1,55.0,2,66.0,31,18.0,3,,1,2.0,0,1.0,1.0,2
0,0,236,1.0,,8.0,22,1,30.0,2,62.0,18,15.0,3,2.0,2,0.0,0,0.0,1.0,2
1,5,236,1.0,2.0,,26,2,,2,,14,13.0,3,,1,0.0,0,,,2
0,0,236,0.0,,,35,1,,2,,12,15.0,2,,1,0.0,0,,,2
0,0,2,0.0,,12.0,16,4,28.0,2,11.0,15,16.0,3,1.0,2,0.0,0,0.0,1.0,2
0,0,236,1.0,2.0,,49,1,,2,,15,15.0,4,,1,0.0,0,,,2
1,3,102,0.0,1.0,13.0,20,1,33.0,7,96.0,14,14.0,1,2.0,1,0.0,0,0.0,1.0,2
1,2,78,1.0,,,35,1,,7,,15,15.0,1,,1,0.0,0,,,2
0,0,3,0.0,,13.0,25,4,38.0,7,11.0,15,15.0,1,0.0,0,0.0,0,1.0,1.0,2
1,3,78,1.0,1.0,40.0,30,1,70.0,7,11.0,15,15.0,1,0.0,0,0.0,0,3.0,1.0,2
0,1,3,0.0,,6.0,24,4,30.0,7,11.0,12,13.0,1,0.0,0,0.0,0,0.0,1.0,2
1,0,102,0.0,,19.0,42,1,61.0,7,11.0,16,16.0,1,0.0,0,0.0,0,0.0,1.0,2
1,0,78,0.0,,-2.0,44,2,42.0,7,11.0,20,20.0,3,2.0,1,0.0,0,1.0,1.0,2
0,0,3,0.0,,14.0,35,4,49.0,7,43.0,17,17.0,4,2.0,1,0.0,0,0.0,1.0,2
1,0,78,1.0,1.0,20.0,20,1,40.0,7,11.0,13,13.0,1,0.0,0,0.0,0,0.0,1.0,2
1,2,78,1.0,2.0,3.0,25,2,28.0,7,11.0,22,18.0,1,1.0,1,0.0,0,0.0,1.0,2
0,1,3,0.0,,12.0,19,4,31.0,7,24.0,13,14.0,1,0.0,0,0.0,0,0.0,1.0,2
0,0,3,0.0,,1.0,28,4,29.0,7,11.0,12,13.0,1,1.0,0,2.0,0,0.0,1.0,2
0,1,3,0.0,,6.0,16,4,22.0,7,12.0,15,15.0,1,0.0,0,0.0,0,0.0,1.0,2
1,1,102,0.0,2.0,18.0,20,1,38.0,7,11.0,14,13.0,1,1.0,0,0.0,0,0.0,1.0,2
1,2,193,0.0,2.0,13.0,26,1,39.0,3,21.0,23,18.0,5,3.0,3,0.0,0,0.0,1.0,1
0,0,202,0.0,2.0,4.0,30,96,34.0,3,31.0,29,20.0,5,3.0,3,0.0,1,0.0,1.0,1
1,2,232,1.0,2.0,,30,3,,3,,24,17.0,3,,2,0.0,0,,,1
0,3,232,0.0,0.0,19.0,46,2,65.0,3,42.0,18,18.0,5,3.0,2,0.0,1,0.0,2.0,1
1,1,203,1.0,1.0,7.0,33,3,40.0,3,36.0,26,18.0,5,2.0,2,1.0,1,0.0,1.0,1
0,5,176,,2.0,5.0,27,4,32.0,3,62.0,19,15.0,4,0.0,1,4.0,2,0.0,1.0,1
0,2,262,0.0,,16.0,25,4,41.0,3,61.0,13,13.0,5,2.0,2,0.0,0,0.0,1.0,1
1,0,202,1.0,2.0,-2.0,35,2,33.0,10,62.0,24,14.0,4,2.0,1,0.0,0,0.0,1.0,2
0,0,245,0.0,,6.0,20,2,26.0,10,62.0,18,11.0,5,2.0,2,0.0,0,0.0,1.0,2
0,5,176,0.0,,8.0,20,4,28.0,10,62.0,17,14.0,4,2.0,2,0.0,0,0.0,1.0,2
0,2,202,0.0,2.0,13.0,34,1,47.0,10,62.0,27,17.0,5,2.0,1,0.0,0,0.0,1.0,2
0,3,176,0.0,,3.0,27,4,30.0,10,62.0,19,14.0,4,,2,2.0,0,,2.0,2
1,2,248,1.0,2.0,8.0,25,2,33.0,10,62.0,22,17.0,3,3.0,2,0.0,0,0.0,1.0,2
1,4,236,1.0,,7.0,26,1,33.0,10,96.0,22,17.0,4,2.0,2,4.0,0,0.0,1.0,2
0,0,3,0.0,,12.0,38,4,50.0,10,62.0,16,11.0,5,2.0,2,0.0,0,1.0,1.0,2
1,2,176,0.0,,14.0,23,4,37.0,10,66.0,18,19.0,5,2.0,2,0.0,1,0.0,1.0,2
1,2,202,0.0,,8.0,38,1,46.0,10,73.0,18,16.0,4,1.0,2,0.0,0,0.0,1.0,2
0,4,176,0.0,,11.0,19,4,30.0,10,62.0,12,13.0,3,1.0,1,0.0,0,2.0,2.0,2
1,3,202,0.0,1.0,12.0,46,1,58.0,10,62.0,15,16.0,5,1.0,0,0.0,3,0.0,2.0,2
0,0,185,0.0,,10.0,28,1,38.0,10,62.0,20,18.0,4,2.0,1,0.0,1,0.0,1.0,2
0,0,188,0.0,,8.0,30,1,38.0,10,62.0,18,15.0,5,2.0,2,0.0,1,0.0,1.0,2
1,5,244,1.0,1.0,2.0,27,1,29.0,2,66.0,18,16.0,3,1.0,2,0.0,0,0.0,1.0,2
1,2,235,1.0,2.0,,43,1,,2,,25,14.0,3,,1,1.0,0,,,2
0,2,3,0.0,,4.0,25,7,29.0,2,66.0,16,14.0,3,1.0,2,0.0,0,0.0,1.0,2
1,2,235,1.0,1.0,-4.0,49,1,45.0,2,72.0,27,,2,1.0,1,0.0,1,0.0,1.0,2
1,5,244,1.0,1.0,6.0,29,1,35.0,2,11.0,22,16.0,3,1.0,2,0.0,2,2.0,1.0,2
0,0,244,0.0,,0.0,42,1,42.0,2,77.0,21,15.0,2,1.0,1,0.0,2,0.0,1.0,2
0,2,3,0.0,,12.0,19,4,31.0,1,62.0,16,16.0,4,2.0,0,2.0,0,0.0,1.0,1
1,3,78,0.0,,2.0,28,2,30.0,1,82.0,14,14.0,4,2.0,2,0.0,0,0.0,1.0,1
0,1,235,0.0,,21.0,24,1,45.0,1,82.0,17,17.0,5,,2,0.0,0,1.0,1.0,1
0,0,3,0.0,,10.0,32,4,42.0,1,21.0,19,18.0,5,3.0,2,0.0,0,0.0,1.0,1
0,2,3,0.0,,13.0,27,4,40.0,1,96.0,16,17.0,4,2.0,2,0.0,0,0.0,1.0,1
0,1,3,0.0,,13.0,34,4,47.0,1,62.0,15,15.0,3,0.0,0,0.0,0,1.0,2.0,1
0,5,88,0.0,,7.0,28,4,35.0,1,0.0,16,16.0,3,2.0,0,0.0,0,0.0,1.0,1
0,0,101,0.0,,,24,3,,1,,21,21.0,4,,2,0.0,0,,,1
0,0,3,0.0,,14.0,21,4,35.0,1,66.0,18,18.0,4,2.0,1,0.0,0,0.0,1.0,1
0,0,4,0.0,,5.0,36,4,41.0,1,62.0,27,15.0,4,2.0,1,0.0,0,0.0,1.0,1
1,1,102,0.0,,9.0,34,1,43.0,1,21.0,14,15.0,5,3.0,1,0.0,0,0.0,1.0,1
0,3,4,0.0,,15.0,30,4,45.0,1,62.0,14,14.0,4,1.0,1,0.0,0,1.0,1.0,1
0,0,3,0.0,,3.0,30,4,33.0,1,66.0,20,19.0,3,1.0,1,0.0,0,0.0,1.0,1
0,0,55,0.0,,,33,1,,7,,23,24.0,3,,1,0.0,0,,,1
0,3,31,0.0,,9.0,24,2,33.0,7,82.0,19,19.0,5,2.0,2,0.0,0,0.0,1.0,1
0,2,98,0.0,,6.0,24,4,30.0,7,66.0,19,18.0,5,2.0,2,0.0,0,0.0,1.0,1
0,3,3,0.0,,16.0,24,4,40.0,7,43.0,17,18.0,5,2.0,2,4.0,0,0.0,1.0,1
0,2,63,0.0,,4.0,24,1,28.0,7,96.0,22,21.0,4,3.0,3,0.0,0,0.0,1.0,1
0,0,102,1.0,,2.0,48,2,50.0,7,41.0,17,15.0,3,2.0,0,0.0,0,0.0,1.0,1
0,0,101,0.0,,8.0,35,1,43.0,7,42.0,25,24.0,5,2.0,2,0.0,0,0.0,1.0,1
1,0,101,1.0,1.0,12.0,48,1,60.0,7,12.0,14,14.0,5,2.0,1,0.0,0,0.0,1.0,1
0,0,3,0.0,,9.0,25,4,34.0,7,53.0,17,17.0,5,2.0,0,0.0,0,0.0,1.0,1
0,1,193,0.0,,9.0,25,2,34.0,7,41.0,24,17.0,5,3.0,2,0.0,0,0.0,1.0,1
0,4,98,0.0,,5.0,35,2,40.0,7,41.0,31,28.0,4,2.0,2,0.0,0,0.0,1.0,1
1,0,256,1.0,2.0,5.0,25,1,30.0,4,11.0,17,15.0,3,1.0,1,0.0,0,0.0,1.0,1
0,1,256,,,,28,1,,4,,17,11.0,2,,2,0.0,0,,,1
0,0,256,0.0,,6.0,24,1,30.0,4,11.0,15,14.0,3,2.0,2,0.0,0,0.0,1.0,1
1,3,253,1.0,2.0,7.0,38,1,45.0,4,11.0,16,15.0,2,2.0,1,0.0,2,0.0,1.0,1
0,0,256,1.0,2.0,7.0,19,1,26.0,4,73.0,14,14.0,2,2.0,2,0.0,0,0.0,1.0,1
0,0,256,0.0,2.0,,42,1,,4,,14,13.0,2,,1,0.0,0,,,1
0,0,256,0.0,2.0,2.0,36,1,38.0,4,46.0,22,14.0,3,2.0,2,0.0,1,0.0,2.0,1
1,1,256,0.0,2.0,4.0,48,1,52.0,4,11.0,18,15.0,3,2.0,1,0.0,2,0.0,1.0,1
0,2,176,0.0,1.0,20.0,32,2,52.0,3,43.0,28,23.0,5,3.0,3,0.0,1,0.0,2.0,1
1,2,244,0.0,2.0,,30,2,,3,,26,28.0,5,,3,0.0,0,,,1
0,1,189,0.0,,5.0,33,1,38.0,3,43.0,25,19.0,5,3.0,3,0.0,0,0.0,1.0,1
0,1,202,0.0,2.0,14.0,24,1,38.0,3,62.0,22,19.0,5,2.0,3,0.0,0,0.0,1.0,1
0,0,244,1.0,2.0,2.0,32,1,34.0,3,21.0,29,23.0,5,3.0,3,0.0,0,0.0,1.0,1
0,1,3,0.0,,6.0,34,4,40.0,3,23.0,22,23.0,5,3.0,3,0.0,0,0.0,1.0,1
0,0,144,0.0,,8.0,37,1,45.0,8,34.0,21,20.0,5,3.0,3,5.0,1,0.0,2.0,1
1,0,153,0.0,2.0,13.0,34,1,47.0,8,62.0,14,15.0,4,1.0,2,5.0,1,0.0,1.0,1
0,0,202,0.0,0.0,8.0,27,1,35.0,8,41.0,21,16.0,4,1.0,2,0.0,0,0.0,1.0,1
0,3,144,1.0,1.0,5.0,29,3,34.0,8,42.0,27,17.0,5,3.0,3,0.0,0,0.0,2.0,1
0,3,996,0.0,1.0,5.0,32,3,37.0,8,72.0,19,17.0,4,2.0,2,0.0,0,0.0,2.0,1
0,0,168,0.0,,4.0,21,1,25.0,8,66.0,21,16.0,4,1.0,2,5.0,1,0.0,1.0,1
1,4,144,,0.0,6.0,29,96,35.0,8,96.0,26,19.0,5,2.0,2,0.0,2,0.0,1.0,1
1,4,144,0.0,2.0,,43,2,,8,,15,14.0,4,,1,5.0,0,,,1
0,0,197,0.0,,18.0,38,2,56.0,6,96.0,34,23.0,5,2.0,2,0.0,0,0.0,1.0,2
0,0,232,1.0,2.0,18.0,25,2,43.0,6,62.0,23,14.0,4,1.0,1,1.0,0,0.0,1.0,2
0,0,232,0.0,,,45,1,,6,,20,19.0,3,,2,0.0,0,,,2
0,0,232,0.0,1.0,19.0,17,1,36.0,6,0.0,17,16.0,2,2.0,2,0.0,0,0.0,1.0,2
0,0,232,0.0,,14.0,26,1,40.0,6,51.0,17,19.0,3,2.0,2,0.0,0,0.0,1.0,2
0,0,232,1.0,,6.0,23,2,29.0,6,44.0,22,18.0,3,3.0,2,0.0,0,0.0,1.0,2
0,0,185,0.0,,1.0,32,1,33.0,6,96.0,24,13.0,5,2.0,2,0.0,0,0.0,2.0,2
1,2,49,1.0,2.0,16.0,22,1,38.0,4,66.0,17,16.0,2,1.0,2,0.0,0,0.0,1.0,2
1,1,232,1.0,1.0,8.0,17,1,25.0,4,15.0,15,15.0,2,2.0,2,3.0,0,0.0,1.0,2
1,5,255,1.0,1.0,9.0,36,2,45.0,4,62.0,16,9.0,1,1.0,1,5.0,1,0.0,1.0,2
0,3,256,0.0,1.0,10.0,48,2,58.0,4,11.0,23,16.0,1,1.0,1,0.0,2,0.0,1.0,2
1,5,255,1.0,2.0,-2.0,48,2,46.0,4,62.0,12,13.0,2,2.0,2,4.0,1,0.0,1.0,2
1,2,255,1.0,2.0,2.0,38,2,40.0,4,21.0,19,16.0,2,2.0,1,0.0,3,1.0,1.0,2
1,3,255,1.0,1.0,-6.0,37,2,31.0,4,11.0,15,12.0,2,1.0,1,0.0,0,0.0,1.0,2
1,2,255,1.0,1.0,7.0,23,1,30.0,4,33.0,15,16.0,2,2.0,2,0.0,1,0.0,1.0,2
1,3,255,1.0,1.0,9.0,18,2,27.0,4,15.0,15,14.0,1,2.0,2,4.0,1,0.0,1.0,2
1,3,255,1.0,1.0,1.0,26,2,27.0,4,11.0,14,14.0,2,2.0,1,0.0,2,0.0,1.0,2
1,4,255,0.0,2.0,5.0,46,2,51.0,4,15.0,40,14.0,2,1.0,1,2.0,1,0.0,1.0,2
0,3,151,0.0,2.0,2.0,30,2,32.0,8,66.0,21,15.0,5,1.0,3,0.0,1,0.0,1.0,1
0,3,996,0.0,0.0,,28,1,,8,,21,21.0,4,,2,0.0,0,,,1
0,2,167,0.0,0.0,15.0,25,1,40.0,8,42.0,21,17.0,5,2.0,2,0.0,1,0.0,2.0,1
0,0,184,0.0,0.0,,38,1,,8,,16,15.0,4,,1,0.0,0,,,1
0,0,203,1.0,,6.0,39,3,45.0,8,42.0,23,16.0,5,3.0,2,0.0,0,0.0,2.0,1
0,1,152,0.0,2.0,6.0,41,1,47.0,8,62.0,16,12.0,2,1.0,2,5.0,1,0.0,1.0,1
0,0,152,0.0,,5.0,30,1,35.0,8,42.0,24,21.0,4,3.0,3,5.0,1,0.0,1.0,1
0,0,146,0.0,,5.0,35,2,40.0,8,13.0,28,21.0,5,3.0,3,5.0,1,0.0,1.0,1
0,1,3,0.0,,3.0,38,4,41.0,1,12.0,17,17.0,1,1.0,0,0.0,0,2.0,1.0,2
0,2,3,0.0,,-2.0,35,4,33.0,1,12.0,30,16.0,1,0.0,0,0.0,0,2.0,1.0,2
0,1,3,0.0,,21.0,29,4,50.0,1,12.0,24,13.0,1,0.0,0,4.0,0,1.0,1.0,2
0,0,996,0.0,,7.0,20,4,27.0,1,66.0,16,16.0,2,1.0,0,0.0,0,0.0,1.0,2
0,0,3,0.0,,,46,4,,1,,21,15.0,1,,0,0.0,0,,,2
0,0,3,0.0,,4.0,29,4,33.0,1,12.0,18,14.0,1,0.0,0,0.0,0,0.0,1.0,2
0,0,3,0.0,,10.0,35,4,45.0,1,12.0,29,13.0,1,0.0,0,0.0,0,1.0,1.0,2
0,3,3,0.0,,8.0,29,4,37.0,1,12.0,18,13.0,1,1.0,0,0.0,0,1.0,1.0,2
0,0,62,0.0,,17.0,25,4,42.0,1,12.0,12,12.0,1,0.0,0,0.0,0,0.0,1.0,2
0,3,3,0.0,,17.0,24,4,41.0,1,12.0,13,14.0,1,1.0,1,0.0,0,0.0,1.0,2
0,2,3,0.0,,,29,4,,1,,15,15.0,1,,0,0.0,0,,,2
1,2,54,0.0,,4.0,25,4,29.0,5,11.0,15,16.0,1,2.0,0,1.0,0,0.0,1.0,2
0,1,47,0.0,2.0,11.0,45,1,56.0,5,11.0,41,22.0,1,0.0,0,1.0,0,1.0,1.0,2
1,1,47,1.0,2.0,12.0,32,4,44.0,5,11.0,15,14.0,1,0.0,1,4.0,1,1.0,1.0,2
0,0,54,0.0,2.0,1.0,32,5,33.0,5,42.0,18,18.0,1,2.0,1,0.0,0,0.0,1.0,2
0,0,47,1.0,,19.0,30,2,49.0,5,11.0,21,22.0,1,1.0,0,0.0,0,1.0,1.0,2
0,0,47,0.0,0.0,13.0,32,2,45.0,5,11.0,19,20.0,1,,0,0.0,0,0.0,1.0,2
0,0,54,0.0,,4.0,23,2,27.0,5,11.0,16,16.0,1,2.0,2,1.0,0,0.0,1.0,2
1,2,47,1.0,2.0,,25,1,,5,,14,14.0,1,,0,5.0,0,,,2
0,0,54,0.0,,6.0,27,2,33.0,5,11.0,17,17.0,1,0.0,0,3.0,0,0.0,1.0,2
0,1,47,1.0,2.0,5.0,23,1,28.0,5,11.0,15,15.0,1,2.0,0,3.0,0,0.0,1.0,2
1,0,47,0.0,2.0,8.0,20,1,28.0,5,11.0,16,17.0,1,0.0,0,0.0,2,0.0,1.0,2
0,0,54,0.0,2.0,16.0,24,5,40.0,5,11.0,17,18.0,1,1.0,0,5.0,0,1.0,1.0,2
0,0,54,0.0,2.0,43.0,36,5,79.0,5,11.0,16,16.0,1,0.0,0,1.0,0,1.0,1.0,2
1,1,47,1.0,2.0,3.0,45,7,48.0,5,11.0,19,20.0,1,0.0,0,5.0,0,0.0,1.0,2
0,0,47,0.0,,18.0,47,2,65.0,5,11.0,14,13.0,1,0.0,0,0.0,1,0.0,1.0,2
0,1,195,0.0,0.0,27.0,42,2,69.0,11,62.0,36,15.0,5,2.0,2,0.0,1,0.0,1.0,1
0,2,996,0.0,,2.0,32,4,34.0,11,32.0,23,23.0,5,2.0,2,0.0,0,0.0,1.0,1
0,0,107,0.0,,6.0,25,3,31.0,11,44.0,23,22.0,5,3.0,3,0.0,0,0.0,1.0,1
0,0,216,0.0,,8.0,27,1,35.0,11,32.0,26,20.0,5,3.0,3,5.0,1,0.0,2.0,1
0,0,101,0.0,,6.0,24,1,30.0,4,77.0,21,19.0,5,2.0,2,0.0,0,0.0,1.0,1
0,4,256,1.0,0.0,4.0,24,2,28.0,4,66.0,23,13.0,3,1.0,2,0.0,0,0.0,2.0,1
1,5,234,0.0,2.0,,28,3,,4,,18,17.0,4,,1,0.0,0,,,1
0,0,256,1.0,0.0,9.0,31,1,40.0,4,73.0,18,18.0,5,2.0,2,0.0,0,0.0,1.0,1
0,3,229,0.0,,6.0,26,1,32.0,4,96.0,23,19.0,4,3.0,3,1.0,0,0.0,2.0,1
0,2,256,0.0,1.0,4.0,37,1,41.0,4,31.0,24,19.0,5,3.0,3,0.0,1,0.0,1.0,1
0,1,199,0.0,2.0,6.0,18,1,24.0,4,72.0,18,15.0,5,2.0,2,0.0,0,0.0,1.0,1
0,1,179,0.0,2.0,11.0,26,1,37.0,4,62.0,18,17.0,4,2.0,2,0.0,0,0.0,1.0,1
0,0,78,0.0,,13.0,45,2,58.0,1,11.0,14,14.0,3,1.0,1,0.0,0,0.0,1.0,2
0,0,261,0.0,,9.0,19,2,28.0,1,42.0,18,18.0,3,2.0,2,0.0,0,0.0,1.0,2
0,2,78,0.0,1.0,7.0,21,2,28.0,1,82.0,17,17.0,2,2.0,1,0.0,0,0.0,1.0,2
1,5,78,0.0,1.0,15.0,25,2,40.0,1,11.0,15,15.0,2,1.0,0,0.0,0,0.0,1.0,2
0,4,78,1.0,,,32,1,,1,,15,15.0,1,,0,0.0,0,,,2
0,1,78,0.0,,4.0,30,4,34.0,1,21.0,17,15.0,3,2.0,1,0.0,0,0.0,1.0,2
0,4,3,0.0,,10.0,20,4,30.0,1,62.0,16,16.0,1,0.0,0,1.0,2,0.0,2.0,2
1,1,996,0.0,,5.0,30,2,35.0,1,11.0,25,16.0,1,0.0,0,0.0,0,0.0,1.0,2
0,5,78,0.0,,,37,2,,1,,13,15.0,1,,1,0.0,0,,,2
0,2,78,0.0,,2.0,28,2,30.0,1,11.0,18,17.0,1,1.0,1,0.0,0,0.0,1.0,2
1,1,78,0.0,,11.0,27,2,38.0,1,11.0,18,15.0,1,1.0,0,0.0,0,0.0,1.0,2
1,0,101,1.0,,8.0,32,1,40.0,5,24.0,17,16.0,2,2.0,2,0.0,0,0.0,1.0,1
1,2,101,1.0,2.0,16.0,27,5,43.0,5,42.0,18,19.0,1,2.0,1,0.0,0,0.0,1.0,1
0,4,101,0.0,,8.0,32,1,40.0,5,11.0,16,17.0,1,1.0,1,2.0,2,1.0,1.0,1
1,4,101,0.0,1.0,3.0,19,1,22.0,5,11.0,17,17.0,2,2.0,2,0.0,0,0.0,1.0,1
1,1,101,0.0,1.0,7.0,35,5,42.0,5,11.0,20,20.0,1,1.0,1,5.0,0,0.0,1.0,1
0,0,101,0.0,,10.0,24,1,34.0,5,11.0,23,24.0,2,2.0,2,0.0,0,0.0,1.0,1
1,2,101,1.0,1.0,17.0,26,1,43.0,5,42.0,16,15.0,1,2.0,1,3.0,0,0.0,1.0,1
1,1,101,1.0,,9.0,28,1,37.0,5,21.0,22,22.0,4,2.0,2,0.0,0,0.0,1.0,1
0,2,101,0.0,1.0,22.0,23,1,45.0,5,11.0,21,21.0,1,2.0,1,0.0,0,0.0,1.0,1
1,4,101,1.0,1.0,11.0,32,1,43.0,5,21.0,15,16.0,2,2.0,1,4.0,0,0.0,1.0,1
0,0,101,0.0,,15.0,30,2,45.0,5,42.0,17,17.0,1,2.0,1,0.0,0,1.0,1.0,1
1,1,101,1.0,2.0,14.0,28,5,42.0,5,11.0,18,18.0,1,1.0,0,4.0,0,0.0,1.0,1
0,0,101,1.0,,20.0,21,2,41.0,5,42.0,18,18.0,1,2.0,1,0.0,0,0.0,1.0,1
1,1,101,1.0,1.0,23.0,47,5,70.0,5,11.0,15,15.0,1,1.0,0,5.0,1,2.0,1.0,1
1,2,31,0.0,,,32,4,,5,,22,15.0,3,,2,0.0,0,,,1
0,3,164,0.0,2.0,7.0,27,2,34.0,8,66.0,18,18.0,2,1.0,1,0.0,0,0.0,2.0,1
1,2,164,,2.0,8.0,37,1,45.0,8,11.0,21,16.0,2,2.0,1,0.0,1,0.0,1.0,1
0,0,169,0.0,,13.0,27,7,40.0,8,11.0,20,15.0,3,1.0,1,5.0,1,0.0,1.0,1
0,2,164,0.0,2.0,13.0,19,2,32.0,8,11.0,16,15.0,2,1.0,2,0.0,1,0.0,1.0,1
0,1,164,0.0,1.0,,44,3,,8,,25,15.0,2,,2,0.0,0,,,1
0,3,164,0.0,0.0,10.0,18,2,28.0,8,96.0,12,12.0,2,1.0,2,0.0,0,0.0,2.0,1
0,0,996,0.0,,7.0,28,3,35.0,8,66.0,17,17.0,3,1.0,1,0.0,0,0.0,1.0,1
1,3,176,1.0,0.0,5.0,26,2,31.0,8,66.0,16,13.0,4,2.0,2,0.0,0,0.0,1.0,1
0,1,164,0.0,0.0,,41,2,,8,,16,,3,,2,0.0,0,,,1
0,0,169,0.0,2.0,13.0,34,2,47.0,8,62.0,10,11.0,3,1.0,1,5.0,1,1.0,1.0,1
0,0,169,0.0,,13.0,27,3,40.0,8,11.0,14,15.0,3,1.0,1,5.0,1,0.0,1.0,1
1,3,153,0.0,2.0,61.0,34,1,95.0,12,66.0,19,18.0,4,1.0,2,3.0,1,0.0,1.0,1
1,4,166,1.0,1.0,2.0,43,1,45.0,12,62.0,34,14.0,4,2.0,2,3.0,0,0.0,1.0,1
1,3,177,1.0,,,35,3,,12,,26,17.0,5,,3,0.0,0,,,1
1,2,150,0.0,1.0,8.0,25,2,33.0,12,66.0,20,20.0,4,3.0,1,2.0,1,0.0,1.0,1
0,1,150,1.0,2.0,,41,2,,12,,17,14.0,5,,2,0.0,0,,,1
0,0,167,0.0,2.0,7.0,33,1,40.0,12,66.0,24,16.0,5,1.0,1,0.0,0,0.0,1.0,1
0,0,996,1.0,,1.0,31,3,32.0,12,66.0,31,31.0,5,2.0,3,0.0,0,0.0,1.0,1
0,0,996,0.0,2.0,7.0,32,1,39.0,12,62.0,12,12.0,5,3.0,2,0.0,0,,1.0,1
0,0,996,0.0,0.0,7.0,35,3,42.0,12,62.0,17,15.0,4,1.0,1,0.0,0,0.0,1.0,1
1,2,177,,2.0,4.0,34,2,38.0,3,73.0,23,17.0,5,1.0,1,0.0,1,0.0,1.0,1
1,4,996,0.0,2.0,13.0,29,3,42.0,3,96.0,17,16.0,4,1.0,2,0.0,1,0.0,1.0,1
0,2,232,0.0,0.0,20.0,30,2,50.0,3,46.0,22,18.0,4,3.0,2,0.0,1,1.0,2.0,1
0,0,254,0.0,,,25,2,,3,,15,15.0,4,,2,0.0,0,,,1
0,4,225,1.0,2.0,5.0,38,1,43.0,3,62.0,29,18.0,4,3.0,2,0.0,2,0.0,2.0,1
0,1,202,0.0,0.0,3.0,34,96,37.0,3,62.0,28,8.0,5,2.0,2,0.0,0,0.0,1.0,1
1,1,174,0.0,1.0,2.0,24,2,26.0,12,72.0,19,15.0,4,1.0,2,0.0,0,0.0,1.0,1
0,0,202,0.0,1.0,3.0,23,2,26.0,12,62.0,18,14.0,4,2.0,1,0.0,0,0.0,1.0,1
0,0,49,0.0,2.0,8.0,32,2,40.0,12,0.0,27,19.0,4,3.0,3,4.0,0,0.0,1.0,1
1,4,3,1.0,1.0,11.0,27,1,38.0,12,75.0,18,20.0,5,3.0,2,0.0,0,0.0,1.0,1
0,1,216,1.0,2.0,,38,1,,12,,30,14.0,4,,1,0.0,0,,,1
1,1,245,0.0,,4.0,22,1,26.0,12,24.0,20,15.0,4,2.0,3,1.0,0,0.0,1.0,1
0,5,179,0.0,2.0,7.0,28,1,35.0,12,62.0,25,16.0,5,3.0,3,0.0,0,,1.0,1
0,3,245,0.0,1.0,11.0,39,2,50.0,10,33.0,21,15.0,5,3.0,2,3.0,0,0.0,1.0,1
0,0,235,0.0,,3.0,18,1,21.0,10,66.0,18,16.0,5,2.0,2,0.0,0,0.0,1.0,1
0,0,245,0.0,,3.0,35,2,38.0,10,66.0,15,15.0,5,1.0,2,0.0,0,0.0,1.0,1
0,0,188,0.0,,7.0,31,1,38.0,10,75.0,14,18.0,5,3.0,3,0.0,0,0.0,2.0,1
1,2,245,0.0,2.0,6.0,43,2,49.0,10,51.0,23,18.0,4,2.0,2,0.0,3,,1.0,1
0,2,245,0.0,,5.0,42,2,47.0,10,42.0,18,18.0,5,3.0,2,0.0,2,1.0,2.0,1
0,1,199,0.0,,6.0,27,1,33.0,10,62.0,17,18.0,4,3.0,2,0.0,1,0.0,1.0,1
0,3,193,0.0,1.0,1.0,48,1,49.0,10,73.0,32,18.0,5,2.0,2,3.0,0,0.0,1.0,1
0,2,236,1.0,,,30,1,,10,,20,16.0,4,,1,0.0,0,,,1
0,3,179,0.0,,,37,3,,4,,27,28.0,5,,3,0.0,0,,,1
0,4,176,0.0,,15.0,24,4,39.0,4,62.0,16,17.0,4,1.0,1,0.0,0,0.0,1.0,1
0,2,236,0.0,,8.0,45,4,53.0,4,33.0,22,20.0,5,3.0,3,0.0,0,0.0,1.0,1
0,5,3,1.0,,3.0,47,4,50.0,4,62.0,28,16.0,5,1.0,0,4.0,0,1.0,1.0,1
1,3,78,0.0,1.0,2.0,30,1,32.0,4,72.0,21,14.0,4,2.0,2,0.0,0,0.0,1.0,1
0,3,3,0.0,,4.0,48,4,52.0,4,62.0,27,17.0,4,1.0,0,4.0,0,2.0,2.0,1
0,3,78,0.0,,6.0,24,2,30.0,4,75.0,19,16.0,5,2.0,2,0.0,0,0.0,1.0,1
1,3,236,1.0,2.0,,34,1,,4,,19,20.0,5,,2,0.0,0,,,1
1,4,78,1.0,2.0,5.0,26,1,31.0,4,62.0,17,15.0,3,2.0,2,3.0,0,0.0,1.0,1
1,2,235,0.0,1.0,,26,1,,4,,20,15.0,4,,1,0.0,0,,,1
0,3,3,0.0,,11.0,39,4,50.0,4,62.0,20,17.0,4,1.0,1,0.0,0,1.0,1.0,1
1,5,84,0.0,2.0,13.0,39,1,52.0,4,76.0,19,18.0,4,3.0,1,0.0,0,1.0,1.0,1
0,0,78,0.0,,5.0,25,2,30.0,1,0.0,15,14.0,1,1.0,1,0.0,0,0.0,1.0,2
0,0,3,0.0,,5.0,27,4,32.0,1,12.0,18,19.0,2,2.0,1,0.0,0,0.0,1.0,2
1,4,78,0.0,,9.0,17,4,26.0,1,11.0,14,14.0,1,2.0,1,0.0,0,0.0,1.0,2
0,0,3,0.0,,11.0,19,4,30.0,1,12.0,17,17.0,2,0.0,0,0.0,0,0.0,1.0,2
0,2,78,0.0,,7.0,20,4,27.0,1,11.0,15,16.0,1,2.0,2,0.0,0,0.0,1.0,2
0,4,3,0.0,,-4.0,38,4,34.0,1,11.0,16,16.0,1,0.0,0,0.0,0,1.0,1.0,2
0,0,78,0.0,,13.0,23,4,36.0,1,62.0,14,14.0,1,1.0,1,0.0,0,0.0,1.0,2
0,0,3,0.0,,35.0,35,4,70.0,1,11.0,14,14.0,1,0.0,0,0.0,0,1.0,1.0,2
0,3,3,0.0,,10.0,15,4,25.0,1,66.0,14,14.0,3,1.0,0,5.0,0,0.0,1.0,2
0,0,3,0.0,,9.0,18,4,27.0,1,11.0,16,16.0,3,1.0,0,0.0,0,0.0,1.0,2
0,3,3,0.0,,24.0,21,4,45.0,1,62.0,17,15.0,3,1.0,2,1.0,0,2.0,1.0,2
0,5,78,0.0,,,31,4,,1,,16,15.0,2,,1,0.0,0,,,2
0,0,202,0.0,,,27,1,,6,,20,19.0,3,,1,2.0,0,,,1
0,0,155,0.0,1.0,20.0,40,2,60.0,6,11.0,28,18.0,2,1.0,1,2.0,1,0.0,1.0,1
0,1,179,0.0,2.0,13.0,27,3,40.0,6,11.0,22,17.0,3,2.0,1,2.0,0,0.0,1.0,1
0,2,202,0.0,,17.0,41,7,58.0,6,42.0,21,19.0,2,1.0,1,2.0,0,0.0,1.0,1
1,1,202,0.0,1.0,6.0,42,7,48.0,6,11.0,14,15.0,3,2.0,1,4.0,1,0.0,2.0,1
0,1,188,1.0,1.0,14.0,36,2,50.0,6,11.0,22,15.0,4,2.0,2,0.0,2,0.0,1.0,1
0,2,155,0.0,,7.0,22,2,29.0,6,11.0,15,15.0,3,1.0,1,1.0,0,0.0,1.0,1
1,2,202,0.0,2.0,6.0,21,1,27.0,6,11.0,20,15.0,4,2.0,2,1.0,0,0.0,1.0,1
1,1,202,,1.0,6.0,35,1,41.0,6,11.0,24,17.0,3,1.0,2,2.0,1,0.0,1.0,1
0,1,199,0.0,2.0,5.0,32,1,37.0,6,11.0,19,18.0,4,1.0,2,0.0,0,0.0,1.0,1
0,1,31,0.0,,10.0,25,4,35.0,7,62.0,17,15.0,3,0.0,0,1.0,0,0.0,1.0,1
0,2,55,0.0,2.0,,48,2,,7,,14,14.0,4,,0,0.0,0,,,1
0,1,101,0.0,,6.0,34,3,40.0,7,33.0,25,23.0,4,3.0,3,0.0,0,0.0,1.0,1
0,3,102,0.0,,14.0,28,4,42.0,7,62.0,17,14.0,3,0.0,1,0.0,0,0.0,1.0,1
0,1,33,0.0,,12.0,25,2,37.0,7,62.0,18,16.0,4,2.0,2,0.0,0,0.0,1.0,1
0,3,996,0.0,,,27,4,,7,,19,19.0,3,,0,1.0,0,,,1
0,0,256,0.0,2.0,5.0,39,1,44.0,7,81.0,20,18.0,5,3.0,2,0.0,2,0.0,2.0,1
0,1,3,0.0,,17.0,28,4,45.0,7,62.0,16,16.0,3,0.0,0,0.0,0,0.0,1.0,1
1,0,98,0.0,,17.0,45,1,62.0,7,11.0,19,19.0,3,1.0,1,0.0,1,1.0,1.0,1
0,0,261,0.0,,,49,1,,7,,16,14.0,3,,0,5.0,0,,,1
1,5,62,1.0,2.0,18.0,32,1,50.0,7,43.0,17,14.0,4,1.0,2,0.0,1,0.0,1.0,1
0,1,45,0.0,,2.0,33,4,35.0,7,62.0,14,14.0,3,2.0,0,0.0,0,0.0,1.0,1
0,1,101,0.0,2.0,,46,1,,7,,15,17.0,4,,0,1.0,0,,,1
1,5,98,1.0,1.0,3.0,27,1,30.0,7,62.0,16,14.0,2,1.0,1,0.0,3,0.0,1.0,1
0,2,3,0.0,,10.0,38,4,48.0,9,42.0,33,13.0,4,2.0,0,0.0,0,2.0,2.0,1
1,4,191,0.0,1.0,9.0,19,1,28.0,9,62.0,17,17.0,3,2.0,2,2.0,0,0.0,2.0,1
1,1,190,0.0,1.0,0.0,38,1,38.0,9,24.0,19,16.0,4,2.0,1,0.0,2,,2.0,1
0,2,229,0.0,1.0,13.0,21,1,34.0,9,66.0,16,12.0,4,2.0,2,0.0,0,,1.0,1
0,1,189,0.0,,29.0,41,1,70.0,9,0.0,14,15.0,5,1.0,2,0.0,0,0.0,1.0,1
0,0,191,0.0,0.0,4.0,30,7,34.0,9,71.0,12,18.0,4,2.0,2,0.0,1,0.0,2.0,1
0,1,176,0.0,,9.0,20,4,29.0,9,96.0,20,17.0,5,3.0,2,0.0,0,0.0,1.0,1
0,0,54,0.0,,4.0,27,4,31.0,5,13.0,20,20.0,1,1.0,1,1.0,0,0.0,1.0,2
0,0,54,0.0,2.0,9.0,21,5,30.0,5,13.0,18,19.0,1,2.0,0,0.0,1,0.0,1.0,2
0,0,54,0.0,,16.0,46,2,62.0,5,11.0,15,15.0,1,0.0,0,5.0,1,1.0,1.0,2
0,0,5,0.0,,21.0,33,2,54.0,5,11.0,13,14.0,1,0.0,0,0.0,1,0.0,2.0,2
0,0,54,0.0,,10.0,26,4,36.0,5,11.0,21,20.0,1,0.0,0,1.0,0,1.0,1.0,2
1,2,54,1.0,1.0,5.0,28,3,33.0,5,42.0,19,21.0,2,3.0,2,2.0,1,0.0,1.0,2
0,0,54,0.0,,16.0,30,4,46.0,5,11.0,18,19.0,1,1.0,0,0.0,0,0.0,1.0,2
0,0,54,0.0,,5.0,47,2,52.0,5,11.0,17,17.0,1,0.0,0,5.0,0,0.0,1.0,2
0,0,54,1.0,,,37,2,,5,,15,15.0,1,,0,5.0,0,,,2
0,1,54,0.0,,7.0,25,2,32.0,5,11.0,20,20.0,1,1.0,0,5.0,0,0.0,1.0,2
0,2,54,0.0,,1.0,33,2,34.0,5,11.0,24,18.0,1,1.0,1,1.0,0,0.0,1.0,2
0,0,54,0.0,2.0,17.0,39,4,56.0,5,11.0,31,32.0,1,0.0,0,0.0,1,1.0,1.0,2
0,0,54,0.0,,14.0,23,4,37.0,5,11.0,16,16.0,1,0.0,0,1.0,0,0.0,1.0,2
0,0,54,0.0,,6.0,34,4,40.0,5,11.0,19,19.0,1,0.0,0,2.0,0,1.0,2.0,2
0,0,54,0.0,,8.0,30,2,38.0,5,11.0,19,19.0,1,1.0,1,0.0,0,0.0,1.0,2
0,4,54,0.0,,3.0,24,2,27.0,5,11.0,17,18.0,1,2.0,2,0.0,1,0.0,1.0,2
0,1,54,0.0,,10.0,31,4,41.0,5,11.0,18,18.0,1,1.0,1,5.0,1,0.0,1.0,2
0,1,149,0.0,,8.0,38,2,46.0,6,11.0,14,17.0,4,1.0,1,3.0,1,,1.0,1
0,3,216,1.0,,8.0,20,1,28.0,6,96.0,18,17.0,4,2.0,2,0.0,1,0.0,1.0,1
1,2,202,,1.0,2.0,30,1,32.0,6,54.0,22,17.0,3,,1,0.0,2,0.0,1.0,1
1,2,188,0.0,2.0,6.0,29,1,35.0,6,78.0,24,22.0,4,,2,1.0,1,0.0,1.0,1
0,2,216,0.0,2.0,6.0,30,1,36.0,6,21.0,24,23.0,4,3.0,3,0.0,1,0.0,1.0,1
1,5,155,0.0,2.0,,36,2,,6,,14,16.0,4,,2,0.0,0,,,1
0,2,202,1.0,,6.0,27,1,33.0,6,41.0,23,17.0,5,2.0,3,0.0,1,0.0,2.0,1
0,1,202,0.0,2.0,0.0,40,3,40.0,6,11.0,39,20.0,3,,2,0.0,0,0.0,1.0,1
0,0,202,1.0,2.0,,44,2,,6,,10,,4,,2,0.0,0,,,1
0,0,166,0.0,0.0,3.0,22,2,25.0,6,66.0,18,18.0,3,1.0,2,0.0,1,0.0,2.0,1
0,0,188,1.0,2.0,,49,3,,6,,26,18.0,4,,3,0.0,0,,,1
0,3,244,0.0,1.0,14.0,26,1,40.0,6,11.0,22,19.0,5,3.0,2,0.0,1,0.0,1.0,1
1,3,185,0.0,1.0,6.0,40,3,46.0,6,54.0,15,16.0,5,2.0,1,2.0,0,0.0,1.0,1
0,1,202,1.0,0.0,,44,1,,6,,25,20.0,4,,1,0.0,0,,,1
0,0,213,0.0,2.0,14.0,21,1,35.0,6,66.0,20,17.0,4,2.0,2,1.0,0,0.0,1.0,1
0,1,167,0.0,,11.0,42,4,53.0,1,61.0,17,18.0,3,2.0,1,0.0,0,0.0,1.0,1
0,2,69,0.0,,10.0,28,4,38.0,1,24.0,21,15.0,4,3.0,1,0.0,0,0.0,1.0,1
0,4,78,0.0,,,30,2,,1,,16,15.0,3,,1,0.0,0,,,1
0,4,256,0.0,,2.0,32,1,34.0,1,62.0,16,16.0,3,2.0,2,0.0,0,1.0,1.0,1
1,4,78,0.0,,3.0,38,2,41.0,1,66.0,12,13.0,3,,0,0.0,3,1.0,2.0,1
0,0,3,0.0,,14.0,41,4,55.0,1,66.0,13,13.0,3,1.0,0,0.0,2,1.0,2.0,1
0,0,3,0.0,,29.0,17,4,46.0,1,12.0,16,16.0,3,0.0,0,0.0,0,2.0,1.0,1
0,0,3,0.0,,13.0,27,4,40.0,1,44.0,19,18.0,3,,0,0.0,0,0.0,1.0,1
0,1,3,0.0,,20.0,30,4,50.0,1,0.0,15,14.0,4,0.0,0,0.0,0,1.0,1.0,1
0,2,4,0.0,,19.0,23,4,42.0,1,62.0,22,18.0,3,1.0,0,0.0,0,0.0,1.0,1
0,1,5,0.0,,29.0,29,4,58.0,1,11.0,14,14.0,4,2.0,0,0.0,0,1.0,1.0,1
1,4,107,0.0,2.0,4.0,36,2,40.0,11,73.0,19,15.0,4,1.0,2,0.0,0,0.0,1.0,1
1,2,156,0.0,1.0,,36,2,,11,,16,16.0,4,,1,3.0,0,,,1
0,0,167,1.0,,3.0,30,3,33.0,11,66.0,28,20.0,4,2.0,3,0.0,0,0.0,1.0,1
0,0,112,0.0,,1.0,35,3,36.0,11,31.0,32,16.0,5,3.0,2,0.0,0,0.0,2.0,1
1,2,177,0.0,2.0,10.0,32,2,42.0,11,62.0,24,17.0,4,1.0,1,0.0,0,0.0,1.0,1
0,3,996,1.0,2.0,,42,1,,11,,13,13.0,4,,2,4.0,0,,,1
0,2,235,0.0,,1.0,49,2,50.0,11,62.0,20,17.0,3,1.0,2,0.0,2,0.0,1.0,1
1,4,107,0.0,2.0,,38,2,,11,,24,15.0,4,,1,0.0,0,,,1
0,1,167,0.0,,,48,4,,8,,17,17.0,1,,0,0.0,0,,,2
0,0,167,,2.0,7.0,28,1,35.0,8,11.0,18,18.0,2,1.0,1,0.0,0,0.0,1.0,2
1,5,167,,1.0,2.0,38,1,40.0,8,,16,15.0,2,1.0,1,0.0,3,0.0,2.0,2
0,3,167,1.0,2.0,7.0,38,1,45.0,8,11.0,19,16.0,2,1.0,1,0.0,0,0.0,1.0,2
0,1,167,0.0,2.0,,48,2,,8,,24,,1,,1,0.0,0,,,2
0,0,173,,2.0,6.0,35,2,41.0,8,62.0,30,15.0,3,1.0,1,5.0,1,0.0,1.0,2
0,3,167,1.0,0.0,,25,2,,8,,18,12.0,2,,2,0.0,0,,,2
0,0,167,0.0,,11.0,23,4,34.0,8,66.0,15,17.0,2,1.0,1,0.0,2,0.0,2.0,2
0,1,167,0.0,,6.0,44,4,50.0,8,11.0,15,12.0,1,1.0,1,0.0,2,0.0,1.0,2
0,4,167,0.0,1.0,13.0,28,1,41.0,8,72.0,18,19.0,4,1.0,2,0.0,0,0.0,1.0,2
0,4,245,1.0,2.0,13.0,36,2,49.0,12,72.0,23,17.0,4,2.0,1,0.0,1,0.0,1.0,1
0,3,242,0.0,1.0,6.0,26,1,32.0,12,72.0,25,14.0,5,2.0,2,0.0,0,0.0,1.0,1
1,3,236,1.0,2.0,,43,1,,12,,32,15.0,3,,3,0.0,0,,,1
1,3,235,,2.0,2.0,26,1,28.0,12,66.0,14,13.0,4,,1,0.0,2,0.0,2.0,1
0,0,236,0.0,,,48,1,,12,,20,8.0,4,,1,0.0,0,,,1
1,5,202,,2.0,6.0,28,1,34.0,12,82.0,19,16.0,5,2.0,3,0.0,0,0.0,1.0,1
0,2,236,0.0,,3.0,27,1,30.0,12,62.0,23,18.0,4,2.0,1,0.0,1,0.0,1.0,1
1,0,245,1.0,1.0,8.0,33,2,41.0,12,82.0,15,16.0,4,2.0,2,0.0,2,0.0,1.0,1
1,0,202,0.0,2.0,11.0,31,1,42.0,6,14.0,27,22.0,3,,1,0.0,0,0.0,1.0,1
0,1,202,0.0,0.0,6.0,34,2,40.0,6,62.0,30,19.0,4,2.0,1,0.0,0,0.0,1.0,1
0,0,202,0.0,,,48,7,,6,,28,17.0,3,,1,0.0,0,,,1
0,2,202,0.0,,7.0,38,2,45.0,6,66.0,18,18.0,3,1.0,1,1.0,1,0.0,1.0,1
0,2,199,1.0,0.0,7.0,38,2,45.0,6,71.0,22,21.0,3,1.0,2,0.0,0,0.0,1.0,1
0,1,201,,1.0,8.0,37,1,45.0,6,54.0,16,16.0,4,1.0,2,0.0,0,0.0,1.0,1
0,1,202,0.0,1.0,2.0,48,1,50.0,6,11.0,18,18.0,4,1.0,1,0.0,2,0.0,1.0,1
1,1,256,0.0,2.0,4.0,26,1,30.0,4,62.0,17,17.0,4,2.0,2,0.0,2,0.0,1.0,2
0,0,256,0.0,,-3.0,48,1,45.0,4,14.0,40,15.0,2,1.0,1,0.0,1,0.0,1.0,2
1,3,256,0.0,1.0,4.0,30,1,34.0,4,11.0,18,14.0,2,1.0,1,0.0,0,0.0,1.0,2
0,3,262,0.0,1.0,6.0,17,1,23.0,4,11.0,13,14.0,1,,1,2.0,1,0.0,1.0,2
0,0,256,0.0,,7.0,33,1,40.0,4,66.0,31,18.0,2,2.0,1,0.0,0,0.0,2.0,2
1,3,256,0.0,0.0,7.0,32,1,39.0,4,11.0,29,13.0,5,2.0,2,2.0,1,0.0,1.0,2
1,2,256,1.0,,13.0,46,1,59.0,4,11.0,20,16.0,5,2.0,2,0.0,2,0.0,1.0,2
0,1,256,1.0,2.0,,36,1,,4,,17,13.0,2,,2,0.0,0,,,2
1,4,256,1.0,1.0,4.0,30,1,34.0,4,12.0,18,15.0,3,2.0,2,0.0,1,0.0,1.0,2
1,1,256,0.0,2.0,5.0,32,1,37.0,4,11.0,21,16.0,2,1.0,1,0.0,0,0.0,1.0,2
0,0,256,0.0,,,18,1,,4,,13,15.0,3,,1,0.0,0,,,2
1,3,256,1.0,1.0,2.0,33,1,35.0,4,11.0,26,17.0,2,1.0,2,0.0,2,0.0,1.0,2
1,5,256,1.0,1.0,-4.0,32,2,28.0,4,46.0,15,14.0,3,1.0,2,2.0,1,0.0,1.0,2
0,0,241,0.0,0.0,19.0,24,1,43.0,4,82.0,21,14.0,4,2.0,2,0.0,0,0.0,1.0,2
1,4,256,1.0,,,18,1,,4,,14,11.0,3,,2,4.0,0,,,2
1,1,220,,,10.0,30,2,40.0,2,62.0,17,15.0,2,1.0,0,0.0,0,1.0,1.0,2
0,1,220,0.0,,13.0,18,4,31.0,2,62.0,15,15.0,3,2.0,1,2.0,0,0.0,2.0,2
0,5,220,1.0,1.0,30.0,30,1,60.0,2,62.0,23,12.0,3,1.0,1,0.0,1,2.0,1.0,2
0,2,220,0.0,1.0,23.0,40,1,63.0,2,62.0,11,12.0,2,1.0,1,0.0,1,0.0,1.0,2
0,0,220,0.0,,3.0,29,1,32.0,2,11.0,20,15.0,3,1.0,2,0.0,3,0.0,1.0,2
1,2,220,1.0,1.0,,22,1,,2,,14,14.0,3,,2,0.0,0,,,2
0,5,220,1.0,1.0,21.0,32,1,53.0,2,62.0,28,15.0,3,1.0,1,0.0,1,1.0,1.0,2
0,0,220,1.0,,12.0,20,2,32.0,2,11.0,14,12.0,3,1.0,1,0.0,0,0.0,1.0,2
1,5,220,,1.0,,30,1,,2,,21,15.0,1,,1,0.0,0,,,2
1,2,220,1.0,1.0,,20,2,,2,,14,13.0,2,,2,0.0,0,,,2
0,5,220,,2.0,3.0,17,2,20.0,2,0.0,17,14.0,3,2.0,2,0.0,1,,2.0,2
0,5,220,,1.0,2.0,35,1,37.0,2,62.0,19,15.0,2,1.0,1,0.0,1,,2.0,2
1,5,996,0.0,1.0,,20,1,,2,,12,13.0,2,,2,0.0,0,,,2
1,0,220,1.0,1.0,17.0,42,1,59.0,2,62.0,22,19.0,3,1.0,2,1.0,0,1.0,1.0,2
1,3,220,1.0,2.0,7.0,17,2,24.0,2,11.0,13,11.0,2,2.0,2,2.0,0,0.0,1.0,2
0,4,225,0.0,,2.0,42,1,44.0,2,11.0,18,13.0,2,1.0,1,2.0,0,0.0,1.0,2
1,3,229,1.0,,,36,1,,2,,27,17.0,2,,2,0.0,0,,,2
0,2,98,0.0,2.0,14.0,22,1,36.0,7,72.0,21,20.0,1,1.0,1,0.0,0,0.0,1.0,2
1,0,77,0.0,,20.0,35,4,55.0,7,11.0,12,12.0,3,1.0,0,0.0,0,0.0,1.0,2
1,1,77,0.0,,35.0,33,4,68.0,7,11.0,15,15.0,2,0.0,0,0.0,0,0.0,1.0,2
1,0,55,0.0,1.0,7.0,36,1,43.0,7,11.0,18,19.0,2,0.0,0,0.0,0,0.0,1.0,2
1,1,33,1.0,2.0,,44,1,,7,,16,13.0,2,,0,0.0,0,,,2
0,0,77,0.0,,1.0,37,1,38.0,7,11.0,17,17.0,2,0.0,1,0.0,0,0.0,1.0,2
1,3,36,0.0,,,20,4,,7,,15,15.0,2,,1,0.0,0,,,2
1,2,55,1.0,0.0,9.0,19,1,28.0,7,66.0,18,16.0,3,2.0,2,4.0,0,0.0,1.0,2
0,5,77,,,,32,4,,7,,17,17.0,3,,1,0.0,0,,,2
0,3,77,0.0,2.0,-1.0,38,4,37.0,7,66.0,12,11.0,3,2.0,1,2.0,0,1.0,1.0,2
0,1,245,1.0,2.0,8.0,28,1,36.0,12,31.0,17,17.0,5,3.0,3,0.0,0,0.0,1.0,1
0,0,232,0.0,0.0,3.0,32,5,35.0,12,82.0,29,19.0,5,3.0,3,0.0,2,0.0,2.0,1
1,2,996,1.0,1.0,,35,1,,12,,27,20.0,5,,2,1.0,0,,,1
0,1,202,0.0,2.0,8.0,39,1,47.0,12,33.0,24,19.0,5,3.0,3,0.0,0,0.0,1.0,1
1,1,202,0.0,1.0,5.0,45,3,50.0,12,72.0,22,20.0,5,2.0,2,0.0,3,0.0,1.0,1
0,3,3,0.0,,,23,4,,12,,10,13.0,5,,0,1.0,0,,,1
1,1,202,0.0,,,47,1,,12,,23,17.0,5,,2,0.0,0,,,1
0,0,14,0.0,,22.0,48,4,70.0,12,13.0,15,14.0,5,0.0,0,0.0,1,2.0,2.0,1
0,0,202,1.0,0.0,8.0,39,3,47.0,12,31.0,24,18.0,5,2.0,2,0.0,2,0.0,2.0,1
1,3,244,1.0,0.0,18.0,41,1,59.0,2,81.0,13,14.0,5,2.0,2,0.0,2,0.0,1.0,1
0,0,47,0.0,,13.0,19,1,32.0,2,96.0,18,15.0,3,1.0,0,0.0,0,0.0,1.0,1
0,0,208,0.0,,8.0,28,1,36.0,2,53.0,19,16.0,4,2.0,2,0.0,0,0.0,1.0,1
0,1,234,0.0,,,46,3,,2,,13,13.0,2,,1,1.0,0,,,1
0,0,256,0.0,0.0,3.0,42,3,45.0,2,31.0,16,16.0,5,2.0,2,0.0,2,0.0,1.0,1
0,2,229,1.0,1.0,10.0,30,1,40.0,2,33.0,22,17.0,5,3.0,3,0.0,0,0.0,1.0,1
1,4,144,1.0,2.0,,40,2,,2,,21,18.0,4,,2,0.0,0,,,1
0,2,89,0.0,1.0,2.0,41,2,43.0,2,54.0,17,17.0,3,2.0,1,0.0,0,0.0,1.0,1
1,4,996,1.0,1.0,9.0,24,1,33.0,2,63.0,19,17.0,4,2.0,2,1.0,0,0.0,1.0,1
0,0,245,0.0,,6.0,39,3,45.0,2,96.0,22,14.0,3,2.0,2,0.0,0,0.0,1.0,1
0,0,197,0.0,,,43,1,,2,,19,18.0,5,,2,4.0,0,,,1
1,5,244,1.0,2.0,,33,1,,2,,25,14.0,4,,2,0.0,0,,,1
0,1,47,0.0,0.0,9.0,35,3,44.0,2,73.0,18,16.0,4,,2,0.0,0,0.0,1.0,1
0,2,244,0.0,0.0,3.0,28,3,31.0,2,11.0,18,16.0,3,2.0,1,1.0,0,0.0,1.0,1
1,2,244,0.0,0.0,3.0,19,1,22.0,2,63.0,15,14.0,4,2.0,1,0.0,2,0.0,1.0,1
0,0,256,0.0,,5.0,25,1,30.0,10,96.0,18,15.0,2,2.0,2,0.0,0,0.0,1.0,2
1,2,245,1.0,,8.0,27,2,35.0,10,11.0,25,15.0,2,2.0,2,3.0,0,0.0,1.0,2
1,0,245,0.0,,11.0,32,2,43.0,10,62.0,18,15.0,3,2.0,2,0.0,0,0.0,2.0,2
1,2,245,1.0,2.0,,49,1,,10,,21,14.0,3,,1,3.0,0,,,2
0,1,245,0.0,2.0,10.0,43,2,53.0,10,11.0,32,16.0,3,2.0,2,4.0,0,0.0,1.0,2
0,0,245,0.0,,,34,2,,10,,23,14.0,3,,1,0.0,0,,,2
1,1,245,0.0,2.0,12.0,29,2,41.0,10,33.0,21,19.0,2,2.0,2,2.0,3,0.0,1.0,2
1,0,245,0.0,1.0,4.0,28,2,32.0,10,77.0,12,14.0,2,1.0,1,0.0,0,0.0,1.0,2
0,0,245,0.0,,6.0,27,2,33.0,10,82.0,25,17.0,2,2.0,2,0.0,0,0.0,2.0,2
1,2,245,1.0,1.0,10.0,35,1,45.0,10,11.0,16,16.0,3,1.0,1,1.0,0,0.0,1.0,2
0,0,245,0.0,,21.0,44,2,65.0,10,11.0,18,15.0,1,2.0,1,0.0,0,0.0,1.0,2
1,0,229,1.0,,16.0,36,1,52.0,10,11.0,20,17.0,2,2.0,1,1.0,0,0.0,1.0,2
1,3,245,1.0,1.0,2.0,42,2,44.0,10,73.0,19,16.0,3,2.0,1,2.0,0,0.0,1.0,2
1,4,235,0.0,1.0,,23,1,,2,,17,16.0,4,,2,0.0,0,,,1
1,4,244,0.0,2.0,3.0,24,1,27.0,2,77.0,14,14.0,4,1.0,2,0.0,2,0.0,1.0,1
1,1,235,1.0,2.0,18.0,29,1,47.0,2,66.0,17,15.0,4,2.0,2,0.0,0,0.0,1.0,1
1,3,235,0.0,0.0,1.0,28,5,29.0,2,62.0,23,16.0,4,2.0,2,0.0,1,0.0,1.0,1
1,1,232,0.0,0.0,16.0,30,1,46.0,2,54.0,22,19.0,5,2.0,2,0.0,0,0.0,1.0,1
1,5,235,0.0,0.0,6.0,29,1,35.0,2,66.0,14,,4,2.0,2,1.0,1,0.0,1.0,1
1,5,235,1.0,1.0,10.0,28,1,38.0,2,33.0,21,16.0,4,2.0,1,1.0,1,,1.0,1
1,4,235,1.0,1.0,,40,1,,2,,22,14.0,3,,2,0.0,0,,,1
1,0,235,1.0,,1.0,39,1,40.0,2,66.0,20,17.0,4,2.0,2,0.0,0,0.0,1.0,1
1,3,244,1.0,,6.0,24,2,30.0,2,31.0,19,15.0,4,2.0,2,0.0,1,0.0,1.0,1
1,2,202,0.0,,-2.0,34,1,32.0,2,61.0,20,17.0,4,1.0,2,5.0,1,0.0,1.0,1
1,0,155,0.0,2.0,69.0,26,1,95.0,3,62.0,23,17.0,4,,2,1.0,0,0.0,1.0,1
1,3,202,1.0,,5.0,23,1,28.0,3,61.0,17,18.0,5,2.0,2,2.0,1,0.0,1.0,1
0,3,202,0.0,,16.0,32,1,48.0,3,62.0,16,17.0,5,2.0,2,0.0,0,0.0,1.0,1
0,0,169,0.0,1.0,10.0,19,1,29.0,3,82.0,18,18.0,5,3.0,2,1.0,0,0.0,1.0,1
1,2,202,0.0,0.0,8.0,38,1,46.0,3,75.0,22,21.0,4,1.0,2,1.0,1,0.0,1.0,1
1,3,4,1.0,1.0,7.0,28,2,35.0,3,62.0,16,16.0,3,1.0,1,5.0,2,1.0,1.0,1
0,2,202,0.0,,4.0,31,1,35.0,3,62.0,13,16.0,4,2.0,2,0.0,0,0.0,1.0,1
0,2,101,0.0,,13.0,17,3,30.0,3,63.0,17,16.0,3,2.0,1,1.0,0,0.0,1.0,1
0,0,189,0.0,2.0,3.0,34,1,37.0,3,76.0,24,15.0,4,2.0,1,0.0,0,0.0,1.0,1
0,0,193,1.0,0.0,22.0,48,2,70.0,9,0.0,20,12.0,3,1.0,1,1.0,1,1.0,1.0,2
1,0,202,0.0,1.0,9.0,20,2,29.0,9,11.0,15,16.0,2,1.0,2,0.0,0,0.0,1.0,2
0,0,202,0.0,2.0,13.0,45,2,58.0,9,32.0,17,18.0,3,1.0,1,0.0,0,0.0,1.0,2
1,5,197,1.0,2.0,-4.0,40,2,36.0,9,54.0,21,15.0,3,2.0,1,0.0,3,1.0,2.0,2
0,0,193,0.0,,2.0,41,2,43.0,9,72.0,17,17.0,3,1.0,2,0.0,0,0.0,1.0,2
0,0,202,0.0,1.0,17.0,32,2,49.0,9,11.0,22,16.0,3,2.0,1,0.0,1,1.0,1.0,2
1,3,202,0.0,1.0,,48,1,,9,,20,15.0,2,,1,0.0,0,,,2
0,0,193,0.0,2.0,5.0,37,1,42.0,9,11.0,31,16.0,2,1.0,1,0.0,0,0.0,1.0,2
0,1,202,0.0,,5.0,27,2,32.0,9,66.0,16,14.0,4,1.0,2,0.0,0,0.0,1.0,2
0,0,3,0.0,,17.0,18,4,35.0,9,11.0,18,16.0,3,1.0,1,3.0,0,0.0,1.0,2
0,1,202,1.0,0.0,3.0,29,2,32.0,9,54.0,18,17.0,3,2.0,2,0.0,0,0.0,1.0,2
0,0,202,0.0,2.0,,25,2,,9,,17,16.0,2,,2,0.0,0,,,2
1,3,3,0.0,,27.0,21,4,48.0,9,11.0,14,14.0,3,1.0,1,0.0,0,0.0,2.0,2
1,3,3,0.0,,8.0,23,4,31.0,5,82.0,12,17.0,4,1.0,2,0.0,0,0.0,1.0,1
0,1,33,0.0,2.0,8.0,28,4,36.0,5,61.0,11,15.0,4,1.0,1,0.0,0,0.0,1.0,1
0,1,3,0.0,,5.0,28,4,33.0,5,62.0,15,16.0,4,,0,0.0,0,0.0,1.0,1
0,0,3,0.0,,,29,4,,5,,12,13.0,3,,0,0.0,0,,,1
0,0,3,0.0,,16.0,21,4,37.0,5,33.0,15,15.0,5,3.0,3,0.0,0,0.0,1.0,1
0,0,3,0.0,,12.0,42,4,54.0,5,78.0,17,18.0,4,0.0,0,0.0,0,0.0,1.0,1
0,4,3,0.0,,8.0,20,4,28.0,5,62.0,15,15.0,3,1.0,0,0.0,0,0.0,1.0,1
0,1,33,0.0,,21.0,31,4,52.0,5,42.0,14,14.0,4,2.0,1,1.0,0,0.0,1.0,1
0,0,3,0.0,,12.0,28,4,40.0,5,62.0,26,19.0,5,3.0,2,0.0,0,1.0,1.0,1
0,0,996,0.0,,13.0,38,4,51.0,5,61.0,15,16.0,2,0.0,0,0.0,0,0.0,1.0,1
0,0,3,0.0,,14.0,21,4,35.0,5,62.0,14,15.0,4,1.0,1,0.0,0,0.0,1.0,1
0,2,3,0.0,,8.0,26,4,34.0,5,62.0,17,19.0,4,1.0,1,0.0,0,0.0,1.0,1
0,0,3,0.0,,10.0,23,4,33.0,5,81.0,21,21.0,5,3.0,3,0.0,0,0.0,2.0,1
1,3,5,0.0,,7.0,25,4,32.0,5,78.0,20,15.0,4,0.0,1,4.0,0,0.0,1.0,1
0,5,45,0.0,,6.0,21,4,27.0,5,66.0,20,21.0,3,2.0,1,5.0,0,0.0,1.0,1
0,5,232,1.0,,7.0,21,1,28.0,2,11.0,15,16.0,3,1.0,2,0.0,0,0.0,1.0,2
0,3,232,0.0,0.0,,25,2,,2,,22,20.0,5,,2,0.0,0,,,2
0,0,232,0.0,,10.0,48,1,58.0,2,42.0,19,17.0,5,2.0,2,0.0,0,0.0,1.0,2
1,2,232,0.0,2.0,16.0,36,2,52.0,2,11.0,19,16.0,4,2.0,1,0.0,0,0.0,1.0,2
0,2,232,0.0,1.0,2.0,33,2,35.0,2,62.0,13,14.0,4,1.0,1,0.0,0,0.0,1.0,2
0,0,165,0.0,,2.0,26,2,28.0,2,11.0,20,15.0,4,1.0,2,0.0,0,0.0,1.0,2
1,5,235,0.0,2.0,2.0,48,1,50.0,2,11.0,22,17.0,2,,1,1.0,0,0.0,1.0,2
0,1,202,0.0,,9.0,26,2,35.0,9,11.0,16,19.0,3,1.0,2,3.0,0,0.0,1.0,2
0,0,197,0.0,,0.0,36,2,36.0,9,11.0,23,16.0,3,2.0,2,0.0,0,0.0,1.0,2
0,0,197,0.0,2.0,7.0,38,2,45.0,9,66.0,24,18.0,3,1.0,1,0.0,2,0.0,2.0,2
0,1,202,0.0,2.0,5.0,21,2,26.0,9,24.0,20,19.0,3,2.0,2,0.0,0,0.0,1.0,2
0,0,195,0.0,2.0,8.0,37,2,45.0,9,66.0,27,17.0,3,2.0,3,0.0,0,0.0,1.0,2
0,0,202,0.0,0.0,11.0,48,2,59.0,9,11.0,18,19.0,3,1.0,1,0.0,2,0.0,1.0,2
1,0,202,0.0,2.0,23.0,21,1,44.0,9,11.0,17,,3,2.0,1,0.0,0,0.0,1.0,2
1,5,197,0.0,,,29,7,,9,,16,16.0,3,,1,0.0,0,,,2
1,3,202,0.0,2.0,7.0,33,1,40.0,9,11.0,19,17.0,4,2.0,2,0.0,0,0.0,2.0,2
0,0,197,0.0,,,42,2,,9,,17,19.0,2,,2,0.0,0,,,2
1,1,1,0.0,,10.0,22,4,32.0,5,62.0,19,18.0,2,1.0,1,0.0,0,0.0,1.0,1
0,0,1,0.0,,9.0,48,4,57.0,5,11.0,13,13.0,3,0.0,0,1.0,0,0.0,1.0,1
0,0,1,0.0,,13.0,21,4,34.0,5,62.0,16,16.0,3,2.0,0,0.0,0,0.0,1.0,1
0,1,5,0.0,,10.0,20,4,30.0,5,62.0,16,17.0,3,0.0,0,1.0,0,0.0,1.0,1
0,1,996,0.0,,6.0,28,4,34.0,5,11.0,13,14.0,2,0.0,0,3.0,0,1.0,1.0,1
0,0,21,0.0,,27.0,30,4,57.0,5,0.0,15,16.0,2,0.0,0,3.0,0,1.0,1.0,1
0,0,4,0.0,,10.0,45,4,55.0,5,11.0,16,17.0,2,0.0,0,5.0,0,0.0,1.0,1
0,1,5,0.0,,15.0,25,4,40.0,5,44.0,13,14.0,3,0.0,0,1.0,0,0.0,1.0,1
0,1,4,0.0,,15.0,30,4,45.0,5,62.0,16,17.0,2,1.0,0,3.0,0,0.0,1.0,1
0,0,1,0.0,,16.0,38,4,54.0,5,11.0,15,16.0,2,0.0,0,0.0,0,2.0,1.0,1
0,2,4,0.0,,4.0,26,4,30.0,5,61.0,21,18.0,3,2.0,1,2.0,0,0.0,1.0,1
0,1,4,0.0,,10.0,35,4,45.0,5,13.0,23,18.0,2,0.0,0,2.0,0,0.0,2.0,1
0,0,1,0.0,,18.0,34,4,52.0,5,11.0,24,18.0,2,2.0,0,0.0,0,1.0,1.0,1
0,0,21,0.0,,13.0,32,4,45.0,5,82.0,15,15.0,2,0.0,0,5.0,0,1.0,1.0,1
0,0,996,0.0,,8.0,20,4,28.0,5,61.0,17,17.0,1,2.0,1,1.0,0,0.0,1.0,1
0,0,5,0.0,,6.0,24,4,30.0,5,78.0,18,18.0,3,1.0,0,2.0,0,0.0,1.0,1
0,0,4,0.0,,16.0,18,4,34.0,5,62.0,14,15.0,2,0.0,2,0.0,0,0.0,1.0,1
0,1,21,0.0,,36.0,40,4,76.0,5,11.0,18,16.0,2,0.0,1,3.0,0,1.0,1.0,1
1,5,245,0.0,1.0,19.0,38,2,57.0,10,51.0,25,18.0,4,2.0,2,0.0,2,0.0,1.0,2
1,3,245,0.0,2.0,16.0,33,2,49.0,10,11.0,16,14.0,3,2.0,1,2.0,0,0.0,1.0,2
0,2,245,1.0,,-2.0,27,2,25.0,10,75.0,19,15.0,2,2.0,2,2.0,2,0.0,2.0,2
1,5,245,0.0,1.0,3.0,38,2,41.0,10,72.0,18,18.0,3,2.0,2,0.0,1,0.0,1.0,2
1,2,245,0.0,2.0,8.0,28,2,36.0,10,77.0,23,15.0,2,2.0,2,1.0,0,0.0,1.0,2
0,0,236,0.0,,6.0,18,1,24.0,10,52.0,18,17.0,5,2.0,2,0.0,1,0.0,1.0,2
1,4,245,0.0,0.0,2.0,45,2,47.0,10,21.0,18,15.0,5,2.0,2,3.0,0,0.0,1.0,2
1,2,245,0.0,1.0,-7.0,35,2,28.0,10,11.0,20,15.0,2,2.0,2,0.0,0,0.0,1.0,2
0,4,245,1.0,,10.0,25,2,35.0,10,62.0,16,13.0,3,2.0,1,1.0,0,0.0,1.0,2
0,1,202,0.0,0.0,5.0,36,2,41.0,3,66.0,22,17.0,5,2.0,2,0.0,0,0.0,1.0,1
0,4,185,0.0,0.0,4.0,28,1,32.0,3,31.0,25,21.0,5,3.0,3,0.0,0,0.0,1.0,1
1,5,202,0.0,1.0,1.0,39,1,40.0,3,66.0,25,21.0,3,2.0,2,0.0,0,0.0,1.0,1
0,0,189,0.0,0.0,5.0,26,2,31.0,3,77.0,21,16.0,5,2.0,2,3.0,0,0.0,1.0,1
0,0,188,0.0,1.0,,33,1,,3,,18,16.0,3,,2,0.0,0,,,1
0,0,202,0.0,2.0,15.0,33,2,48.0,3,62.0,22,23.0,5,2.0,2,0.0,0,0.0,1.0,1
0,1,179,0.0,2.0,3.0,37,2,40.0,3,24.0,34,20.0,5,3.0,2,0.0,0,0.0,1.0,1
0,0,202,0.0,2.0,1.0,34,2,35.0,3,62.0,24,20.0,5,2.0,2,0.0,0,0.0,1.0,1
0,0,208,0.0,,7.0,35,2,42.0,3,42.0,27,25.0,5,3.0,3,0.0,0,0.0,1.0,1
0,0,202,0.0,0.0,2.0,30,2,32.0,3,66.0,28,22.0,5,2.0,2,0.0,0,0.0,1.0,1
0,0,202,0.0,1.0,20.0,35,1,55.0,3,72.0,19,18.0,4,2.0,1,0.0,3,2.0,1.0,1
0,4,141,1.0,0.0,10.0,35,3,45.0,3,72.0,20,18.0,5,2.0,2,0.0,0,0.0,1.0,1
0,0,202,0.0,0.0,5.0,46,1,51.0,3,73.0,21,19.0,4,1.0,2,0.0,0,0.0,1.0,1
0,1,202,1.0,1.0,-1.0,31,1,30.0,12,33.0,26,17.0,4,3.0,2,0.0,0,0.0,1.0,1
1,3,202,1.0,2.0,9.0,30,1,39.0,12,73.0,20,17.0,4,2.0,2,0.0,2,0.0,1.0,1
0,0,202,1.0,,,45,1,,12,,24,18.0,5,,1,0.0,0,,,1
0,3,190,1.0,1.0,5.0,25,2,30.0,12,62.0,21,18.0,4,2.0,2,0.0,0,0.0,1.0,1
1,2,202,0.0,1.0,5.0,21,1,26.0,12,36.0,18,16.0,4,2.0,2,0.0,2,0.0,1.0,1
1,4,179,1.0,0.0,-4.0,47,1,43.0,12,66.0,22,20.0,3,2.0,2,1.0,0,2.0,1.0,1
1,4,201,,,5.0,47,3,52.0,12,62.0,27,15.0,4,1.0,2,2.0,3,,1.0,1
0,0,179,1.0,0.0,9.0,33,3,42.0,12,96.0,18,18.0,5,2.0,2,0.0,0,0.0,1.0,1
0,3,236,1.0,2.0,-5.0,36,1,31.0,12,61.0,17,16.0,5,3.0,2,0.0,3,0.0,1.0,1
0,1,18,0.0,2.0,5.0,20,1,25.0,12,62.0,18,18.0,4,2.0,0,0.0,0,0.0,1.0,1
1,2,202,0.0,2.0,12.0,36,1,48.0,12,66.0,21,20.0,4,2.0,2,0.0,1,0.0,1.0,1
0,2,236,0.0,2.0,2.0,38,1,40.0,12,11.0,22,14.0,4,2.0,2,0.0,0,0.0,1.0,1
0,4,996,0.0,2.0,11.0,24,2,35.0,12,72.0,22,17.0,3,3.0,2,0.0,2,,2.0,1
0,0,236,0.0,0.0,1.0,48,1,49.0,12,31.0,24,19.0,5,3.0,3,0.0,1,0.0,1.0,1
0,4,227,0.0,,,49,3,,12,,37,15.0,5,,2,0.0,0,,,1
0,2,202,0.0,2.0,7.0,37,1,44.0,12,66.0,18,14.0,4,1.0,2,2.0,0,0.0,1.0,1
1,0,245,0.0,,2.0,30,2,32.0,12,66.0,21,16.0,4,2.0,1,0.0,0,0.0,1.0,1
1,0,236,1.0,2.0,8.0,30,1,38.0,12,36.0,19,15.0,5,2.0,3,1.0,1,0.0,1.0,1
1,5,4,0.0,0.0,,30,4,,2,,17,15.0,4,,1,1.0,0,,,1
0,0,176,0.0,,,23,4,,2,,18,17.0,4,,1,0.0,0,,,1
1,5,219,0.0,,,48,4,,2,,28,13.0,4,,0,4.0,0,,,1
0,3,4,0.0,,3.0,24,4,27.0,2,78.0,20,20.0,4,2.0,1,3.0,1,0.0,1.0,1
1,3,4,0.0,2.0,13.0,32,4,45.0,2,78.0,18,16.0,3,0.0,0,3.0,0,0.0,1.0,1
0,0,219,1.0,,4.0,21,7,25.0,2,73.0,15,15.0,4,2.0,2,0.0,0,0.0,1.0,1
0,0,219,1.0,,12.0,29,2,41.0,2,72.0,18,18.0,3,1.0,2,0.0,0,0.0,1.0,1
1,5,4,0.0,,3.0,38,4,41.0,2,66.0,24,18.0,4,1.0,1,0.0,1,1.0,2.0,1
0,0,176,0.0,,5.0,19,4,24.0,2,66.0,15,15.0,4,2.0,2,2.0,0,0.0,1.0,1
0,0,4,0.0,,,19,4,,2,,15,13.0,4,,0,0.0,0,,,1
0,1,3,0.0,,13.0,30,4,43.0,2,66.0,16,15.0,5,,1,0.0,0,0.0,1.0,1
0,1,4,0.0,,19.0,39,4,58.0,2,96.0,21,18.0,5,2.0,2,0.0,0,0.0,1.0,1
1,3,153,1.0,2.0,6.0,36,1,42.0,8,73.0,21,17.0,5,2.0,2,2.0,1,0.0,1.0,2
0,2,153,0.0,0.0,2.0,24,3,26.0,8,62.0,16,17.0,4,1.0,2,0.0,1,,2.0,2
1,0,177,0.0,,3.0,37,2,40.0,8,66.0,25,20.0,4,2.0,2,0.0,0,0.0,1.0,2
1,2,157,0.0,0.0,7.0,28,2,35.0,8,66.0,19,16.0,3,2.0,2,2.0,0,0.0,1.0,2
0,3,157,,0.0,7.0,28,2,35.0,8,72.0,20,19.0,3,1.0,1,0.0,0,0.0,1.0,2
0,0,176,1.0,,10.0,32,3,42.0,8,44.0,27,15.0,4,2.0,2,0.0,0,0.0,1.0,2
0,0,153,1.0,,2.0,22,2,24.0,8,96.0,15,18.0,4,2.0,3,0.0,0,0.0,2.0,2
1,4,157,0.0,0.0,,34,2,,8,,29,22.0,3,,1,0.0,0,,,2
1,3,157,,2.0,10.0,42,2,52.0,8,82.0,14,14.0,3,1.0,1,0.0,2,0.0,1.0,2
1,3,153,1.0,2.0,,26,3,,8,,21,16.0,2,,2,0.0,0,,,2
1,5,157,,,9.0,49,1,58.0,8,72.0,18,18.0,4,2.0,1,0.0,1,0.0,1.0,2
0,0,98,0.0,2.0,3.0,20,2,23.0,5,82.0,17,17.0,3,2.0,2,0.0,1,0.0,1.0,1
0,3,21,0.0,,12.0,20,4,32.0,5,96.0,18,18.0,4,2.0,2,2.0,0,1.0,2.0,1
0,1,4,0.0,,,36,4,,5,,15,14.0,4,,1,1.0,0,,,1
0,0,55,1.0,,15.0,24,4,39.0,5,62.0,18,17.0,4,0.0,2,0.0,0,0.0,1.0,1
1,2,21,0.0,,,36,4,,5,,19,,3,,0,0.0,0,,,1
0,0,21,0.0,,9.0,27,4,36.0,5,66.0,17,17.0,4,2.0,2,0.0,0,0.0,1.0,1
0,0,996,0.0,,13.0,30,4,43.0,5,24.0,16,17.0,4,3.0,1,0.0,0,0.0,1.0,1
0,0,21,0.0,,12.0,29,4,41.0,5,33.0,22,22.0,4,3.0,3,0.0,0,0.0,1.0,1
0,0,21,0.0,,20.0,29,4,49.0,5,33.0,23,22.0,4,3.0,2,0.0,0,0.0,1.0,1
0,0,47,0.0,0.0,5.0,25,1,30.0,5,11.0,18,18.0,1,2.0,0,0.0,0,0.0,1.0,2
0,0,101,0.0,,6.0,30,1,36.0,5,11.0,14,15.0,1,0.0,0,2.0,0,0.0,1.0,2
0,0,3,0.0,,33.0,32,4,65.0,5,11.0,15,15.0,1,0.0,0,5.0,0,0.0,1.0,2
0,0,3,0.0,,8.0,17,4,25.0,5,11.0,15,16.0,1,0.0,0,3.0,0,0.0,1.0,2
0,0,47,0.0,2.0,6.0,27,1,33.0,5,11.0,18,17.0,1,2.0,0,5.0,1,1.0,1.0,2
0,3,101,0.0,,7.0,40,5,47.0,5,11.0,17,18.0,1,0.0,0,1.0,0,1.0,1.0,2
0,0,3,0.0,,16.0,44,4,60.0,5,11.0,18,18.0,1,0.0,0,5.0,0,0.0,1.0,2
0,2,101,0.0,,15.0,30,5,45.0,5,11.0,12,12.0,1,1.0,0,0.0,0,0.0,1.0,2
0,0,3,0.0,,5.0,30,4,35.0,5,11.0,13,14.0,1,0.0,0,0.0,0,0.0,1.0,2
1,0,101,1.0,2.0,7.0,30,5,37.0,5,11.0,15,16.0,1,2.0,1,3.0,0,0.0,1.0,2
0,1,3,0.0,,15.0,30,4,45.0,5,11.0,17,18.0,1,0.0,0,0.0,0,0.0,1.0,2
0,0,3,0.0,,8.0,23,4,31.0,5,11.0,15,16.0,1,0.0,0,0.0,0,0.0,1.0,2
0,0,3,0.0,,-4.0,28,4,24.0,5,11.0,13,13.0,1,0.0,0,3.0,0,0.0,1.0,2
0,1,61,0.0,,3.0,25,1,28.0,5,33.0,20,21.0,2,2.0,2,1.0,0,0.0,2.0,2
0,0,32,0.0,,3.0,35,5,38.0,5,11.0,15,16.0,1,1.0,0,0.0,1,0.0,1.0,2
0,0,39,0.0,,11.0,27,2,38.0,5,11.0,14,15.0,1,1.0,0,0.0,1,0.0,1.0,2
0,0,32,0.0,,16.0,19,1,35.0,5,11.0,17,17.0,1,1.0,0,1.0,1,1.0,1.0,2
0,0,39,0.0,,4.0,26,2,30.0,5,11.0,17,18.0,1,2.0,2,2.0,0,0.0,1.0,2
0,0,32,0.0,,7.0,30,2,37.0,5,11.0,13,15.0,1,1.0,1,0.0,0,0.0,1.0,2
0,1,32,0.0,2.0,5.0,30,1,35.0,5,11.0,16,16.0,1,0.0,0,2.0,0,0.0,1.0,2
0,0,61,0.0,,8.0,27,4,35.0,5,63.0,15,15.0,2,0.0,1,0.0,0,0.0,2.0,2
0,4,39,1.0,2.0,12.0,33,3,45.0,5,11.0,21,15.0,1,0.0,0,5.0,0,1.0,1.0,2
0,0,3,0.0,,3.0,20,4,23.0,5,11.0,14,14.0,1,0.0,0,1.0,0,0.0,1.0,2
0,0,5,0.0,,7.0,20,2,27.0,5,11.0,15,15.0,1,0.0,0,0.0,1,0.0,1.0,2
0,4,47,0.0,,15.0,35,2,50.0,5,11.0,16,15.0,1,1.0,0,3.0,0,0.0,1.0,2
0,0,32,0.0,,22.0,20,4,42.0,5,11.0,18,18.0,2,1.0,1,0.0,0,1.0,1.0,2
0,1,32,0.0,,4.0,26,4,30.0,5,11.0,13,13.0,1,1.0,0,1.0,0,0.0,1.0,2
0,1,95,0.0,,12.0,35,2,47.0,5,66.0,14,15.0,1,0.0,0,0.0,3,0.0,2.0,2
0,0,202,0.0,,9.0,44,3,53.0,6,71.0,31,17.0,3,1.0,1,0.0,0,0.0,1.0,1
1,0,216,,0.0,,26,5,,6,,20,14.0,3,,2,1.0,0,,,1
0,0,216,1.0,,6.0,21,2,27.0,6,33.0,20,18.0,4,2.0,2,0.0,0,0.0,1.0,1
1,2,199,0.0,,10.0,30,1,40.0,6,75.0,18,18.0,3,2.0,1,1.0,0,0.0,2.0,1
1,4,216,0.0,2.0,3.0,28,2,31.0,6,34.0,19,20.0,4,2.0,2,0.0,0,,2.0,1
0,3,107,0.0,2.0,7.0,21,2,28.0,6,62.0,21,16.0,4,2.0,2,0.0,0,0.0,1.0,1
0,0,202,,1.0,,47,2,,6,,18,13.0,3,,1,1.0,0,,,1
1,0,216,0.0,0.0,13.0,49,1,62.0,6,11.0,19,16.0,4,2.0,2,0.0,0,0.0,1.0,1
1,1,202,0.0,0.0,,27,1,,6,,14,16.0,3,,1,0.0,0,,,1
0,0,31,0.0,,8.0,28,2,36.0,7,41.0,16,15.0,4,2.0,0,0.0,0,0.0,1.0,1
0,2,32,0.0,,20.0,45,4,65.0,7,11.0,14,14.0,3,0.0,0,0.0,0,0.0,1.0,1
0,0,47,0.0,,9.0,33,1,42.0,7,62.0,15,15.0,2,1.0,1,0.0,0,0.0,1.0,1
1,2,47,0.0,2.0,7.0,18,1,25.0,7,54.0,17,17.0,3,2.0,2,1.0,0,0.0,1.0,1
0,0,238,0.0,,24.0,36,4,60.0,7,62.0,15,14.0,2,0.0,0,0.0,0,0.0,1.0,1
0,0,61,0.0,,7.0,48,4,55.0,7,62.0,10,14.0,4,1.0,0,0.0,0,0.0,1.0,1
1,4,49,0.0,,9.0,26,2,35.0,7,77.0,17,17.0,3,2.0,1,0.0,0,0.0,1.0,1
0,0,3,0.0,,7.0,30,4,37.0,7,78.0,25,25.0,5,0.0,1,0.0,0,0.0,1.0,1
0,2,47,0.0,,3.0,37,1,40.0,7,33.0,19,19.0,4,2.0,2,0.0,0,0.0,1.0,1
1,1,3,,,47.0,28,4,75.0,7,0.0,16,16.0,4,0.0,0,0.0,3,0.0,2.0,1
0,0,4,0.0,,,27,4,,7,,20,18.0,3,,0,0.0,0,,,1
0,1,33,0.0,1.0,4.0,28,1,32.0,7,96.0,24,12.0,3,3.0,1,2.0,0,0.0,1.0,1
1,0,33,0.0,,2.0,31,1,33.0,5,11.0,23,14.0,1,1.0,1,0.0,0,0.0,1.0,2
0,4,3,0.0,,18.0,28,4,46.0,5,62.0,16,14.0,3,1.0,1,5.0,0,2.0,1.0,2
1,0,3,0.0,,,45,4,,5,,17,16.0,2,,1,0.0,0,,,2
0,3,35,0.0,1.0,19.0,42,2,61.0,5,11.0,14,15.0,1,1.0,0,5.0,0,0.0,1.0,2
0,3,996,0.0,2.0,10.0,30,4,40.0,5,62.0,12,13.0,2,1.0,1,5.0,0,0.0,1.0,2
1,4,3,0.0,,12.0,25,4,37.0,5,82.0,15,,5,2.0,2,0.0,0,0.0,1.0,2
0,0,40,1.0,,11.0,38,1,49.0,5,62.0,20,19.0,2,1.0,1,0.0,0,2.0,1.0,2
1,1,996,0.0,2.0,8.0,20,1,28.0,5,11.0,13,14.0,1,1.0,0,0.0,0,0.0,1.0,2
0,3,13,0.0,,20.0,22,4,42.0,5,62.0,19,19.0,2,1.0,1,2.0,0,1.0,1.0,2
1,0,996,1.0,1.0,10.0,35,5,45.0,5,11.0,18,18.0,1,0.0,0,0.0,1,0.0,1.0,2
0,0,33,0.0,1.0,7.0,30,1,37.0,5,11.0,16,16.0,1,1.0,0,5.0,0,0.0,1.0,2
0,3,40,0.0,,,34,4,,5,,14,,1,,0,0.0,0,,,2
0,0,33,0.0,,6.0,29,4,35.0,5,62.0,16,16.0,3,1.0,0,0.0,0,0.0,1.0,2
0,0,35,0.0,2.0,,46,1,,5,,16,15.0,3,,0,0.0,0,,,2
1,1,245,1.0,2.0,3.0,30,1,33.0,10,72.0,22,14.0,4,,2,2.0,0,0.0,1.0,1
0,3,245,0.0,,3.0,35,2,38.0,10,24.0,32,14.0,4,2.0,2,1.0,0,0.0,1.0,1
1,2,245,0.0,2.0,1.0,32,2,33.0,10,66.0,20,14.0,4,2.0,2,0.0,0,0.0,1.0,1
0,1,245,0.0,2.0,2.0,30,2,32.0,10,66.0,20,19.0,5,2.0,2,1.0,0,0.0,1.0,1
0,0,245,0.0,,23.0,42,2,65.0,10,73.0,10,16.0,5,2.0,2,0.0,0,0.0,1.0,1
1,1,245,0.0,1.0,12.0,42,2,54.0,10,11.0,12,13.0,4,2.0,2,1.0,0,0.0,1.0,1
1,2,245,1.0,2.0,1.0,23,1,24.0,10,54.0,14,13.0,4,2.0,2,0.0,0,0.0,1.0,1
1,3,245,0.0,,9.0,21,2,30.0,10,33.0,19,17.0,4,3.0,2,0.0,0,0.0,1.0,1
0,0,237,0.0,,17.0,33,1,50.0,10,11.0,30,13.0,4,2.0,2,0.0,0,0.0,1.0,1
1,4,188,0.0,,10.0,28,4,38.0,9,62.0,23,16.0,5,2.0,2,0.0,0,0.0,1.0,1
0,5,189,0.0,,,37,1,,9,,33,15.0,2,,1,0.0,0,,,1
1,3,144,1.0,2.0,6.0,26,1,32.0,9,62.0,20,19.0,4,3.0,1,0.0,1,0.0,1.0,1
0,0,168,0.0,2.0,5.0,28,1,33.0,9,33.0,24,18.0,5,2.0,3,0.0,0,0.0,1.0,1
0,3,173,0.0,2.0,14.0,26,2,40.0,9,66.0,25,20.0,5,2.0,2,0.0,2,0.0,1.0,1
0,5,89,0.0,,5.0,34,4,39.0,9,32.0,33,14.0,3,0.0,0,5.0,0,1.0,1.0,1
0,1,176,0.0,,11.0,24,4,35.0,9,62.0,17,16.0,3,2.0,1,0.0,0,1.0,1.0,1
0,0,202,1.0,,11.0,42,1,53.0,9,82.0,18,18.0,4,1.0,1,0.0,1,0.0,1.0,1
0,0,202,0.0,2.0,15.0,42,1,57.0,3,66.0,22,24.0,5,1.0,1,5.0,0,0.0,1.0,1
0,0,193,0.0,2.0,12.0,30,2,42.0,3,73.0,19,16.0,5,2.0,2,0.0,0,0.0,1.0,1
0,0,202,1.0,0.0,2.0,40,2,42.0,3,77.0,23,18.0,3,2.0,1,0.0,2,0.0,2.0,1
1,0,190,0.0,0.0,11.0,40,3,51.0,3,72.0,31,16.0,4,2.0,2,1.0,2,0.0,1.0,1
0,0,190,0.0,,14.0,37,1,51.0,3,62.0,18,18.0,5,2.0,2,0.0,0,0.0,1.0,1
1,3,189,0.0,2.0,12.0,49,1,61.0,3,77.0,18,18.0,3,1.0,1,0.0,3,0.0,2.0,1
1,4,190,1.0,1.0,,27,1,,3,,24,17.0,5,,2,0.0,0,,,1
0,0,190,0.0,2.0,1.0,33,1,34.0,3,66.0,13,17.0,5,1.0,2,0.0,0,0.0,1.0,1
1,4,62,0.0,2.0,4.0,40,4,44.0,1,24.0,15,15.0,4,3.0,0,2.0,0,0.0,1.0,1
0,0,62,0.0,,,28,2,,1,,20,20.0,3,,2,0.0,0,,,1
0,1,103,0.0,,1.0,44,4,45.0,1,62.0,26,20.0,3,0.0,0,0.0,0,0.0,1.0,1
0,0,185,0.0,2.0,13.0,42,1,55.0,1,62.0,13,13.0,5,2.0,2,0.0,0,0.0,1.0,1
0,2,89,0.0,,,47,4,,1,,17,16.0,5,,2,0.0,0,,,1
1,2,62,0.0,2.0,3.0,25,2,28.0,1,72.0,18,18.0,4,2.0,2,1.0,0,0.0,1.0,1
0,1,3,0.0,,11.0,34,4,45.0,1,62.0,15,15.0,4,1.0,1,0.0,0,0.0,1.0,1
1,3,62,0.0,2.0,4.0,38,4,42.0,1,62.0,14,14.0,4,2.0,2,3.0,0,0.0,1.0,1
0,1,202,0.0,2.0,11.0,26,1,37.0,3,62.0,24,,5,2.0,2,0.0,1,0.0,1.0,1
0,2,245,0.0,2.0,1.0,47,3,48.0,3,24.0,38,13.0,4,2.0,2,1.0,1,0.0,2.0,1
1,3,193,0.0,2.0,4.0,30,1,34.0,3,73.0,21,17.0,4,,2,1.0,0,0.0,1.0,1
0,1,202,0.0,,3.0,31,1,34.0,3,77.0,24,20.0,4,2.0,2,0.0,0,0.0,1.0,1
0,4,202,0.0,2.0,13.0,40,1,53.0,3,33.0,23,17.0,5,3.0,3,0.0,2,0.0,2.0,1
1,3,244,0.0,2.0,7.0,39,1,46.0,3,21.0,24,16.0,5,3.0,2,0.0,3,0.0,2.0,1
0,0,176,0.0,,2.0,19,4,21.0,10,66.0,16,16.0,3,2.0,2,0.0,0,0.0,1.0,1
1,3,245,0.0,1.0,,34,1,,10,,19,16.0,4,,2,1.0,0,,,1
0,5,188,,,10.0,19,1,29.0,10,42.0,12,11.0,3,2.0,2,0.0,0,0.0,1.0,1
0,1,245,0.0,,10.0,48,1,58.0,10,36.0,14,15.0,5,2.0,2,0.0,0,0.0,1.0,1
0,0,245,0.0,,8.0,23,3,31.0,10,14.0,14,15.0,3,0.0,0,0.0,0,0.0,1.0,1
1,4,245,,2.0,5.0,20,3,25.0,10,46.0,19,13.0,3,,1,4.0,0,0.0,1.0,1
0,0,245,0.0,,7.0,31,2,38.0,10,73.0,23,22.0,4,3.0,3,0.0,0,0.0,2.0,1
0,1,202,,1.0,,34,3,,10,,16,16.0,3,,2,0.0,0,,,1
1,3,245,0.0,1.0,5.0,37,2,42.0,10,66.0,24,22.0,4,2.0,3,0.0,3,0.0,2.0,1
0,0,248,0.0,,9.0,33,1,42.0,10,44.0,19,16.0,3,2.0,2,0.0,0,0.0,1.0,1
0,0,996,0.0,2.0,8.0,32,3,40.0,6,13.0,19,16.0,3,0.0,0,,0,0.0,1.0,2
0,0,261,,2.0,20.0,42,3,62.0,6,13.0,18,17.0,3,1.0,1,0.0,1,0.0,1.0,2
0,0,996,0.0,,2.0,38,3,40.0,6,13.0,34,,3,2.0,1,0.0,0,0.0,1.0,2
0,0,261,0.0,2.0,12.0,35,3,47.0,6,13.0,15,16.0,2,0.0,0,0.0,0,0.0,1.0,2
0,0,261,0.0,2.0,11.0,29,2,40.0,6,72.0,20,17.0,2,2.0,1,0.0,0,0.0,1.0,2
1,4,208,0.0,2.0,1.0,39,1,40.0,6,13.0,35,14.0,3,0.0,1,0.0,1,0.0,1.0,2
0,0,199,0.0,,11.0,31,2,42.0,6,11.0,21,18.0,3,1.0,2,0.0,0,0.0,1.0,2
0,0,4,0.0,,2.0,36,4,38.0,6,13.0,18,16.0,2,0.0,1,0.0,3,0.0,2.0,2
1,2,232,1.0,0.0,2.0,29,3,31.0,3,96.0,28,19.0,5,2.0,2,0.0,0,0.0,1.0,1
0,1,261,0.0,2.0,9.0,26,1,35.0,3,96.0,17,16.0,5,2.0,2,0.0,0,0.0,1.0,1
0,3,202,0.0,,8.0,24,1,32.0,3,62.0,24,20.0,5,1.0,2,0.0,0,0.0,1.0,1
0,2,236,0.0,,4.0,37,1,41.0,3,42.0,29,17.0,5,2.0,2,0.0,1,0.0,1.0,1
0,0,176,0.0,,10.0,22,4,32.0,3,33.0,21,17.0,5,2.0,2,0.0,0,0.0,1.0,1
0,0,47,0.0,,33.0,35,2,68.0,5,11.0,15,15.0,1,0.0,0,2.0,0,0.0,1.0,2
0,0,47,0.0,,1.0,25,4,26.0,5,66.0,16,15.0,2,1.0,0,5.0,1,0.0,1.0,2
0,0,33,0.0,,23.0,35,4,58.0,5,72.0,16,15.0,1,1.0,1,5.0,1,0.0,1.0,2
0,1,5,0.0,,12.0,40,4,52.0,5,62.0,15,14.0,1,0.0,0,0.0,0,0.0,1.0,2
0,0,101,0.0,2.0,7.0,23,1,30.0,5,11.0,15,15.0,1,1.0,1,4.0,0,0.0,1.0,2
0,0,47,0.0,0.0,7.0,27,1,34.0,5,11.0,12,13.0,1,2.0,1,2.0,0,0.0,1.0,2
0,2,47,0.0,,10.0,45,2,55.0,5,11.0,20,18.0,1,0.0,0,2.0,0,0.0,1.0,2
0,1,3,0.0,,12.0,25,4,37.0,5,62.0,15,17.0,1,0.0,1,0.0,0,0.0,2.0,2
0,0,3,0.0,,7.0,15,4,22.0,5,66.0,12,12.0,2,0.0,0,0.0,0,0.0,1.0,2
0,0,88,0.0,,,33,2,,5,,16,16.0,1,,0,0.0,0,,,2
0,0,3,0.0,,6.0,19,4,25.0,5,11.0,15,15.0,2,0.0,0,5.0,0,0.0,1.0,2
0,3,202,0.0,0.0,13.0,47,7,60.0,6,66.0,16,16.0,4,1.0,2,2.0,1,,1.0,1
0,4,228,,0.0,20.0,43,2,63.0,6,42.0,18,15.0,5,3.0,2,0.0,2,1.0,2.0,1
0,1,202,0.0,1.0,9.0,33,2,42.0,6,11.0,29,18.0,3,1.0,2,0.0,0,0.0,1.0,1
0,0,202,0.0,2.0,4.0,26,1,30.0,6,33.0,22,20.0,5,2.0,2,0.0,0,0.0,1.0,1
1,0,199,1.0,2.0,7.0,23,1,30.0,6,66.0,18,16.0,4,2.0,2,0.0,0,0.0,1.0,1
0,3,199,1.0,0.0,,37,1,,6,,25,25.0,2,,1,1.0,0,,,1
0,2,202,0.0,2.0,8.0,26,2,34.0,6,66.0,18,19.0,4,1.0,1,0.0,0,0.0,1.0,1
0,1,202,1.0,0.0,6.0,43,2,49.0,6,76.0,18,19.0,5,2.0,2,2.0,0,,1.0,1
0,0,202,1.0,1.0,5.0,30,1,35.0,6,62.0,20,20.0,4,1.0,2,0.0,1,0.0,1.0,1
1,2,202,,,5.0,28,2,33.0,6,62.0,17,16.0,4,1.0,2,0.0,0,0.0,1.0,1
0,1,177,0.0,0.0,8.0,27,1,35.0,6,62.0,21,22.0,5,3.0,3,0.0,0,0.0,2.0,1
0,0,101,0.0,,-1.0,23,2,22.0,7,11.0,20,20.0,1,1.0,0,0.0,0,0.0,1.0,2
0,1,996,1.0,,22.0,45,4,67.0,7,11.0,17,13.0,4,0.0,0,0.0,0,0.0,1.0,2
1,3,101,0.0,1.0,19.0,49,7,68.0,7,11.0,20,20.0,1,0.0,0,0.0,0,2.0,1.0,2
1,0,14,0.0,,7.0,17,4,24.0,7,53.0,14,13.0,3,1.0,0,5.0,0,0.0,1.0,2
1,2,101,1.0,0.0,7.0,35,7,42.0,7,11.0,17,20.0,1,1.0,1,0.0,0,0.0,1.0,2
0,1,18,0.0,,29.0,31,4,60.0,7,62.0,21,21.0,4,1.0,0,3.0,0,1.0,1.0,2
0,1,14,0.0,,12.0,28,4,40.0,7,62.0,13,14.0,3,0.0,0,0.0,0,1.0,1.0,2
0,0,77,0.0,,12.0,17,4,29.0,7,62.0,16,16.0,3,1.0,0,0.0,0,0.0,1.0,2
0,0,3,0.0,,6.0,19,4,25.0,7,12.0,13,13.0,1,0.0,0,0.0,0,0.0,1.0,2
1,4,31,0.0,2.0,11.0,21,1,32.0,7,62.0,15,16.0,4,2.0,0,0.0,0,2.0,2.0,2
1,5,33,0.0,,,25,4,,7,,18,18.0,3,,1,0.0,0,,,2
0,1,5,0.0,,9.0,25,4,34.0,7,66.0,22,22.0,2,1.0,1,0.0,0,0.0,1.0,2
0,1,101,0.0,,-1.0,31,7,30.0,7,62.0,17,15.0,1,1.0,0,0.0,0,0.0,1.0,2
0,1,996,0.0,,14.0,20,4,34.0,7,66.0,16,16.0,3,2.0,1,0.0,0,0.0,1.0,2
1,0,101,0.0,1.0,28.0,37,2,65.0,7,11.0,18,18.0,1,2.0,0,0.0,0,2.0,1.0,2
0,0,3,0.0,,10.0,25,4,35.0,7,11.0,22,22.0,3,1.0,1,0.0,0,0.0,1.0,2
0,0,996,0.0,2.0,6.0,18,5,24.0,7,11.0,15,15.0,1,1.0,0,3.0,0,1.0,1.0,2
0,0,14,0.0,,,45,7,,7,,21,,1,,0,0.0,0,,,2
1,0,14,0.0,,12.0,23,4,35.0,7,11.0,14,15.0,1,0.0,0,3.0,0,0.0,1.0,2
1,2,14,0.0,,,22,2,,7,,19,20.0,1,,2,1.0,0,,,2
0,0,14,0.0,,13.0,22,4,35.0,7,11.0,20,20.0,2,1.0,0,0.0,0,0.0,1.0,2
0,0,14,0.0,,13.0,28,4,41.0,7,11.0,17,17.0,2,0.0,1,1.0,0,1.0,1.0,2
0,0,14,0.0,,14.0,23,4,37.0,7,11.0,15,16.0,1,0.0,0,0.0,0,0.0,1.0,2
0,0,3,0.0,,10.0,26,4,36.0,7,11.0,14,14.0,2,1.0,0,0.0,0,1.0,1.0,2
0,0,14,0.0,,13.0,27,4,40.0,7,11.0,13,13.0,2,2.0,0,4.0,0,0.0,1.0,2
0,0,14,0.0,,28.0,17,4,45.0,7,11.0,16,16.0,1,0.0,0,3.0,0,1.0,1.0,2
0,0,14,0.0,,13.0,34,2,47.0,7,11.0,15,15.0,1,0.0,0,0.0,0,0.0,1.0,2
0,0,14,0.0,,22.0,28,5,50.0,7,11.0,16,15.0,1,0.0,0,5.0,0,2.0,1.0,2
0,0,14,0.0,,41.0,29,4,70.0,7,11.0,17,17.0,1,0.0,0,0.0,0,1.0,1.0,2
0,1,14,0.0,,10.0,20,4,30.0,7,11.0,15,14.0,1,0.0,0,0.0,0,0.0,2.0,2
0,0,14,0.0,,7.0,19,4,26.0,7,11.0,18,18.0,1,0.0,0,0.0,0,0.0,1.0,2
0,1,14,0.0,,25.0,40,4,65.0,7,11.0,15,15.0,2,0.0,0,0.0,0,1.0,1.0,2
0,0,14,0.0,,11.0,25,2,36.0,7,11.0,17,15.0,1,1.0,0,0.0,0,0.0,1.0,2
